_ObjectName,_SourceFile,_Script,_ScriptGUID,_ScriptFileID,MonoBehaviour.angle,MonoBehaviour.blendMode,MonoBehaviour.cornerColorLowerLeft,MonoBehaviour.cornerColorLowerRight,MonoBehaviour.cornerColorUpperLeft,MonoBehaviour.cornerColorUpperRight,MonoBehaviour.gradientType,MonoBehaviour.intensity,MonoBehaviour.linearColor1,MonoBehaviour.linearColor2,MonoBehaviour.linearGradient.atime0,MonoBehaviour.linearGradient.atime1,MonoBehaviour.linearGradient.atime2,MonoBehaviour.linearGradient.atime3,MonoBehaviour.linearGradient.atime4,MonoBehaviour.linearGradient.atime5,MonoBehaviour.linearGradient.atime6,MonoBehaviour.linearGradient.atime7,MonoBehaviour.linearGradient.ctime0,MonoBehaviour.linearGradient.ctime1,MonoBehaviour.linearGradient.ctime2,MonoBehaviour.linearGradient.ctime3,MonoBehaviour.linearGradient.ctime4,MonoBehaviour.linearGradient.ctime5,MonoBehaviour.linearGradient.ctime6,MonoBehaviour.linearGradient.ctime7,MonoBehaviour.linearGradient.key0,MonoBehaviour.linearGradient.key1,MonoBehaviour.linearGradient.key2,MonoBehaviour.linearGradient.key3,MonoBehaviour.linearGradient.key4,MonoBehaviour.linearGradient.key5,MonoBehaviour.linearGradient.key6,MonoBehaviour.linearGradient.key7,MonoBehaviour.linearGradient.m_ColorSpace,MonoBehaviour.linearGradient.m_Mode,MonoBehaviour.linearGradient.m_NumAlphaKeys,MonoBehaviour.linearGradient.m_NumColorKeys,MonoBehaviour.linearGradient.serializedVersion,MonoBehaviour.m_CorrespondingSourceObject,MonoBehaviour.m_CorrespondingSourceObject_fileID,MonoBehaviour.m_EditorHideFlags,MonoBehaviour.m_Enabled,MonoBehaviour.m_GameObject,MonoBehaviour.m_GameObject_fileID,MonoBehaviour.m_ObjectHideFlags,MonoBehaviour.m_PrefabAsset,MonoBehaviour.m_PrefabAsset_fileID,MonoBehaviour.m_PrefabInstance,MonoBehaviour.m_PrefabInstance_fileID,MonoBehaviour.m_Script,MonoBehaviour.m_Script_fileID,MonoBehaviour.m_Script_guid
LevelManager,Assets/GameObject/LevelManager.prefab,1771844f66abe677a32d54ceab8db201,1771844f66abe677a32d54ceab8db201,11500000,0,0,"{r: 0, g: 0, b: 1, a: 1}","{r: 0, g: 1, b: 0, a: 1}","{r: 1, g: 0, b: 0, a: 1}","{r: 1, g: 0.92156863, b: 0.015686275, a: 1}",0,1,"{r: 0.9725491, g: 0.9490197, b: 0.9176471, a: 1}","{r: 0.9725491, g: 0.9490197, b: 0.9176471, a: 0}",0,65535,0,0,0,0,0,0,0,32768,65535,0,0,0,0,0,"{r: 0.5137255, g: 0.227451, b: 0.7058824, a: 1}","{r: 0.9921569, g: 0.1137255, b: 0.1137255, a: 1}","{r: 0.9882353, g: 0.6901961, b: 0.2705882, a: 0}","{r: 0, g: 0, b: 0, a: 0}","{r: 0, g: 0, b: 0, a: 0}","{r: 0, g: 0, b: 0, a: 0}","{r: 0, g: 0, b: 0, a: 0}","{r: 0, g: 0, b: 0, a: 0}",-1,0,2,3,2,{fileID: 0},0,0,1,{fileID: 1043380473764106},1043380473764106,0,{fileID: 0},0,{fileID: 0},0,"{fileID: 11500000, guid: 1771844f66abe677a32d54ceab8db201, type: 3}",11500000,1771844f66abe677a32d54ceab8db201
LevelManager,Assets/GameObject/LevelManager.prefab,1771844f66abe677a32d54ceab8db201,1771844f66abe677a32d54ceab8db201,11500000,180,0,"{r: 0, g: 0, b: 1, a: 1}","{r: 0, g: 1, b: 0, a: 1}","{r: 1, g: 0, b: 0, a: 1}","{r: 1, g: 0.92156863, b: 0.015686275, a: 1}",0,1,"{r: 0.9725491, g: 0.9490197, b: 0.9176471, a: 1}","{r: 0.9725491, g: 0.9490197, b: 0.9176471, a: 0}",0,65535,0,0,0,0,0,0,0,32768,65535,0,0,0,0,0,"{r: 0.5137255, g: 0.227451, b: 0.7058824, a: 1}","{r: 0.9921569, g: 0.1137255, b: 0.1137255, a: 1}","{r: 0.9882353, g: 0.6901961, b: 0.2705882, a: 0}","{r: 0, g: 0, b: 0, a: 0}","{r: 0, g: 0, b: 0, a: 0}","{r: 0, g: 0, b: 0, a: 0}","{r: 0, g: 0, b: 0, a: 0}","{r: 0, g: 0, b: 0, a: 0}",-1,0,2,3,2,{fileID: 0},0,0,1,{fileID: 1187159533796342},1187159533796342,0,{fileID: 0},0,{fileID: 0},0,"{fileID: 11500000, guid: 1771844f66abe677a32d54ceab8db201, type: 3}",11500000,1771844f66abe677a32d54ceab8db201
LevelManager,Assets/GameObject/LevelManager.prefab,1771844f66abe677a32d54ceab8db201,1771844f66abe677a32d54ceab8db201,11500000,0,0,"{r: 0, g: 0, b: 1, a: 1}","{r: 0, g: 1, b: 0, a: 1}","{r: 1, g: 0, b: 0, a: 1}","{r: 1, g: 0.92156863, b: 0.015686275, a: 1}",0,1,"{r: 0.9725491, g: 0.9490197, b: 0.9176471, a: 1}","{r: 0.9725491, g: 0.9490197, b: 0.9176471, a: 0}",0,65535,0,0,0,0,0,0,0,32768,65535,0,0,0,0,0,"{r: 0.5137255, g: 0.227451, b: 0.7058824, a: 1}","{r: 0.9921569, g: 0.1137255, b: 0.1137255, a: 1}","{r: 0.9882353, g: 0.6901961, b: 0.2705882, a: 0}","{r: 0, g: 0, b: 0, a: 0}","{r: 0, g: 0, b: 0, a: 0}","{r: 0, g: 0, b: 0, a: 0}","{r: 0, g: 0, b: 0, a: 0}","{r: 0, g: 0, b: 0, a: 0}",-1,0,2,3,2,{fileID: 0},0,0,1,{fileID: 1382237701220237},1382237701220237,0,{fileID: 0},0,{fileID: 0},0,"{fileID: 11500000, guid: 1771844f66abe677a32d54ceab8db201, type: 3}",11500000,1771844f66abe677a32d54ceab8db201
LevelManager,Assets/GameObject/LevelManager.prefab,1771844f66abe677a32d54ceab8db201,1771844f66abe677a32d54ceab8db201,11500000,180,0,"{r: 0, g: 0, b: 1, a: 1}","{r: 0, g: 1, b: 0, a: 1}","{r: 1, g: 0, b: 0, a: 1}","{r: 1, g: 0.92156863, b: 0.015686275, a: 1}",0,1,"{r: 0.9725491, g: 0.9490197, b: 0.9176471, a: 1}","{r: 0.9725491, g: 0.9490197, b: 0.9176471, a: 0}",0,65535,0,0,0,0,0,0,0,32768,65535,0,0,0,0,0,"{r: 0.5137255, g: 0.227451, b: 0.7058824, a: 1}","{r: 0.9921569, g: 0.1137255, b: 0.1137255, a: 1}","{r: 0.9882353, g: 0.6901961, b: 0.2705882, a: 0}","{r: 0, g: 0, b: 0, a: 0}","{r: 0, g: 0, b: 0, a: 0}","{r: 0, g: 0, b: 0, a: 0}","{r: 0, g: 0, b: 0, a: 0}","{r: 0, g: 0, b: 0, a: 0}",-1,0,2,3,2,{fileID: 0},0,0,1,{fileID: 1703008485907434},1703008485907434,0,{fileID: 0},0,{fileID: 0},0,"{fileID: 11500000, guid: 1771844f66abe677a32d54ceab8db201, type: 3}",11500000,1771844f66abe677a32d54ceab8db201
LevelManager,Assets/GameObject/LevelManager.prefab,1771844f66abe677a32d54ceab8db201,1771844f66abe677a32d54ceab8db201,11500000,0,0,"{r: 0, g: 0, b: 1, a: 1}","{r: 0, g: 1, b: 0, a: 1}","{r: 1, g: 0, b: 0, a: 1}","{r: 1, g: 0.92156863, b: 0.015686275, a: 1}",0,1,"{r: 0.9725491, g: 0.9490197, b: 0.9176471, a: 1}","{r: 0.9725491, g: 0.9490197, b: 0.9176471, a: 0}",0,65535,0,0,0,0,0,0,0,32768,65535,0,0,0,0,0,"{r: 0.5137255, g: 0.227451, b: 0.7058824, a: 1}","{r: 0.9921569, g: 0.1137255, b: 0.1137255, a: 1}","{r: 0.9882353, g: 0.6901961, b: 0.2705882, a: 0}","{r: 0, g: 0, b: 0, a: 0}","{r: 0, g: 0, b: 0, a: 0}","{r: 0, g: 0, b: 0, a: 0}","{r: 0, g: 0, b: 0, a: 0}","{r: 0, g: 0, b: 0, a: 0}",-1,0,2,3,2,{fileID: 0},0,0,1,{fileID: 1896589337508790},1896589337508790,0,{fileID: 0},0,{fileID: 0},0,"{fileID: 11500000, guid: 1771844f66abe677a32d54ceab8db201, type: 3}",11500000,1771844f66abe677a32d54ceab8db201
LevelManager,Assets/GameObject/LevelManager.prefab,1771844f66abe677a32d54ceab8db201,1771844f66abe677a32d54ceab8db201,11500000,180,0,"{r: 0, g: 0, b: 1, a: 1}","{r: 0, g: 1, b: 0, a: 1}","{r: 1, g: 0, b: 0, a: 1}","{r: 1, g: 0.92156863, b: 0.015686275, a: 1}",0,1,"{r: 0.9725491, g: 0.9490197, b: 0.9176471, a: 1}","{r: 0.9725491, g: 0.9490197, b: 0.9176471, a: 0}",0,65535,0,0,0,0,0,0,0,32768,65535,0,0,0,0,0,"{r: 0.5137255, g: 0.227451, b: 0.7058824, a: 1}","{r: 0.9921569, g: 0.1137255, b: 0.1137255, a: 1}","{r: 0.9882353, g: 0.6901961, b: 0.2705882, a: 0}","{r: 0, g: 0, b: 0, a: 0}","{r: 0, g: 0, b: 0, a: 0}","{r: 0, g: 0, b: 0, a: 0}","{r: 0, g: 0, b: 0, a: 0}","{r: 0, g: 0, b: 0, a: 0}",-1,0,2,3,2,{fileID: 0},0,0,1,{fileID: 1428801055953039},1428801055953039,0,{fileID: 0},0,{fileID: 0},0,"{fileID: 11500000, guid: 1771844f66abe677a32d54ceab8db201, type: 3}",11500000,1771844f66abe677a32d54ceab8db201
LevelManager,Assets/GameObject/LevelManager.prefab,1771844f66abe677a32d54ceab8db201,1771844f66abe677a32d54ceab8db201,11500000,0,0,"{r: 0, g: 0, b: 1, a: 1}","{r: 0, g: 1, b: 0, a: 1}","{r: 1, g: 0, b: 0, a: 1}","{r: 1, g: 0.92156863, b: 0.015686275, a: 1}",0,1,"{r: 0.9725491, g: 0.9490197, b: 0.9176471, a: 1}","{r: 0.9725491, g: 0.9490197, b: 0.9176471, a: 0}",0,65535,0,0,0,0,0,0,0,32768,65535,0,0,0,0,0,"{r: 0.5137255, g: 0.227451, b: 0.7058824, a: 1}","{r: 0.9921569, g: 0.1137255, b: 0.1137255, a: 1}","{r: 0.9882353, g: 0.6901961, b: 0.2705882, a: 0}","{r: 0, g: 0, b: 0, a: 0}","{r: 0, g: 0, b: 0, a: 0}","{r: 0, g: 0, b: 0, a: 0}","{r: 0, g: 0, b: 0, a: 0}","{r: 0, g: 0, b: 0, a: 0}",-1,0,2,3,2,{fileID: 0},0,0,1,{fileID: 1227008387530123},1227008387530123,0,{fileID: 0},0,{fileID: 0},0,"{fileID: 11500000, guid: 1771844f66abe677a32d54ceab8db201, type: 3}",11500000,1771844f66abe677a32d54ceab8db201
LevelManager,Assets/GameObject/LevelManager.prefab,1771844f66abe677a32d54ceab8db201,1771844f66abe677a32d54ceab8db201,11500000,180,0,"{r: 0, g: 0, b: 1, a: 1}","{r: 0, g: 1, b: 0, a: 1}","{r: 1, g: 0, b: 0, a: 1}","{r: 1, g: 0.92156863, b: 0.015686275, a: 1}",0,1,"{r: 0.9725491, g: 0.9490197, b: 0.9176471, a: 1}","{r: 0.9725491, g: 0.9490197, b: 0.9176471, a: 0}",0,65535,0,0,0,0,0,0,0,32768,65535,0,0,0,0,0,"{r: 0.5137255, g: 0.227451, b: 0.7058824, a: 1}","{r: 0.9921569, g: 0.1137255, b: 0.1137255, a: 1}","{r: 0.9882353, g: 0.6901961, b: 0.2705882, a: 0}","{r: 0, g: 0, b: 0, a: 0}","{r: 0, g: 0, b: 0, a: 0}","{r: 0, g: 0, b: 0, a: 0}","{r: 0, g: 0, b: 0, a: 0}","{r: 0, g: 0, b: 0, a: 0}",-1,0,2,3,2,{fileID: 0},0,0,1,{fileID: 1851807618539720},1851807618539720,0,{fileID: 0},0,{fileID: 0},0,"{fileID: 11500000, guid: 1771844f66abe677a32d54ceab8db201, type: 3}",11500000,1771844f66abe677a32d54ceab8db201
LevelManager,Assets/GameObject/LevelManager.prefab,1771844f66abe677a32d54ceab8db201,1771844f66abe677a32d54ceab8db201,11500000,0,0,"{r: 0, g: 0, b: 1, a: 1}","{r: 0, g: 1, b: 0, a: 1}","{r: 1, g: 0, b: 0, a: 1}","{r: 1, g: 0.92156863, b: 0.015686275, a: 1}",0,1,"{r: 0.9725491, g: 0.9490197, b: 0.9176471, a: 1}","{r: 0.9725491, g: 0.9490197, b: 0.9176471, a: 0}",0,65535,0,0,0,0,0,0,0,32768,65535,0,0,0,0,0,"{r: 0.5137255, g: 0.227451, b: 0.7058824, a: 1}","{r: 0.9921569, g: 0.1137255, b: 0.1137255, a: 1}","{r: 0.9882353, g: 0.6901961, b: 0.2705882, a: 0}","{r: 0, g: 0, b: 0, a: 0}","{r: 0, g: 0, b: 0, a: 0}","{r: 0, g: 0, b: 0, a: 0}","{r: 0, g: 0, b: 0, a: 0}","{r: 0, g: 0, b: 0, a: 0}",-1,0,2,3,2,{fileID: 0},0,0,1,{fileID: 1594272707910663},1594272707910663,0,{fileID: 0},0,{fileID: 0},0,"{fileID: 11500000, guid: 1771844f66abe677a32d54ceab8db201, type: 3}",11500000,1771844f66abe677a32d54ceab8db201
LevelManager,Assets/GameObject/LevelManager.prefab,1771844f66abe677a32d54ceab8db201,1771844f66abe677a32d54ceab8db201,11500000,180,0,"{r: 0, g: 0, b: 1, a: 1}","{r: 0, g: 1, b: 0, a: 1}","{r: 1, g: 0, b: 0, a: 1}","{r: 1, g: 0.92156863, b: 0.015686275, a: 1}",0,1,"{r: 0.9725491, g: 0.9490197, b: 0.9176471, a: 1}","{r: 0.9725491, g: 0.9490197, b: 0.9176471, a: 0}",0,65535,0,0,0,0,0,0,0,32768,65535,0,0,0,0,0,"{r: 0.5137255, g: 0.227451, b: 0.7058824, a: 1}","{r: 0.9921569, g: 0.1137255, b: 0.1137255, a: 1}","{r: 0.9882353, g: 0.6901961, b: 0.2705882, a: 0}","{r: 0, g: 0, b: 0, a: 0}","{r: 0, g: 0, b: 0, a: 0}","{r: 0, g: 0, b: 0, a: 0}","{r: 0, g: 0, b: 0, a: 0}","{r: 0, g: 0, b: 0, a: 0}",-1,0,2,3,2,{fileID: 0},0,0,1,{fileID: 1522912401515895},1522912401515895,0,{fileID: 0},0,{fileID: 0},0,"{fileID: 11500000, guid: 1771844f66abe677a32d54ceab8db201, type: 3}",11500000,1771844f66abe677a32d54ceab8db201
LevelManager,Assets/GameObject/LevelManager.prefab,1771844f66abe677a32d54ceab8db201,1771844f66abe677a32d54ceab8db201,11500000,0,0,"{r: 0, g: 0, b: 1, a: 1}","{r: 0, g: 1, b: 0, a: 1}","{r: 1, g: 0, b: 0, a: 1}","{r: 1, g: 0.92156863, b: 0.015686275, a: 1}",0,1,"{r: 0.9725491, g: 0.9490197, b: 0.9176471, a: 1}","{r: 0.9725491, g: 0.9490197, b: 0.9176471, a: 0}",0,65535,0,0,0,0,0,0,0,32768,65535,0,0,0,0,0,"{r: 0.5137255, g: 0.227451, b: 0.7058824, a: 1}","{r: 0.9921569, g: 0.1137255, b: 0.1137255, a: 1}","{r: 0.9882353, g: 0.6901961, b: 0.2705882, a: 0}","{r: 0, g: 0, b: 0, a: 0}","{r: 0, g: 0, b: 0, a: 0}","{r: 0, g: 0, b: 0, a: 0}","{r: 0, g: 0, b: 0, a: 0}","{r: 0, g: 0, b: 0, a: 0}",-1,0,2,3,2,{fileID: 0},0,0,1,{fileID: 1116763305659733},1116763305659733,0,{fileID: 0},0,{fileID: 0},0,"{fileID: 11500000, guid: 1771844f66abe677a32d54ceab8db201, type: 3}",11500000,1771844f66abe677a32d54ceab8db201
LevelManager,Assets/GameObject/LevelManager.prefab,1771844f66abe677a32d54ceab8db201,1771844f66abe677a32d54ceab8db201,11500000,180,0,"{r: 0, g: 0, b: 1, a: 1}","{r: 0, g: 1, b: 0, a: 1}","{r: 1, g: 0, b: 0, a: 1}","{r: 1, g: 0.92156863, b: 0.015686275, a: 1}",0,1,"{r: 0.9725491, g: 0.9490197, b: 0.9176471, a: 1}","{r: 0.9725491, g: 0.9490197, b: 0.9176471, a: 0}",0,65535,0,0,0,0,0,0,0,32768,65535,0,0,0,0,0,"{r: 0.5137255, g: 0.227451, b: 0.7058824, a: 1}","{r: 0.9921569, g: 0.1137255, b: 0.1137255, a: 1}","{r: 0.9882353, g: 0.6901961, b: 0.2705882, a: 0}","{r: 0, g: 0, b: 0, a: 0}","{r: 0, g: 0, b: 0, a: 0}","{r: 0, g: 0, b: 0, a: 0}","{r: 0, g: 0, b: 0, a: 0}","{r: 0, g: 0, b: 0, a: 0}",-1,0,2,3,2,{fileID: 0},0,0,1,{fileID: 1059996188654406},1059996188654406,0,{fileID: 0},0,{fileID: 0},0,"{fileID: 11500000, guid: 1771844f66abe677a32d54ceab8db201, type: 3}",11500000,1771844f66abe677a32d54ceab8db201
LevelManager,Assets/GameObject/LevelManager.prefab,1771844f66abe677a32d54ceab8db201,1771844f66abe677a32d54ceab8db201,11500000,0,0,"{r: 0, g: 0, b: 1, a: 1}","{r: 0, g: 1, b: 0, a: 1}","{r: 1, g: 0, b: 0, a: 1}","{r: 1, g: 0.92156863, b: 0.015686275, a: 1}",0,1,"{r: 0.9725491, g: 0.9490197, b: 0.9176471, a: 1}","{r: 0.9725491, g: 0.9490197, b: 0.9176471, a: 0}",0,65535,0,0,0,0,0,0,0,32768,65535,0,0,0,0,0,"{r: 0.5137255, g: 0.227451, b: 0.7058824, a: 1}","{r: 0.9921569, g: 0.1137255, b: 0.1137255, a: 1}","{r: 0.9882353, g: 0.6901961, b: 0.2705882, a: 0}","{r: 0, g: 0, b: 0, a: 0}","{r: 0, g: 0, b: 0, a: 0}","{r: 0, g: 0, b: 0, a: 0}","{r: 0, g: 0, b: 0, a: 0}","{r: 0, g: 0, b: 0, a: 0}",-1,0,2,3,2,{fileID: 0},0,0,1,{fileID: 1939165668027143},1939165668027143,0,{fileID: 0},0,{fileID: 0},0,"{fileID: 11500000, guid: 1771844f66abe677a32d54ceab8db201, type: 3}",11500000,1771844f66abe677a32d54ceab8db201
LevelManager,Assets/GameObject/LevelManager.prefab,1771844f66abe677a32d54ceab8db201,1771844f66abe677a32d54ceab8db201,11500000,180,0,"{r: 0, g: 0, b: 1, a: 1}","{r: 0, g: 1, b: 0, a: 1}","{r: 1, g: 0, b: 0, a: 1}","{r: 1, g: 0.92156863, b: 0.015686275, a: 1}",0,1,"{r: 0.9725491, g: 0.9490197, b: 0.9176471, a: 1}","{r: 0.9725491, g: 0.9490197, b: 0.9176471, a: 0}",0,65535,0,0,0,0,0,0,0,32768,65535,0,0,0,0,0,"{r: 0.5137255, g: 0.227451, b: 0.7058824, a: 1}","{r: 0.9921569, g: 0.1137255, b: 0.1137255, a: 1}","{r: 0.9882353, g: 0.6901961, b: 0.2705882, a: 0}","{r: 0, g: 0, b: 0, a: 0}","{r: 0, g: 0, b: 0, a: 0}","{r: 0, g: 0, b: 0, a: 0}","{r: 0, g: 0, b: 0, a: 0}","{r: 0, g: 0, b: 0, a: 0}",-1,0,2,3,2,{fileID: 0},0,0,1,{fileID: 1891549586895932},1891549586895932,0,{fileID: 0},0,{fileID: 0},0,"{fileID: 11500000, guid: 1771844f66abe677a32d54ceab8db201, type: 3}",11500000,1771844f66abe677a32d54ceab8db201
LevelManager,Assets/GameObject/LevelManager.prefab,1771844f66abe677a32d54ceab8db201,1771844f66abe677a32d54ceab8db201,11500000,0,0,"{r: 0, g: 0, b: 1, a: 1}","{r: 0, g: 1, b: 0, a: 1}","{r: 1, g: 0, b: 0, a: 1}","{r: 1, g: 0.92156863, b: 0.015686275, a: 1}",0,1,"{r: 0.9725491, g: 0.9490197, b: 0.9176471, a: 1}","{r: 0.9725491, g: 0.9490197, b: 0.9176471, a: 0}",0,65535,0,0,0,0,0,0,0,32768,65535,0,0,0,0,0,"{r: 0.5137255, g: 0.227451, b: 0.7058824, a: 1}","{r: 0.9921569, g: 0.1137255, b: 0.1137255, a: 1}","{r: 0.9882353, g: 0.6901961, b: 0.2705882, a: 0}","{r: 0, g: 0, b: 0, a: 0}","{r: 0, g: 0, b: 0, a: 0}","{r: 0, g: 0, b: 0, a: 0}","{r: 0, g: 0, b: 0, a: 0}","{r: 0, g: 0, b: 0, a: 0}",-1,0,2,3,2,{fileID: 0},0,0,1,{fileID: 1465868469870310},1465868469870310,0,{fileID: 0},0,{fileID: 0},0,"{fileID: 11500000, guid: 1771844f66abe677a32d54ceab8db201, type: 3}",11500000,1771844f66abe677a32d54ceab8db201
LevelManager,Assets/GameObject/LevelManager.prefab,1771844f66abe677a32d54ceab8db201,1771844f66abe677a32d54ceab8db201,11500000,180,0,"{r: 0, g: 0, b: 1, a: 1}","{r: 0, g: 1, b: 0, a: 1}","{r: 1, g: 0, b: 0, a: 1}","{r: 1, g: 0.92156863, b: 0.015686275, a: 1}",0,1,"{r: 0.9725491, g: 0.9490197, b: 0.9176471, a: 1}","{r: 0.9725491, g: 0.9490197, b: 0.9176471, a: 0}",0,65535,0,0,0,0,0,0,0,32768,65535,0,0,0,0,0,"{r: 0.5137255, g: 0.227451, b: 0.7058824, a: 1}","{r: 0.9921569, g: 0.1137255, b: 0.1137255, a: 1}","{r: 0.9882353, g: 0.6901961, b: 0.2705882, a: 0}","{r: 0, g: 0, b: 0, a: 0}","{r: 0, g: 0, b: 0, a: 0}","{r: 0, g: 0, b: 0, a: 0}","{r: 0, g: 0, b: 0, a: 0}","{r: 0, g: 0, b: 0, a: 0}",-1,0,2,3,2,{fileID: 0},0,0,1,{fileID: 1194853403045011},1194853403045011,0,{fileID: 0},0,{fileID: 0},0,"{fileID: 11500000, guid: 1771844f66abe677a32d54ceab8db201, type: 3}",11500000,1771844f66abe677a32d54ceab8db201
LevelManager,Assets/GameObject/LevelManager.prefab,1771844f66abe677a32d54ceab8db201,1771844f66abe677a32d54ceab8db201,11500000,0,0,"{r: 0, g: 0, b: 1, a: 1}","{r: 0, g: 1, b: 0, a: 1}","{r: 1, g: 0, b: 0, a: 1}","{r: 1, g: 0.92156863, b: 0.015686275, a: 1}",0,1,"{r: 0.9725491, g: 0.9490197, b: 0.9176471, a: 1}","{r: 0.9725491, g: 0.9490197, b: 0.9176471, a: 0}",0,65535,0,0,0,0,0,0,0,32768,65535,0,0,0,0,0,"{r: 0.5137255, g: 0.227451, b: 0.7058824, a: 1}","{r: 0.9921569, g: 0.1137255, b: 0.1137255, a: 1}","{r: 0.9882353, g: 0.6901961, b: 0.2705882, a: 0}","{r: 0, g: 0, b: 0, a: 0}","{r: 0, g: 0, b: 0, a: 0}","{r: 0, g: 0, b: 0, a: 0}","{r: 0, g: 0, b: 0, a: 0}","{r: 0, g: 0, b: 0, a: 0}",-1,0,2,3,2,{fileID: 0},0,0,1,{fileID: 1392302769028385},1392302769028385,0,{fileID: 0},0,{fileID: 0},0,"{fileID: 11500000, guid: 1771844f66abe677a32d54ceab8db201, type: 3}",11500000,1771844f66abe677a32d54ceab8db201
LevelManager,Assets/GameObject/LevelManager.prefab,1771844f66abe677a32d54ceab8db201,1771844f66abe677a32d54ceab8db201,11500000,180,0,"{r: 0, g: 0, b: 1, a: 1}","{r: 0, g: 1, b: 0, a: 1}","{r: 1, g: 0, b: 0, a: 1}","{r: 1, g: 0.92156863, b: 0.015686275, a: 1}",0,1,"{r: 0.9725491, g: 0.9490197, b: 0.9176471, a: 1}","{r: 0.9725491, g: 0.9490197, b: 0.9176471, a: 0}",0,65535,0,0,0,0,0,0,0,32768,65535,0,0,0,0,0,"{r: 0.5137255, g: 0.227451, b: 0.7058824, a: 1}","{r: 0.9921569, g: 0.1137255, b: 0.1137255, a: 1}","{r: 0.9882353, g: 0.6901961, b: 0.2705882, a: 0}","{r: 0, g: 0, b: 0, a: 0}","{r: 0, g: 0, b: 0, a: 0}","{r: 0, g: 0, b: 0, a: 0}","{r: 0, g: 0, b: 0, a: 0}","{r: 0, g: 0, b: 0, a: 0}",-1,0,2,3,2,{fileID: 0},0,0,1,{fileID: 1828234205128441},1828234205128441,0,{fileID: 0},0,{fileID: 0},0,"{fileID: 11500000, guid: 1771844f66abe677a32d54ceab8db201, type: 3}",11500000,1771844f66abe677a32d54ceab8db201
LevelManager,Assets/GameObject/LevelManager.prefab,1771844f66abe677a32d54ceab8db201,1771844f66abe677a32d54ceab8db201,11500000,0,0,"{r: 0, g: 0, b: 1, a: 1}","{r: 0, g: 1, b: 0, a: 1}","{r: 1, g: 0, b: 0, a: 1}","{r: 1, g: 0.92156863, b: 0.015686275, a: 1}",0,1,"{r: 0.9725491, g: 0.9490197, b: 0.9176471, a: 1}","{r: 0.9725491, g: 0.9490197, b: 0.9176471, a: 0}",0,65535,0,0,0,0,0,0,0,32768,65535,0,0,0,0,0,"{r: 0.5137255, g: 0.227451, b: 0.7058824, a: 1}","{r: 0.9921569, g: 0.1137255, b: 0.1137255, a: 1}","{r: 0.9882353, g: 0.6901961, b: 0.2705882, a: 0}","{r: 0, g: 0, b: 0, a: 0}","{r: 0, g: 0, b: 0, a: 0}","{r: 0, g: 0, b: 0, a: 0}","{r: 0, g: 0, b: 0, a: 0}","{r: 0, g: 0, b: 0, a: 0}",-1,0,2,3,2,{fileID: 0},0,0,1,{fileID: 1703733172159419},1703733172159419,0,{fileID: 0},0,{fileID: 0},0,"{fileID: 11500000, guid: 1771844f66abe677a32d54ceab8db201, type: 3}",11500000,1771844f66abe677a32d54ceab8db201
LevelManager,Assets/GameObject/LevelManager.prefab,1771844f66abe677a32d54ceab8db201,1771844f66abe677a32d54ceab8db201,11500000,180,0,"{r: 0, g: 0, b: 1, a: 1}","{r: 0, g: 1, b: 0, a: 1}","{r: 1, g: 0, b: 0, a: 1}","{r: 1, g: 0.92156863, b: 0.015686275, a: 1}",0,1,"{r: 0.9725491, g: 0.9490197, b: 0.9176471, a: 1}","{r: 0.9725491, g: 0.9490197, b: 0.9176471, a: 0}",0,65535,0,0,0,0,0,0,0,32768,65535,0,0,0,0,0,"{r: 0.5137255, g: 0.227451, b: 0.7058824, a: 1}","{r: 0.9921569, g: 0.1137255, b: 0.1137255, a: 1}","{r: 0.9882353, g: 0.6901961, b: 0.2705882, a: 0}","{r: 0, g: 0, b: 0, a: 0}","{r: 0, g: 0, b: 0, a: 0}","{r: 0, g: 0, b: 0, a: 0}","{r: 0, g: 0, b: 0, a: 0}","{r: 0, g: 0, b: 0, a: 0}",-1,0,2,3,2,{fileID: 0},0,0,1,{fileID: 1544182201258936},1544182201258936,0,{fileID: 0},0,{fileID: 0},0,"{fileID: 11500000, guid: 1771844f66abe677a32d54ceab8db201, type: 3}",11500000,1771844f66abe677a32d54ceab8db201
LevelManager,Assets/GameObject/LevelManager.prefab,1771844f66abe677a32d54ceab8db201,1771844f66abe677a32d54ceab8db201,11500000,0,0,"{r: 0, g: 0, b: 1, a: 1}","{r: 0, g: 1, b: 0, a: 1}","{r: 1, g: 0, b: 0, a: 1}","{r: 1, g: 0.92156863, b: 0.015686275, a: 1}",0,1,"{r: 0.9725491, g: 0.9490197, b: 0.9176471, a: 1}","{r: 0.9725491, g: 0.9490197, b: 0.9176471, a: 0}",0,65535,0,0,0,0,0,0,0,32768,65535,0,0,0,0,0,"{r: 0.5137255, g: 0.227451, b: 0.7058824, a: 1}","{r: 0.9921569, g: 0.1137255, b: 0.1137255, a: 1}","{r: 0.9882353, g: 0.6901961, b: 0.2705882, a: 0}","{r: 0, g: 0, b: 0, a: 0}","{r: 0, g: 0, b: 0, a: 0}","{r: 0, g: 0, b: 0, a: 0}","{r: 0, g: 0, b: 0, a: 0}","{r: 0, g: 0, b: 0, a: 0}",-1,0,2,3,2,{fileID: 0},0,0,1,{fileID: 1552519721258808},1552519721258808,0,{fileID: 0},0,{fileID: 0},0,"{fileID: 11500000, guid: 1771844f66abe677a32d54ceab8db201, type: 3}",11500000,1771844f66abe677a32d54ceab8db201
LevelManager,Assets/GameObject/LevelManager.prefab,1771844f66abe677a32d54ceab8db201,1771844f66abe677a32d54ceab8db201,11500000,180,0,"{r: 0, g: 0, b: 1, a: 1}","{r: 0, g: 1, b: 0, a: 1}","{r: 1, g: 0, b: 0, a: 1}","{r: 1, g: 0.92156863, b: 0.015686275, a: 1}",0,1,"{r: 0.9725491, g: 0.9490197, b: 0.9176471, a: 1}","{r: 0.9725491, g: 0.9490197, b: 0.9176471, a: 0}",0,65535,0,0,0,0,0,0,0,32768,65535,0,0,0,0,0,"{r: 0.5137255, g: 0.227451, b: 0.7058824, a: 1}","{r: 0.9921569, g: 0.1137255, b: 0.1137255, a: 1}","{r: 0.9882353, g: 0.6901961, b: 0.2705882, a: 0}","{r: 0, g: 0, b: 0, a: 0}","{r: 0, g: 0, b: 0, a: 0}","{r: 0, g: 0, b: 0, a: 0}","{r: 0, g: 0, b: 0, a: 0}","{r: 0, g: 0, b: 0, a: 0}",-1,0,2,3,2,{fileID: 0},0,0,1,{fileID: 1084428815811580},1084428815811580,0,{fileID: 0},0,{fileID: 0},0,"{fileID: 11500000, guid: 1771844f66abe677a32d54ceab8db201, type: 3}",11500000,1771844f66abe677a32d54ceab8db201
LevelManager,Assets/GameObject/LevelManager.prefab,1771844f66abe677a32d54ceab8db201,1771844f66abe677a32d54ceab8db201,11500000,0,0,"{r: 0, g: 0, b: 1, a: 1}","{r: 0, g: 1, b: 0, a: 1}","{r: 1, g: 0, b: 0, a: 1}","{r: 1, g: 0.92156863, b: 0.015686275, a: 1}",0,1,"{r: 0.9725491, g: 0.9490197, b: 0.9176471, a: 1}","{r: 0.9725491, g: 0.9490197, b: 0.9176471, a: 0}",0,65535,0,0,0,0,0,0,0,32768,65535,0,0,0,0,0,"{r: 0.5137255, g: 0.227451, b: 0.7058824, a: 1}","{r: 0.9921569, g: 0.1137255, b: 0.1137255, a: 1}","{r: 0.9882353, g: 0.6901961, b: 0.2705882, a: 0}","{r: 0, g: 0, b: 0, a: 0}","{r: 0, g: 0, b: 0, a: 0}","{r: 0, g: 0, b: 0, a: 0}","{r: 0, g: 0, b: 0, a: 0}","{r: 0, g: 0, b: 0, a: 0}",-1,0,2,3,2,{fileID: 0},0,0,1,{fileID: 1196970091722330},1196970091722330,0,{fileID: 0},0,{fileID: 0},0,"{fileID: 11500000, guid: 1771844f66abe677a32d54ceab8db201, type: 3}",11500000,1771844f66abe677a32d54ceab8db201
LevelManager,Assets/GameObject/LevelManager.prefab,1771844f66abe677a32d54ceab8db201,1771844f66abe677a32d54ceab8db201,11500000,180,0,"{r: 0, g: 0, b: 1, a: 1}","{r: 0, g: 1, b: 0, a: 1}","{r: 1, g: 0, b: 0, a: 1}","{r: 1, g: 0.92156863, b: 0.015686275, a: 1}",0,1,"{r: 0.9725491, g: 0.9490197, b: 0.9176471, a: 1}","{r: 0.9725491, g: 0.9490197, b: 0.9176471, a: 0}",0,65535,0,0,0,0,0,0,0,32768,65535,0,0,0,0,0,"{r: 0.5137255, g: 0.227451, b: 0.7058824, a: 1}","{r: 0.9921569, g: 0.1137255, b: 0.1137255, a: 1}","{r: 0.9882353, g: 0.6901961, b: 0.2705882, a: 0}","{r: 0, g: 0, b: 0, a: 0}","{r: 0, g: 0, b: 0, a: 0}","{r: 0, g: 0, b: 0, a: 0}","{r: 0, g: 0, b: 0, a: 0}","{r: 0, g: 0, b: 0, a: 0}",-1,0,2,3,2,{fileID: 0},0,0,1,{fileID: 1072961514386941},1072961514386941,0,{fileID: 0},0,{fileID: 0},0,"{fileID: 11500000, guid: 1771844f66abe677a32d54ceab8db201, type: 3}",11500000,1771844f66abe677a32d54ceab8db201
LevelManager,Assets/GameObject/LevelManager.prefab,1771844f66abe677a32d54ceab8db201,1771844f66abe677a32d54ceab8db201,11500000,0,0,"{r: 0, g: 0, b: 1, a: 1}","{r: 0, g: 1, b: 0, a: 1}","{r: 1, g: 0, b: 0, a: 1}","{r: 1, g: 0.92156863, b: 0.015686275, a: 1}",0,1,"{r: 0.9725491, g: 0.9490197, b: 0.9176471, a: 1}","{r: 0.9725491, g: 0.9490197, b: 0.9176471, a: 0}",0,65535,0,0,0,0,0,0,0,32768,65535,0,0,0,0,0,"{r: 0.5137255, g: 0.227451, b: 0.7058824, a: 1}","{r: 0.9921569, g: 0.1137255, b: 0.1137255, a: 1}","{r: 0.9882353, g: 0.6901961, b: 0.2705882, a: 0}","{r: 0, g: 0, b: 0, a: 0}","{r: 0, g: 0, b: 0, a: 0}","{r: 0, g: 0, b: 0, a: 0}","{r: 0, g: 0, b: 0, a: 0}","{r: 0, g: 0, b: 0, a: 0}",-1,0,2,3,2,{fileID: 0},0,0,1,{fileID: 1780509128005001},1780509128005001,0,{fileID: 0},0,{fileID: 0},0,"{fileID: 11500000, guid: 1771844f66abe677a32d54ceab8db201, type: 3}",11500000,1771844f66abe677a32d54ceab8db201
LevelManager,Assets/GameObject/LevelManager.prefab,1771844f66abe677a32d54ceab8db201,1771844f66abe677a32d54ceab8db201,11500000,180,0,"{r: 0, g: 0, b: 1, a: 1}","{r: 0, g: 1, b: 0, a: 1}","{r: 1, g: 0, b: 0, a: 1}","{r: 1, g: 0.92156863, b: 0.015686275, a: 1}",0,1,"{r: 0.9725491, g: 0.9490197, b: 0.9176471, a: 1}","{r: 0.9725491, g: 0.9490197, b: 0.9176471, a: 0}",0,65535,0,0,0,0,0,0,0,32768,65535,0,0,0,0,0,"{r: 0.5137255, g: 0.227451, b: 0.7058824, a: 1}","{r: 0.9921569, g: 0.1137255, b: 0.1137255, a: 1}","{r: 0.9882353, g: 0.6901961, b: 0.2705882, a: 0}","{r: 0, g: 0, b: 0, a: 0}","{r: 0, g: 0, b: 0, a: 0}","{r: 0, g: 0, b: 0, a: 0}","{r: 0, g: 0, b: 0, a: 0}","{r: 0, g: 0, b: 0, a: 0}",-1,0,2,3,2,{fileID: 0},0,0,1,{fileID: 1537257045053255},1537257045053255,0,{fileID: 0},0,{fileID: 0},0,"{fileID: 11500000, guid: 1771844f66abe677a32d54ceab8db201, type: 3}",11500000,1771844f66abe677a32d54ceab8db201
LevelManager,Assets/GameObject/LevelManager.prefab,1771844f66abe677a32d54ceab8db201,1771844f66abe677a32d54ceab8db201,11500000,0,0,"{r: 0, g: 0, b: 1, a: 1}","{r: 0, g: 1, b: 0, a: 1}","{r: 1, g: 0, b: 0, a: 1}","{r: 1, g: 0.92156863, b: 0.015686275, a: 1}",0,1,"{r: 0.9725491, g: 0.9490197, b: 0.9176471, a: 1}","{r: 0.9725491, g: 0.9490197, b: 0.9176471, a: 0}",0,65535,0,0,0,0,0,0,0,32768,65535,0,0,0,0,0,"{r: 0.5137255, g: 0.227451, b: 0.7058824, a: 1}","{r: 0.9921569, g: 0.1137255, b: 0.1137255, a: 1}","{r: 0.9882353, g: 0.6901961, b: 0.2705882, a: 0}","{r: 0, g: 0, b: 0, a: 0}","{r: 0, g: 0, b: 0, a: 0}","{r: 0, g: 0, b: 0, a: 0}","{r: 0, g: 0, b: 0, a: 0}","{r: 0, g: 0, b: 0, a: 0}",-1,0,2,3,2,{fileID: 0},0,0,1,{fileID: 1286383931079842},1286383931079842,0,{fileID: 0},0,{fileID: 0},0,"{fileID: 11500000, guid: 1771844f66abe677a32d54ceab8db201, type: 3}",11500000,1771844f66abe677a32d54ceab8db201
LevelManager,Assets/GameObject/LevelManager.prefab,1771844f66abe677a32d54ceab8db201,1771844f66abe677a32d54ceab8db201,11500000,180,0,"{r: 0, g: 0, b: 1, a: 1}","{r: 0, g: 1, b: 0, a: 1}","{r: 1, g: 0, b: 0, a: 1}","{r: 1, g: 0.92156863, b: 0.015686275, a: 1}",0,1,"{r: 0.9725491, g: 0.9490197, b: 0.9176471, a: 1}","{r: 0.9725491, g: 0.9490197, b: 0.9176471, a: 0}",0,65535,0,0,0,0,0,0,0,32768,65535,0,0,0,0,0,"{r: 0.5137255, g: 0.227451, b: 0.7058824, a: 1}","{r: 0.9921569, g: 0.1137255, b: 0.1137255, a: 1}","{r: 0.9882353, g: 0.6901961, b: 0.2705882, a: 0}","{r: 0, g: 0, b: 0, a: 0}","{r: 0, g: 0, b: 0, a: 0}","{r: 0, g: 0, b: 0, a: 0}","{r: 0, g: 0, b: 0, a: 0}","{r: 0, g: 0, b: 0, a: 0}",-1,0,2,3,2,{fileID: 0},0,0,1,{fileID: 1826194292005933},1826194292005933,0,{fileID: 0},0,{fileID: 0},0,"{fileID: 11500000, guid: 1771844f66abe677a32d54ceab8db201, type: 3}",11500000,1771844f66abe677a32d54ceab8db201
LevelManager,Assets/GameObject/LevelManager.prefab,1771844f66abe677a32d54ceab8db201,1771844f66abe677a32d54ceab8db201,11500000,0,0,"{r: 0, g: 0, b: 1, a: 1}","{r: 0, g: 1, b: 0, a: 1}","{r: 1, g: 0, b: 0, a: 1}","{r: 1, g: 0.92156863, b: 0.015686275, a: 1}",0,1,"{r: 0.9725491, g: 0.9490197, b: 0.9176471, a: 1}","{r: 0.9725491, g: 0.9490197, b: 0.9176471, a: 0}",0,65535,0,0,0,0,0,0,0,32768,65535,0,0,0,0,0,"{r: 0.5137255, g: 0.227451, b: 0.7058824, a: 1}","{r: 0.9921569, g: 0.1137255, b: 0.1137255, a: 1}","{r: 0.9882353, g: 0.6901961, b: 0.2705882, a: 0}","{r: 0, g: 0, b: 0, a: 0}","{r: 0, g: 0, b: 0, a: 0}","{r: 0, g: 0, b: 0, a: 0}","{r: 0, g: 0, b: 0, a: 0}","{r: 0, g: 0, b: 0, a: 0}",-1,0,2,3,2,{fileID: 0},0,0,1,{fileID: 1249091727679270},1249091727679270,0,{fileID: 0},0,{fileID: 0},0,"{fileID: 11500000, guid: 1771844f66abe677a32d54ceab8db201, type: 3}",11500000,1771844f66abe677a32d54ceab8db201
LevelManager,Assets/GameObject/LevelManager.prefab,1771844f66abe677a32d54ceab8db201,1771844f66abe677a32d54ceab8db201,11500000,180,0,"{r: 0, g: 0, b: 1, a: 1}","{r: 0, g: 1, b: 0, a: 1}","{r: 1, g: 0, b: 0, a: 1}","{r: 1, g: 0.92156863, b: 0.015686275, a: 1}",0,1,"{r: 0.9725491, g: 0.9490197, b: 0.9176471, a: 1}","{r: 0.9725491, g: 0.9490197, b: 0.9176471, a: 0}",0,65535,0,0,0,0,0,0,0,32768,65535,0,0,0,0,0,"{r: 0.5137255, g: 0.227451, b: 0.7058824, a: 1}","{r: 0.9921569, g: 0.1137255, b: 0.1137255, a: 1}","{r: 0.9882353, g: 0.6901961, b: 0.2705882, a: 0}","{r: 0, g: 0, b: 0, a: 0}","{r: 0, g: 0, b: 0, a: 0}","{r: 0, g: 0, b: 0, a: 0}","{r: 0, g: 0, b: 0, a: 0}","{r: 0, g: 0, b: 0, a: 0}",-1,0,2,3,2,{fileID: 0},0,0,1,{fileID: 1582892782481211},1582892782481211,0,{fileID: 0},0,{fileID: 0},0,"{fileID: 11500000, guid: 1771844f66abe677a32d54ceab8db201, type: 3}",11500000,1771844f66abe677a32d54ceab8db201
LevelManager,Assets/GameObject/LevelManager.prefab,1771844f66abe677a32d54ceab8db201,1771844f66abe677a32d54ceab8db201,11500000,0,0,"{r: 0, g: 0, b: 1, a: 1}","{r: 0, g: 1, b: 0, a: 1}","{r: 1, g: 0, b: 0, a: 1}","{r: 1, g: 0.92156863, b: 0.015686275, a: 1}",0,1,"{r: 0.9725491, g: 0.9490197, b: 0.9176471, a: 1}","{r: 0.9725491, g: 0.9490197, b: 0.9176471, a: 0}",0,65535,0,0,0,0,0,0,0,32768,65535,0,0,0,0,0,"{r: 0.5137255, g: 0.227451, b: 0.7058824, a: 1}","{r: 0.9921569, g: 0.1137255, b: 0.1137255, a: 1}","{r: 0.9882353, g: 0.6901961, b: 0.2705882, a: 0}","{r: 0, g: 0, b: 0, a: 0}","{r: 0, g: 0, b: 0, a: 0}","{r: 0, g: 0, b: 0, a: 0}","{r: 0, g: 0, b: 0, a: 0}","{r: 0, g: 0, b: 0, a: 0}",-1,0,2,3,2,{fileID: 0},0,0,1,{fileID: 1499470617637098},1499470617637098,0,{fileID: 0},0,{fileID: 0},0,"{fileID: 11500000, guid: 1771844f66abe677a32d54ceab8db201, type: 3}",11500000,1771844f66abe677a32d54ceab8db201
LevelManager,Assets/GameObject/LevelManager.prefab,1771844f66abe677a32d54ceab8db201,1771844f66abe677a32d54ceab8db201,11500000,180,0,"{r: 0, g: 0, b: 1, a: 1}","{r: 0, g: 1, b: 0, a: 1}","{r: 1, g: 0, b: 0, a: 1}","{r: 1, g: 0.92156863, b: 0.015686275, a: 1}",0,1,"{r: 0.9725491, g: 0.9490197, b: 0.9176471, a: 1}","{r: 0.9725491, g: 0.9490197, b: 0.9176471, a: 0}",0,65535,0,0,0,0,0,0,0,32768,65535,0,0,0,0,0,"{r: 0.5137255, g: 0.227451, b: 0.7058824, a: 1}","{r: 0.9921569, g: 0.1137255, b: 0.1137255, a: 1}","{r: 0.9882353, g: 0.6901961, b: 0.2705882, a: 0}","{r: 0, g: 0, b: 0, a: 0}","{r: 0, g: 0, b: 0, a: 0}","{r: 0, g: 0, b: 0, a: 0}","{r: 0, g: 0, b: 0, a: 0}","{r: 0, g: 0, b: 0, a: 0}",-1,0,2,3,2,{fileID: 0},0,0,1,{fileID: 1251243859728250},1251243859728250,0,{fileID: 0},0,{fileID: 0},0,"{fileID: 11500000, guid: 1771844f66abe677a32d54ceab8db201, type: 3}",11500000,1771844f66abe677a32d54ceab8db201
LevelManager,Assets/GameObject/LevelManager.prefab,1771844f66abe677a32d54ceab8db201,1771844f66abe677a32d54ceab8db201,11500000,0,0,"{r: 0, g: 0, b: 1, a: 1}","{r: 0, g: 1, b: 0, a: 1}","{r: 1, g: 0, b: 0, a: 1}","{r: 1, g: 0.92156863, b: 0.015686275, a: 1}",0,1,"{r: 0.9725491, g: 0.9490197, b: 0.9176471, a: 1}","{r: 0.9725491, g: 0.9490197, b: 0.9176471, a: 0}",0,65535,0,0,0,0,0,0,0,32768,65535,0,0,0,0,0,"{r: 0.5137255, g: 0.227451, b: 0.7058824, a: 1}","{r: 0.9921569, g: 0.1137255, b: 0.1137255, a: 1}","{r: 0.9882353, g: 0.6901961, b: 0.2705882, a: 0}","{r: 0, g: 0, b: 0, a: 0}","{r: 0, g: 0, b: 0, a: 0}","{r: 0, g: 0, b: 0, a: 0}","{r: 0, g: 0, b: 0, a: 0}","{r: 0, g: 0, b: 0, a: 0}",-1,0,2,3,2,{fileID: 0},0,0,1,{fileID: 1617525060273882},1617525060273882,0,{fileID: 0},0,{fileID: 0},0,"{fileID: 11500000, guid: 1771844f66abe677a32d54ceab8db201, type: 3}",11500000,1771844f66abe677a32d54ceab8db201
LevelManager,Assets/GameObject/LevelManager.prefab,1771844f66abe677a32d54ceab8db201,1771844f66abe677a32d54ceab8db201,11500000,180,0,"{r: 0, g: 0, b: 1, a: 1}","{r: 0, g: 1, b: 0, a: 1}","{r: 1, g: 0, b: 0, a: 1}","{r: 1, g: 0.92156863, b: 0.015686275, a: 1}",0,1,"{r: 0.9725491, g: 0.9490197, b: 0.9176471, a: 1}","{r: 0.9725491, g: 0.9490197, b: 0.9176471, a: 0}",0,65535,0,0,0,0,0,0,0,32768,65535,0,0,0,0,0,"{r: 0.5137255, g: 0.227451, b: 0.7058824, a: 1}","{r: 0.9921569, g: 0.1137255, b: 0.1137255, a: 1}","{r: 0.9882353, g: 0.6901961, b: 0.2705882, a: 0}","{r: 0, g: 0, b: 0, a: 0}","{r: 0, g: 0, b: 0, a: 0}","{r: 0, g: 0, b: 0, a: 0}","{r: 0, g: 0, b: 0, a: 0}","{r: 0, g: 0, b: 0, a: 0}",-1,0,2,3,2,{fileID: 0},0,0,1,{fileID: 1942661463123858},1942661463123858,0,{fileID: 0},0,{fileID: 0},0,"{fileID: 11500000, guid: 1771844f66abe677a32d54ceab8db201, type: 3}",11500000,1771844f66abe677a32d54ceab8db201
LevelManager,Assets/GameObject/LevelManager.prefab,1771844f66abe677a32d54ceab8db201,1771844f66abe677a32d54ceab8db201,11500000,0,0,"{r: 0, g: 0, b: 1, a: 1}","{r: 0, g: 1, b: 0, a: 1}","{r: 1, g: 0, b: 0, a: 1}","{r: 1, g: 0.92156863, b: 0.015686275, a: 1}",0,1,"{r: 0.9725491, g: 0.9490197, b: 0.9176471, a: 1}","{r: 0.9725491, g: 0.9490197, b: 0.9176471, a: 0}",0,65535,0,0,0,0,0,0,0,32768,65535,0,0,0,0,0,"{r: 0.5137255, g: 0.227451, b: 0.7058824, a: 1}","{r: 0.9921569, g: 0.1137255, b: 0.1137255, a: 1}","{r: 0.9882353, g: 0.6901961, b: 0.2705882, a: 0}","{r: 0, g: 0, b: 0, a: 0}","{r: 0, g: 0, b: 0, a: 0}","{r: 0, g: 0, b: 0, a: 0}","{r: 0, g: 0, b: 0, a: 0}","{r: 0, g: 0, b: 0, a: 0}",-1,0,2,3,2,{fileID: 0},0,0,1,{fileID: 1371945878198708},1371945878198708,0,{fileID: 0},0,{fileID: 0},0,"{fileID: 11500000, guid: 1771844f66abe677a32d54ceab8db201, type: 3}",11500000,1771844f66abe677a32d54ceab8db201
LevelManager,Assets/GameObject/LevelManager.prefab,1771844f66abe677a32d54ceab8db201,1771844f66abe677a32d54ceab8db201,11500000,180,0,"{r: 0, g: 0, b: 1, a: 1}","{r: 0, g: 1, b: 0, a: 1}","{r: 1, g: 0, b: 0, a: 1}","{r: 1, g: 0.92156863, b: 0.015686275, a: 1}",0,1,"{r: 0.9725491, g: 0.9490197, b: 0.9176471, a: 1}","{r: 0.9725491, g: 0.9490197, b: 0.9176471, a: 0}",0,65535,0,0,0,0,0,0,0,32768,65535,0,0,0,0,0,"{r: 0.5137255, g: 0.227451, b: 0.7058824, a: 1}","{r: 0.9921569, g: 0.1137255, b: 0.1137255, a: 1}","{r: 0.9882353, g: 0.6901961, b: 0.2705882, a: 0}","{r: 0, g: 0, b: 0, a: 0}","{r: 0, g: 0, b: 0, a: 0}","{r: 0, g: 0, b: 0, a: 0}","{r: 0, g: 0, b: 0, a: 0}","{r: 0, g: 0, b: 0, a: 0}",-1,0,2,3,2,{fileID: 0},0,0,1,{fileID: 1590156811289219},1590156811289219,0,{fileID: 0},0,{fileID: 0},0,"{fileID: 11500000, guid: 1771844f66abe677a32d54ceab8db201, type: 3}",11500000,1771844f66abe677a32d54ceab8db201
LevelManager,Assets/GameObject/LevelManager.prefab,1771844f66abe677a32d54ceab8db201,1771844f66abe677a32d54ceab8db201,11500000,0,0,"{r: 0, g: 0, b: 1, a: 1}","{r: 0, g: 1, b: 0, a: 1}","{r: 1, g: 0, b: 0, a: 1}","{r: 1, g: 0.92156863, b: 0.015686275, a: 1}",0,1,"{r: 0.9725491, g: 0.9490197, b: 0.9176471, a: 1}","{r: 0.9725491, g: 0.9490197, b: 0.9176471, a: 0}",0,65535,0,0,0,0,0,0,0,32768,65535,0,0,0,0,0,"{r: 0.5137255, g: 0.227451, b: 0.7058824, a: 1}","{r: 0.9921569, g: 0.1137255, b: 0.1137255, a: 1}","{r: 0.9882353, g: 0.6901961, b: 0.2705882, a: 0}","{r: 0, g: 0, b: 0, a: 0}","{r: 0, g: 0, b: 0, a: 0}","{r: 0, g: 0, b: 0, a: 0}","{r: 0, g: 0, b: 0, a: 0}","{r: 0, g: 0, b: 0, a: 0}",-1,0,2,3,2,{fileID: 0},0,0,1,{fileID: 1807189677065494},1807189677065494,0,{fileID: 0},0,{fileID: 0},0,"{fileID: 11500000, guid: 1771844f66abe677a32d54ceab8db201, type: 3}",11500000,1771844f66abe677a32d54ceab8db201
LevelManager,Assets/GameObject/LevelManager.prefab,1771844f66abe677a32d54ceab8db201,1771844f66abe677a32d54ceab8db201,11500000,180,0,"{r: 0, g: 0, b: 1, a: 1}","{r: 0, g: 1, b: 0, a: 1}","{r: 1, g: 0, b: 0, a: 1}","{r: 1, g: 0.92156863, b: 0.015686275, a: 1}",0,1,"{r: 0.9725491, g: 0.9490197, b: 0.9176471, a: 1}","{r: 0.9725491, g: 0.9490197, b: 0.9176471, a: 0}",0,65535,0,0,0,0,0,0,0,32768,65535,0,0,0,0,0,"{r: 0.5137255, g: 0.227451, b: 0.7058824, a: 1}","{r: 0.9921569, g: 0.1137255, b: 0.1137255, a: 1}","{r: 0.9882353, g: 0.6901961, b: 0.2705882, a: 0}","{r: 0, g: 0, b: 0, a: 0}","{r: 0, g: 0, b: 0, a: 0}","{r: 0, g: 0, b: 0, a: 0}","{r: 0, g: 0, b: 0, a: 0}","{r: 0, g: 0, b: 0, a: 0}",-1,0,2,3,2,{fileID: 0},0,0,1,{fileID: 1620114670007112},1620114670007112,0,{fileID: 0},0,{fileID: 0},0,"{fileID: 11500000, guid: 1771844f66abe677a32d54ceab8db201, type: 3}",11500000,1771844f66abe677a32d54ceab8db201
LevelManager,Assets/GameObject/LevelManager.prefab,1771844f66abe677a32d54ceab8db201,1771844f66abe677a32d54ceab8db201,11500000,0,0,"{r: 0, g: 0, b: 1, a: 1}","{r: 0, g: 1, b: 0, a: 1}","{r: 1, g: 0, b: 0, a: 1}","{r: 1, g: 0.92156863, b: 0.015686275, a: 1}",0,1,"{r: 0.9725491, g: 0.9490197, b: 0.9176471, a: 1}","{r: 0.9725491, g: 0.9490197, b: 0.9176471, a: 0}",0,65535,0,0,0,0,0,0,0,32768,65535,0,0,0,0,0,"{r: 0.5137255, g: 0.227451, b: 0.7058824, a: 1}","{r: 0.9921569, g: 0.1137255, b: 0.1137255, a: 1}","{r: 0.9882353, g: 0.6901961, b: 0.2705882, a: 0}","{r: 0, g: 0, b: 0, a: 0}","{r: 0, g: 0, b: 0, a: 0}","{r: 0, g: 0, b: 0, a: 0}","{r: 0, g: 0, b: 0, a: 0}","{r: 0, g: 0, b: 0, a: 0}",-1,0,2,3,2,{fileID: 0},0,0,1,{fileID: 1169841398580549},1169841398580549,0,{fileID: 0},0,{fileID: 0},0,"{fileID: 11500000, guid: 1771844f66abe677a32d54ceab8db201, type: 3}",11500000,1771844f66abe677a32d54ceab8db201
LevelManager,Assets/GameObject/LevelManager.prefab,1771844f66abe677a32d54ceab8db201,1771844f66abe677a32d54ceab8db201,11500000,180,0,"{r: 0, g: 0, b: 1, a: 1}","{r: 0, g: 1, b: 0, a: 1}","{r: 1, g: 0, b: 0, a: 1}","{r: 1, g: 0.92156863, b: 0.015686275, a: 1}",0,1,"{r: 0.9725491, g: 0.9490197, b: 0.9176471, a: 1}","{r: 0.9725491, g: 0.9490197, b: 0.9176471, a: 0}",0,65535,0,0,0,0,0,0,0,32768,65535,0,0,0,0,0,"{r: 0.5137255, g: 0.227451, b: 0.7058824, a: 1}","{r: 0.9921569, g: 0.1137255, b: 0.1137255, a: 1}","{r: 0.9882353, g: 0.6901961, b: 0.2705882, a: 0}","{r: 0, g: 0, b: 0, a: 0}","{r: 0, g: 0, b: 0, a: 0}","{r: 0, g: 0, b: 0, a: 0}","{r: 0, g: 0, b: 0, a: 0}","{r: 0, g: 0, b: 0, a: 0}",-1,0,2,3,2,{fileID: 0},0,0,1,{fileID: 1106004358157280},1106004358157280,0,{fileID: 0},0,{fileID: 0},0,"{fileID: 11500000, guid: 1771844f66abe677a32d54ceab8db201, type: 3}",11500000,1771844f66abe677a32d54ceab8db201
LevelManager,Assets/GameObject/LevelManager.prefab,1771844f66abe677a32d54ceab8db201,1771844f66abe677a32d54ceab8db201,11500000,0,0,"{r: 0, g: 0, b: 1, a: 1}","{r: 0, g: 1, b: 0, a: 1}","{r: 1, g: 0, b: 0, a: 1}","{r: 1, g: 0.92156863, b: 0.015686275, a: 1}",0,1,"{r: 0.9725491, g: 0.9490197, b: 0.9176471, a: 1}","{r: 0.9725491, g: 0.9490197, b: 0.9176471, a: 0}",0,65535,0,0,0,0,0,0,0,32768,65535,0,0,0,0,0,"{r: 0.5137255, g: 0.227451, b: 0.7058824, a: 1}","{r: 0.9921569, g: 0.1137255, b: 0.1137255, a: 1}","{r: 0.9882353, g: 0.6901961, b: 0.2705882, a: 0}","{r: 0, g: 0, b: 0, a: 0}","{r: 0, g: 0, b: 0, a: 0}","{r: 0, g: 0, b: 0, a: 0}","{r: 0, g: 0, b: 0, a: 0}","{r: 0, g: 0, b: 0, a: 0}",-1,0,2,3,2,{fileID: 0},0,0,1,{fileID: 1691317919168686},1691317919168686,0,{fileID: 0},0,{fileID: 0},0,"{fileID: 11500000, guid: 1771844f66abe677a32d54ceab8db201, type: 3}",11500000,1771844f66abe677a32d54ceab8db201
LevelManager,Assets/GameObject/LevelManager.prefab,1771844f66abe677a32d54ceab8db201,1771844f66abe677a32d54ceab8db201,11500000,180,0,"{r: 0, g: 0, b: 1, a: 1}","{r: 0, g: 1, b: 0, a: 1}","{r: 1, g: 0, b: 0, a: 1}","{r: 1, g: 0.92156863, b: 0.015686275, a: 1}",0,1,"{r: 0.9725491, g: 0.9490197, b: 0.9176471, a: 1}","{r: 0.9725491, g: 0.9490197, b: 0.9176471, a: 0}",0,65535,0,0,0,0,0,0,0,32768,65535,0,0,0,0,0,"{r: 0.5137255, g: 0.227451, b: 0.7058824, a: 1}","{r: 0.9921569, g: 0.1137255, b: 0.1137255, a: 1}","{r: 0.9882353, g: 0.6901961, b: 0.2705882, a: 0}","{r: 0, g: 0, b: 0, a: 0}","{r: 0, g: 0, b: 0, a: 0}","{r: 0, g: 0, b: 0, a: 0}","{r: 0, g: 0, b: 0, a: 0}","{r: 0, g: 0, b: 0, a: 0}",-1,0,2,3,2,{fileID: 0},0,0,1,{fileID: 1801891803065725},1801891803065725,0,{fileID: 0},0,{fileID: 0},0,"{fileID: 11500000, guid: 1771844f66abe677a32d54ceab8db201, type: 3}",11500000,1771844f66abe677a32d54ceab8db201
LevelManager,Assets/GameObject/LevelManager.prefab,1771844f66abe677a32d54ceab8db201,1771844f66abe677a32d54ceab8db201,11500000,0,0,"{r: 0, g: 0, b: 1, a: 1}","{r: 0, g: 1, b: 0, a: 1}","{r: 1, g: 0, b: 0, a: 1}","{r: 1, g: 0.92156863, b: 0.015686275, a: 1}",0,1,"{r: 0.9725491, g: 0.9490197, b: 0.9176471, a: 1}","{r: 0.9725491, g: 0.9490197, b: 0.9176471, a: 0}",0,65535,0,0,0,0,0,0,0,32768,65535,0,0,0,0,0,"{r: 0.5137255, g: 0.227451, b: 0.7058824, a: 1}","{r: 0.9921569, g: 0.1137255, b: 0.1137255, a: 1}","{r: 0.9882353, g: 0.6901961, b: 0.2705882, a: 0}","{r: 0, g: 0, b: 0, a: 0}","{r: 0, g: 0, b: 0, a: 0}","{r: 0, g: 0, b: 0, a: 0}","{r: 0, g: 0, b: 0, a: 0}","{r: 0, g: 0, b: 0, a: 0}",-1,0,2,3,2,{fileID: 0},0,0,1,{fileID: 1176857236765550},1176857236765550,0,{fileID: 0},0,{fileID: 0},0,"{fileID: 11500000, guid: 1771844f66abe677a32d54ceab8db201, type: 3}",11500000,1771844f66abe677a32d54ceab8db201
LevelManager,Assets/GameObject/LevelManager.prefab,1771844f66abe677a32d54ceab8db201,1771844f66abe677a32d54ceab8db201,11500000,180,0,"{r: 0, g: 0, b: 1, a: 1}","{r: 0, g: 1, b: 0, a: 1}","{r: 1, g: 0, b: 0, a: 1}","{r: 1, g: 0.92156863, b: 0.015686275, a: 1}",0,1,"{r: 0.9725491, g: 0.9490197, b: 0.9176471, a: 1}","{r: 0.9725491, g: 0.9490197, b: 0.9176471, a: 0}",0,65535,0,0,0,0,0,0,0,32768,65535,0,0,0,0,0,"{r: 0.5137255, g: 0.227451, b: 0.7058824, a: 1}","{r: 0.9921569, g: 0.1137255, b: 0.1137255, a: 1}","{r: 0.9882353, g: 0.6901961, b: 0.2705882, a: 0}","{r: 0, g: 0, b: 0, a: 0}","{r: 0, g: 0, b: 0, a: 0}","{r: 0, g: 0, b: 0, a: 0}","{r: 0, g: 0, b: 0, a: 0}","{r: 0, g: 0, b: 0, a: 0}",-1,0,2,3,2,{fileID: 0},0,0,1,{fileID: 1219822280072868},1219822280072868,0,{fileID: 0},0,{fileID: 0},0,"{fileID: 11500000, guid: 1771844f66abe677a32d54ceab8db201, type: 3}",11500000,1771844f66abe677a32d54ceab8db201
LevelManager,Assets/GameObject/LevelManager.prefab,1771844f66abe677a32d54ceab8db201,1771844f66abe677a32d54ceab8db201,11500000,0,0,"{r: 0, g: 0, b: 1, a: 1}","{r: 0, g: 1, b: 0, a: 1}","{r: 1, g: 0, b: 0, a: 1}","{r: 1, g: 0.92156863, b: 0.015686275, a: 1}",0,1,"{r: 0.9725491, g: 0.9490197, b: 0.9176471, a: 1}","{r: 0.9725491, g: 0.9490197, b: 0.9176471, a: 0}",0,65535,0,0,0,0,0,0,0,32768,65535,0,0,0,0,0,"{r: 0.5137255, g: 0.227451, b: 0.7058824, a: 1}","{r: 0.9921569, g: 0.1137255, b: 0.1137255, a: 1}","{r: 0.9882353, g: 0.6901961, b: 0.2705882, a: 0}","{r: 0, g: 0, b: 0, a: 0}","{r: 0, g: 0, b: 0, a: 0}","{r: 0, g: 0, b: 0, a: 0}","{r: 0, g: 0, b: 0, a: 0}","{r: 0, g: 0, b: 0, a: 0}",-1,0,2,3,2,{fileID: 0},0,0,1,{fileID: 1983152361819221},1983152361819221,0,{fileID: 0},0,{fileID: 0},0,"{fileID: 11500000, guid: 1771844f66abe677a32d54ceab8db201, type: 3}",11500000,1771844f66abe677a32d54ceab8db201
LevelManager,Assets/GameObject/LevelManager.prefab,1771844f66abe677a32d54ceab8db201,1771844f66abe677a32d54ceab8db201,11500000,180,0,"{r: 0, g: 0, b: 1, a: 1}","{r: 0, g: 1, b: 0, a: 1}","{r: 1, g: 0, b: 0, a: 1}","{r: 1, g: 0.92156863, b: 0.015686275, a: 1}",0,1,"{r: 0.9725491, g: 0.9490197, b: 0.9176471, a: 1}","{r: 0.9725491, g: 0.9490197, b: 0.9176471, a: 0}",0,65535,0,0,0,0,0,0,0,32768,65535,0,0,0,0,0,"{r: 0.5137255, g: 0.227451, b: 0.7058824, a: 1}","{r: 0.9921569, g: 0.1137255, b: 0.1137255, a: 1}","{r: 0.9882353, g: 0.6901961, b: 0.2705882, a: 0}","{r: 0, g: 0, b: 0, a: 0}","{r: 0, g: 0, b: 0, a: 0}","{r: 0, g: 0, b: 0, a: 0}","{r: 0, g: 0, b: 0, a: 0}","{r: 0, g: 0, b: 0, a: 0}",-1,0,2,3,2,{fileID: 0},0,0,1,{fileID: 1166235705986115},1166235705986115,0,{fileID: 0},0,{fileID: 0},0,"{fileID: 11500000, guid: 1771844f66abe677a32d54ceab8db201, type: 3}",11500000,1771844f66abe677a32d54ceab8db201
LevelManager,Assets/GameObject/LevelManager.prefab,1771844f66abe677a32d54ceab8db201,1771844f66abe677a32d54ceab8db201,11500000,0,0,"{r: 0, g: 0, b: 1, a: 1}","{r: 0, g: 1, b: 0, a: 1}","{r: 1, g: 0, b: 0, a: 1}","{r: 1, g: 0.92156863, b: 0.015686275, a: 1}",0,1,"{r: 0.9725491, g: 0.9490197, b: 0.9176471, a: 1}","{r: 0.9725491, g: 0.9490197, b: 0.9176471, a: 0}",0,65535,0,0,0,0,0,0,0,32768,65535,0,0,0,0,0,"{r: 0.5137255, g: 0.227451, b: 0.7058824, a: 1}","{r: 0.9921569, g: 0.1137255, b: 0.1137255, a: 1}","{r: 0.9882353, g: 0.6901961, b: 0.2705882, a: 0}","{r: 0, g: 0, b: 0, a: 0}","{r: 0, g: 0, b: 0, a: 0}","{r: 0, g: 0, b: 0, a: 0}","{r: 0, g: 0, b: 0, a: 0}","{r: 0, g: 0, b: 0, a: 0}",-1,0,2,3,2,{fileID: 0},0,0,1,{fileID: 1601956958356110},1601956958356110,0,{fileID: 0},0,{fileID: 0},0,"{fileID: 11500000, guid: 1771844f66abe677a32d54ceab8db201, type: 3}",11500000,1771844f66abe677a32d54ceab8db201
LevelManager,Assets/GameObject/LevelManager.prefab,1771844f66abe677a32d54ceab8db201,1771844f66abe677a32d54ceab8db201,11500000,180,0,"{r: 0, g: 0, b: 1, a: 1}","{r: 0, g: 1, b: 0, a: 1}","{r: 1, g: 0, b: 0, a: 1}","{r: 1, g: 0.92156863, b: 0.015686275, a: 1}",0,1,"{r: 0.9725491, g: 0.9490197, b: 0.9176471, a: 1}","{r: 0.9725491, g: 0.9490197, b: 0.9176471, a: 0}",0,65535,0,0,0,0,0,0,0,32768,65535,0,0,0,0,0,"{r: 0.5137255, g: 0.227451, b: 0.7058824, a: 1}","{r: 0.9921569, g: 0.1137255, b: 0.1137255, a: 1}","{r: 0.9882353, g: 0.6901961, b: 0.2705882, a: 0}","{r: 0, g: 0, b: 0, a: 0}","{r: 0, g: 0, b: 0, a: 0}","{r: 0, g: 0, b: 0, a: 0}","{r: 0, g: 0, b: 0, a: 0}","{r: 0, g: 0, b: 0, a: 0}",-1,0,2,3,2,{fileID: 0},0,0,1,{fileID: 1613438365950007},1613438365950007,0,{fileID: 0},0,{fileID: 0},0,"{fileID: 11500000, guid: 1771844f66abe677a32d54ceab8db201, type: 3}",11500000,1771844f66abe677a32d54ceab8db201
LevelManager,Assets/GameObject/LevelManager.prefab,1771844f66abe677a32d54ceab8db201,1771844f66abe677a32d54ceab8db201,11500000,0,0,"{r: 0, g: 0, b: 1, a: 1}","{r: 0, g: 1, b: 0, a: 1}","{r: 1, g: 0, b: 0, a: 1}","{r: 1, g: 0.92156863, b: 0.015686275, a: 1}",0,1,"{r: 0.9725491, g: 0.9490197, b: 0.9176471, a: 1}","{r: 0.9725491, g: 0.9490197, b: 0.9176471, a: 0}",0,65535,0,0,0,0,0,0,0,32768,65535,0,0,0,0,0,"{r: 0.5137255, g: 0.227451, b: 0.7058824, a: 1}","{r: 0.9921569, g: 0.1137255, b: 0.1137255, a: 1}","{r: 0.9882353, g: 0.6901961, b: 0.2705882, a: 0}","{r: 0, g: 0, b: 0, a: 0}","{r: 0, g: 0, b: 0, a: 0}","{r: 0, g: 0, b: 0, a: 0}","{r: 0, g: 0, b: 0, a: 0}","{r: 0, g: 0, b: 0, a: 0}",-1,0,2,3,2,{fileID: 0},0,0,1,{fileID: 1557371564517631},1557371564517631,0,{fileID: 0},0,{fileID: 0},0,"{fileID: 11500000, guid: 1771844f66abe677a32d54ceab8db201, type: 3}",11500000,1771844f66abe677a32d54ceab8db201
LevelManager,Assets/GameObject/LevelManager.prefab,1771844f66abe677a32d54ceab8db201,1771844f66abe677a32d54ceab8db201,11500000,180,0,"{r: 0, g: 0, b: 1, a: 1}","{r: 0, g: 1, b: 0, a: 1}","{r: 1, g: 0, b: 0, a: 1}","{r: 1, g: 0.92156863, b: 0.015686275, a: 1}",0,1,"{r: 0.9725491, g: 0.9490197, b: 0.9176471, a: 1}","{r: 0.9725491, g: 0.9490197, b: 0.9176471, a: 0}",0,65535,0,0,0,0,0,0,0,32768,65535,0,0,0,0,0,"{r: 0.5137255, g: 0.227451, b: 0.7058824, a: 1}","{r: 0.9921569, g: 0.1137255, b: 0.1137255, a: 1}","{r: 0.9882353, g: 0.6901961, b: 0.2705882, a: 0}","{r: 0, g: 0, b: 0, a: 0}","{r: 0, g: 0, b: 0, a: 0}","{r: 0, g: 0, b: 0, a: 0}","{r: 0, g: 0, b: 0, a: 0}","{r: 0, g: 0, b: 0, a: 0}",-1,0,2,3,2,{fileID: 0},0,0,1,{fileID: 1972805109498669},1972805109498669,0,{fileID: 0},0,{fileID: 0},0,"{fileID: 11500000, guid: 1771844f66abe677a32d54ceab8db201, type: 3}",11500000,1771844f66abe677a32d54ceab8db201
LevelManager,Assets/GameObject/LevelManager.prefab,1771844f66abe677a32d54ceab8db201,1771844f66abe677a32d54ceab8db201,11500000,0,0,"{r: 0, g: 0, b: 1, a: 1}","{r: 0, g: 1, b: 0, a: 1}","{r: 1, g: 0, b: 0, a: 1}","{r: 1, g: 0.92156863, b: 0.015686275, a: 1}",0,1,"{r: 0.9725491, g: 0.9490197, b: 0.9176471, a: 1}","{r: 0.9725491, g: 0.9490197, b: 0.9176471, a: 0}",0,65535,0,0,0,0,0,0,0,32768,65535,0,0,0,0,0,"{r: 0.5137255, g: 0.227451, b: 0.7058824, a: 1}","{r: 0.9921569, g: 0.1137255, b: 0.1137255, a: 1}","{r: 0.9882353, g: 0.6901961, b: 0.2705882, a: 0}","{r: 0, g: 0, b: 0, a: 0}","{r: 0, g: 0, b: 0, a: 0}","{r: 0, g: 0, b: 0, a: 0}","{r: 0, g: 0, b: 0, a: 0}","{r: 0, g: 0, b: 0, a: 0}",-1,0,2,3,2,{fileID: 0},0,0,1,{fileID: 1617769291414967},1617769291414967,0,{fileID: 0},0,{fileID: 0},0,"{fileID: 11500000, guid: 1771844f66abe677a32d54ceab8db201, type: 3}",11500000,1771844f66abe677a32d54ceab8db201
LevelManager,Assets/GameObject/LevelManager.prefab,1771844f66abe677a32d54ceab8db201,1771844f66abe677a32d54ceab8db201,11500000,180,0,"{r: 0, g: 0, b: 1, a: 1}","{r: 0, g: 1, b: 0, a: 1}","{r: 1, g: 0, b: 0, a: 1}","{r: 1, g: 0.92156863, b: 0.015686275, a: 1}",0,1,"{r: 0.9725491, g: 0.9490197, b: 0.9176471, a: 1}","{r: 0.9725491, g: 0.9490197, b: 0.9176471, a: 0}",0,65535,0,0,0,0,0,0,0,32768,65535,0,0,0,0,0,"{r: 0.5137255, g: 0.227451, b: 0.7058824, a: 1}","{r: 0.9921569, g: 0.1137255, b: 0.1137255, a: 1}","{r: 0.9882353, g: 0.6901961, b: 0.2705882, a: 0}","{r: 0, g: 0, b: 0, a: 0}","{r: 0, g: 0, b: 0, a: 0}","{r: 0, g: 0, b: 0, a: 0}","{r: 0, g: 0, b: 0, a: 0}","{r: 0, g: 0, b: 0, a: 0}",-1,0,2,3,2,{fileID: 0},0,0,1,{fileID: 1167277654547793},1167277654547793,0,{fileID: 0},0,{fileID: 0},0,"{fileID: 11500000, guid: 1771844f66abe677a32d54ceab8db201, type: 3}",11500000,1771844f66abe677a32d54ceab8db201
LevelManager,Assets/GameObject/LevelManager.prefab,1771844f66abe677a32d54ceab8db201,1771844f66abe677a32d54ceab8db201,11500000,0,0,"{r: 0, g: 0, b: 1, a: 1}","{r: 0, g: 1, b: 0, a: 1}","{r: 1, g: 0, b: 0, a: 1}","{r: 1, g: 0.92156863, b: 0.015686275, a: 1}",0,1,"{r: 0.9725491, g: 0.9490197, b: 0.9176471, a: 1}","{r: 0.9725491, g: 0.9490197, b: 0.9176471, a: 0}",0,65535,0,0,0,0,0,0,0,32768,65535,0,0,0,0,0,"{r: 0.5137255, g: 0.227451, b: 0.7058824, a: 1}","{r: 0.9921569, g: 0.1137255, b: 0.1137255, a: 1}","{r: 0.9882353, g: 0.6901961, b: 0.2705882, a: 0}","{r: 0, g: 0, b: 0, a: 0}","{r: 0, g: 0, b: 0, a: 0}","{r: 0, g: 0, b: 0, a: 0}","{r: 0, g: 0, b: 0, a: 0}","{r: 0, g: 0, b: 0, a: 0}",-1,0,2,3,2,{fileID: 0},0,0,1,{fileID: 1054401928481451},1054401928481451,0,{fileID: 0},0,{fileID: 0},0,"{fileID: 11500000, guid: 1771844f66abe677a32d54ceab8db201, type: 3}",11500000,1771844f66abe677a32d54ceab8db201
LevelManager,Assets/GameObject/LevelManager.prefab,1771844f66abe677a32d54ceab8db201,1771844f66abe677a32d54ceab8db201,11500000,180,0,"{r: 0, g: 0, b: 1, a: 1}","{r: 0, g: 1, b: 0, a: 1}","{r: 1, g: 0, b: 0, a: 1}","{r: 1, g: 0.92156863, b: 0.015686275, a: 1}",0,1,"{r: 0.9725491, g: 0.9490197, b: 0.9176471, a: 1}","{r: 0.9725491, g: 0.9490197, b: 0.9176471, a: 0}",0,65535,0,0,0,0,0,0,0,32768,65535,0,0,0,0,0,"{r: 0.5137255, g: 0.227451, b: 0.7058824, a: 1}","{r: 0.9921569, g: 0.1137255, b: 0.1137255, a: 1}","{r: 0.9882353, g: 0.6901961, b: 0.2705882, a: 0}","{r: 0, g: 0, b: 0, a: 0}","{r: 0, g: 0, b: 0, a: 0}","{r: 0, g: 0, b: 0, a: 0}","{r: 0, g: 0, b: 0, a: 0}","{r: 0, g: 0, b: 0, a: 0}",-1,0,2,3,2,{fileID: 0},0,0,1,{fileID: 1739569256843174},1739569256843174,0,{fileID: 0},0,{fileID: 0},0,"{fileID: 11500000, guid: 1771844f66abe677a32d54ceab8db201, type: 3}",11500000,1771844f66abe677a32d54ceab8db201
LevelManager,Assets/GameObject/LevelManager.prefab,1771844f66abe677a32d54ceab8db201,1771844f66abe677a32d54ceab8db201,11500000,0,0,"{r: 0, g: 0, b: 1, a: 1}","{r: 0, g: 1, b: 0, a: 1}","{r: 1, g: 0, b: 0, a: 1}","{r: 1, g: 0.92156863, b: 0.015686275, a: 1}",0,1,"{r: 0.9725491, g: 0.9490197, b: 0.9176471, a: 1}","{r: 0.9725491, g: 0.9490197, b: 0.9176471, a: 0}",0,65535,0,0,0,0,0,0,0,32768,65535,0,0,0,0,0,"{r: 0.5137255, g: 0.227451, b: 0.7058824, a: 1}","{r: 0.9921569, g: 0.1137255, b: 0.1137255, a: 1}","{r: 0.9882353, g: 0.6901961, b: 0.2705882, a: 0}","{r: 0, g: 0, b: 0, a: 0}","{r: 0, g: 0, b: 0, a: 0}","{r: 0, g: 0, b: 0, a: 0}","{r: 0, g: 0, b: 0, a: 0}","{r: 0, g: 0, b: 0, a: 0}",-1,0,2,3,2,{fileID: 0},0,0,1,{fileID: 1851967335418539},1851967335418539,0,{fileID: 0},0,{fileID: 0},0,"{fileID: 11500000, guid: 1771844f66abe677a32d54ceab8db201, type: 3}",11500000,1771844f66abe677a32d54ceab8db201
LevelManager,Assets/GameObject/LevelManager.prefab,1771844f66abe677a32d54ceab8db201,1771844f66abe677a32d54ceab8db201,11500000,180,0,"{r: 0, g: 0, b: 1, a: 1}","{r: 0, g: 1, b: 0, a: 1}","{r: 1, g: 0, b: 0, a: 1}","{r: 1, g: 0.92156863, b: 0.015686275, a: 1}",0,1,"{r: 0.9725491, g: 0.9490197, b: 0.9176471, a: 1}","{r: 0.9725491, g: 0.9490197, b: 0.9176471, a: 0}",0,65535,0,0,0,0,0,0,0,32768,65535,0,0,0,0,0,"{r: 0.5137255, g: 0.227451, b: 0.7058824, a: 1}","{r: 0.9921569, g: 0.1137255, b: 0.1137255, a: 1}","{r: 0.9882353, g: 0.6901961, b: 0.2705882, a: 0}","{r: 0, g: 0, b: 0, a: 0}","{r: 0, g: 0, b: 0, a: 0}","{r: 0, g: 0, b: 0, a: 0}","{r: 0, g: 0, b: 0, a: 0}","{r: 0, g: 0, b: 0, a: 0}",-1,0,2,3,2,{fileID: 0},0,0,1,{fileID: 1667247309311914},1667247309311914,0,{fileID: 0},0,{fileID: 0},0,"{fileID: 11500000, guid: 1771844f66abe677a32d54ceab8db201, type: 3}",11500000,1771844f66abe677a32d54ceab8db201
LevelManager,Assets/GameObject/LevelManager.prefab,1771844f66abe677a32d54ceab8db201,1771844f66abe677a32d54ceab8db201,11500000,0,0,"{r: 0, g: 0, b: 1, a: 1}","{r: 0, g: 1, b: 0, a: 1}","{r: 1, g: 0, b: 0, a: 1}","{r: 1, g: 0.92156863, b: 0.015686275, a: 1}",0,1,"{r: 0.9725491, g: 0.9490197, b: 0.9176471, a: 1}","{r: 0.9725491, g: 0.9490197, b: 0.9176471, a: 0}",0,65535,0,0,0,0,0,0,0,32768,65535,0,0,0,0,0,"{r: 0.5137255, g: 0.227451, b: 0.7058824, a: 1}","{r: 0.9921569, g: 0.1137255, b: 0.1137255, a: 1}","{r: 0.9882353, g: 0.6901961, b: 0.2705882, a: 0}","{r: 0, g: 0, b: 0, a: 0}","{r: 0, g: 0, b: 0, a: 0}","{r: 0, g: 0, b: 0, a: 0}","{r: 0, g: 0, b: 0, a: 0}","{r: 0, g: 0, b: 0, a: 0}",-1,0,2,3,2,{fileID: 0},0,0,1,{fileID: 1884010582788837},1884010582788837,0,{fileID: 0},0,{fileID: 0},0,"{fileID: 11500000, guid: 1771844f66abe677a32d54ceab8db201, type: 3}",11500000,1771844f66abe677a32d54ceab8db201
LevelManager,Assets/GameObject/LevelManager.prefab,1771844f66abe677a32d54ceab8db201,1771844f66abe677a32d54ceab8db201,11500000,180,0,"{r: 0, g: 0, b: 1, a: 1}","{r: 0, g: 1, b: 0, a: 1}","{r: 1, g: 0, b: 0, a: 1}","{r: 1, g: 0.92156863, b: 0.015686275, a: 1}",0,1,"{r: 0.9725491, g: 0.9490197, b: 0.9176471, a: 1}","{r: 0.9725491, g: 0.9490197, b: 0.9176471, a: 0}",0,65535,0,0,0,0,0,0,0,32768,65535,0,0,0,0,0,"{r: 0.5137255, g: 0.227451, b: 0.7058824, a: 1}","{r: 0.9921569, g: 0.1137255, b: 0.1137255, a: 1}","{r: 0.9882353, g: 0.6901961, b: 0.2705882, a: 0}","{r: 0, g: 0, b: 0, a: 0}","{r: 0, g: 0, b: 0, a: 0}","{r: 0, g: 0, b: 0, a: 0}","{r: 0, g: 0, b: 0, a: 0}","{r: 0, g: 0, b: 0, a: 0}",-1,0,2,3,2,{fileID: 0},0,0,1,{fileID: 1938450188692456},1938450188692456,0,{fileID: 0},0,{fileID: 0},0,"{fileID: 11500000, guid: 1771844f66abe677a32d54ceab8db201, type: 3}",11500000,1771844f66abe677a32d54ceab8db201
LevelManager,Assets/GameObject/LevelManager.prefab,1771844f66abe677a32d54ceab8db201,1771844f66abe677a32d54ceab8db201,11500000,0,0,"{r: 0, g: 0, b: 1, a: 1}","{r: 0, g: 1, b: 0, a: 1}","{r: 1, g: 0, b: 0, a: 1}","{r: 1, g: 0.92156863, b: 0.015686275, a: 1}",0,1,"{r: 0.9725491, g: 0.9490197, b: 0.9176471, a: 1}","{r: 0.9725491, g: 0.9490197, b: 0.9176471, a: 0}",0,65535,0,0,0,0,0,0,0,32768,65535,0,0,0,0,0,"{r: 0.5137255, g: 0.227451, b: 0.7058824, a: 1}","{r: 0.9921569, g: 0.1137255, b: 0.1137255, a: 1}","{r: 0.9882353, g: 0.6901961, b: 0.2705882, a: 0}","{r: 0, g: 0, b: 0, a: 0}","{r: 0, g: 0, b: 0, a: 0}","{r: 0, g: 0, b: 0, a: 0}","{r: 0, g: 0, b: 0, a: 0}","{r: 0, g: 0, b: 0, a: 0}",-1,0,2,3,2,{fileID: 0},0,0,1,{fileID: 1855131285894063},1855131285894063,0,{fileID: 0},0,{fileID: 0},0,"{fileID: 11500000, guid: 1771844f66abe677a32d54ceab8db201, type: 3}",11500000,1771844f66abe677a32d54ceab8db201
LevelManager,Assets/GameObject/LevelManager.prefab,1771844f66abe677a32d54ceab8db201,1771844f66abe677a32d54ceab8db201,11500000,180,0,"{r: 0, g: 0, b: 1, a: 1}","{r: 0, g: 1, b: 0, a: 1}","{r: 1, g: 0, b: 0, a: 1}","{r: 1, g: 0.92156863, b: 0.015686275, a: 1}",0,1,"{r: 0.9725491, g: 0.9490197, b: 0.9176471, a: 1}","{r: 0.9725491, g: 0.9490197, b: 0.9176471, a: 0}",0,65535,0,0,0,0,0,0,0,32768,65535,0,0,0,0,0,"{r: 0.5137255, g: 0.227451, b: 0.7058824, a: 1}","{r: 0.9921569, g: 0.1137255, b: 0.1137255, a: 1}","{r: 0.9882353, g: 0.6901961, b: 0.2705882, a: 0}","{r: 0, g: 0, b: 0, a: 0}","{r: 0, g: 0, b: 0, a: 0}","{r: 0, g: 0, b: 0, a: 0}","{r: 0, g: 0, b: 0, a: 0}","{r: 0, g: 0, b: 0, a: 0}",-1,0,2,3,2,{fileID: 0},0,0,1,{fileID: 1416288616572323},1416288616572323,0,{fileID: 0},0,{fileID: 0},0,"{fileID: 11500000, guid: 1771844f66abe677a32d54ceab8db201, type: 3}",11500000,1771844f66abe677a32d54ceab8db201
LevelManager,Assets/GameObject/LevelManager.prefab,1771844f66abe677a32d54ceab8db201,1771844f66abe677a32d54ceab8db201,11500000,0,0,"{r: 0, g: 0, b: 1, a: 1}","{r: 0, g: 1, b: 0, a: 1}","{r: 1, g: 0, b: 0, a: 1}","{r: 1, g: 0.92156863, b: 0.015686275, a: 1}",0,1,"{r: 0.9725491, g: 0.9490197, b: 0.9176471, a: 1}","{r: 0.9725491, g: 0.9490197, b: 0.9176471, a: 0}",0,65535,0,0,0,0,0,0,0,32768,65535,0,0,0,0,0,"{r: 0.5137255, g: 0.227451, b: 0.7058824, a: 1}","{r: 0.9921569, g: 0.1137255, b: 0.1137255, a: 1}","{r: 0.9882353, g: 0.6901961, b: 0.2705882, a: 0}","{r: 0, g: 0, b: 0, a: 0}","{r: 0, g: 0, b: 0, a: 0}","{r: 0, g: 0, b: 0, a: 0}","{r: 0, g: 0, b: 0, a: 0}","{r: 0, g: 0, b: 0, a: 0}",-1,0,2,3,2,{fileID: 0},0,0,1,{fileID: 1735988774224838},1735988774224838,0,{fileID: 0},0,{fileID: 0},0,"{fileID: 11500000, guid: 1771844f66abe677a32d54ceab8db201, type: 3}",11500000,1771844f66abe677a32d54ceab8db201
LevelManager,Assets/GameObject/LevelManager.prefab,1771844f66abe677a32d54ceab8db201,1771844f66abe677a32d54ceab8db201,11500000,180,0,"{r: 0, g: 0, b: 1, a: 1}","{r: 0, g: 1, b: 0, a: 1}","{r: 1, g: 0, b: 0, a: 1}","{r: 1, g: 0.92156863, b: 0.015686275, a: 1}",0,1,"{r: 0.9725491, g: 0.9490197, b: 0.9176471, a: 1}","{r: 0.9725491, g: 0.9490197, b: 0.9176471, a: 0}",0,65535,0,0,0,0,0,0,0,32768,65535,0,0,0,0,0,"{r: 0.5137255, g: 0.227451, b: 0.7058824, a: 1}","{r: 0.9921569, g: 0.1137255, b: 0.1137255, a: 1}","{r: 0.9882353, g: 0.6901961, b: 0.2705882, a: 0}","{r: 0, g: 0, b: 0, a: 0}","{r: 0, g: 0, b: 0, a: 0}","{r: 0, g: 0, b: 0, a: 0}","{r: 0, g: 0, b: 0, a: 0}","{r: 0, g: 0, b: 0, a: 0}",-1,0,2,3,2,{fileID: 0},0,0,1,{fileID: 1840087429012599},1840087429012599,0,{fileID: 0},0,{fileID: 0},0,"{fileID: 11500000, guid: 1771844f66abe677a32d54ceab8db201, type: 3}",11500000,1771844f66abe677a32d54ceab8db201
LevelManager,Assets/GameObject/LevelManager.prefab,1771844f66abe677a32d54ceab8db201,1771844f66abe677a32d54ceab8db201,11500000,0,0,"{r: 0, g: 0, b: 1, a: 1}","{r: 0, g: 1, b: 0, a: 1}","{r: 1, g: 0, b: 0, a: 1}","{r: 1, g: 0.92156863, b: 0.015686275, a: 1}",0,1,"{r: 0.9725491, g: 0.9490197, b: 0.9176471, a: 1}","{r: 0.9725491, g: 0.9490197, b: 0.9176471, a: 0}",0,65535,0,0,0,0,0,0,0,32768,65535,0,0,0,0,0,"{r: 0.5137255, g: 0.227451, b: 0.7058824, a: 1}","{r: 0.9921569, g: 0.1137255, b: 0.1137255, a: 1}","{r: 0.9882353, g: 0.6901961, b: 0.2705882, a: 0}","{r: 0, g: 0, b: 0, a: 0}","{r: 0, g: 0, b: 0, a: 0}","{r: 0, g: 0, b: 0, a: 0}","{r: 0, g: 0, b: 0, a: 0}","{r: 0, g: 0, b: 0, a: 0}",-1,0,2,3,2,{fileID: 0},0,0,1,{fileID: 1406966683827260},1406966683827260,0,{fileID: 0},0,{fileID: 0},0,"{fileID: 11500000, guid: 1771844f66abe677a32d54ceab8db201, type: 3}",11500000,1771844f66abe677a32d54ceab8db201
LevelManager,Assets/GameObject/LevelManager.prefab,1771844f66abe677a32d54ceab8db201,1771844f66abe677a32d54ceab8db201,11500000,180,0,"{r: 0, g: 0, b: 1, a: 1}","{r: 0, g: 1, b: 0, a: 1}","{r: 1, g: 0, b: 0, a: 1}","{r: 1, g: 0.92156863, b: 0.015686275, a: 1}",0,1,"{r: 0.9725491, g: 0.9490197, b: 0.9176471, a: 1}","{r: 0.9725491, g: 0.9490197, b: 0.9176471, a: 0}",0,65535,0,0,0,0,0,0,0,32768,65535,0,0,0,0,0,"{r: 0.5137255, g: 0.227451, b: 0.7058824, a: 1}","{r: 0.9921569, g: 0.1137255, b: 0.1137255, a: 1}","{r: 0.9882353, g: 0.6901961, b: 0.2705882, a: 0}","{r: 0, g: 0, b: 0, a: 0}","{r: 0, g: 0, b: 0, a: 0}","{r: 0, g: 0, b: 0, a: 0}","{r: 0, g: 0, b: 0, a: 0}","{r: 0, g: 0, b: 0, a: 0}",-1,0,2,3,2,{fileID: 0},0,0,1,{fileID: 1071081094920379},1071081094920379,0,{fileID: 0},0,{fileID: 0},0,"{fileID: 11500000, guid: 1771844f66abe677a32d54ceab8db201, type: 3}",11500000,1771844f66abe677a32d54ceab8db201
LevelManager,Assets/GameObject/LevelManager.prefab,1771844f66abe677a32d54ceab8db201,1771844f66abe677a32d54ceab8db201,11500000,0,0,"{r: 0, g: 0, b: 1, a: 1}","{r: 0, g: 1, b: 0, a: 1}","{r: 1, g: 0, b: 0, a: 1}","{r: 1, g: 0.92156863, b: 0.015686275, a: 1}",0,1,"{r: 0.9725491, g: 0.9490197, b: 0.9176471, a: 1}","{r: 0.9725491, g: 0.9490197, b: 0.9176471, a: 0}",0,65535,0,0,0,0,0,0,0,32768,65535,0,0,0,0,0,"{r: 0.5137255, g: 0.227451, b: 0.7058824, a: 1}","{r: 0.9921569, g: 0.1137255, b: 0.1137255, a: 1}","{r: 0.9882353, g: 0.6901961, b: 0.2705882, a: 0}","{r: 0, g: 0, b: 0, a: 0}","{r: 0, g: 0, b: 0, a: 0}","{r: 0, g: 0, b: 0, a: 0}","{r: 0, g: 0, b: 0, a: 0}","{r: 0, g: 0, b: 0, a: 0}",-1,0,2,3,2,{fileID: 0},0,0,1,{fileID: 1940126095500419},1940126095500419,0,{fileID: 0},0,{fileID: 0},0,"{fileID: 11500000, guid: 1771844f66abe677a32d54ceab8db201, type: 3}",11500000,1771844f66abe677a32d54ceab8db201
LevelManager,Assets/GameObject/LevelManager.prefab,1771844f66abe677a32d54ceab8db201,1771844f66abe677a32d54ceab8db201,11500000,180,0,"{r: 0, g: 0, b: 1, a: 1}","{r: 0, g: 1, b: 0, a: 1}","{r: 1, g: 0, b: 0, a: 1}","{r: 1, g: 0.92156863, b: 0.015686275, a: 1}",0,1,"{r: 0.9725491, g: 0.9490197, b: 0.9176471, a: 1}","{r: 0.9725491, g: 0.9490197, b: 0.9176471, a: 0}",0,65535,0,0,0,0,0,0,0,32768,65535,0,0,0,0,0,"{r: 0.5137255, g: 0.227451, b: 0.7058824, a: 1}","{r: 0.9921569, g: 0.1137255, b: 0.1137255, a: 1}","{r: 0.9882353, g: 0.6901961, b: 0.2705882, a: 0}","{r: 0, g: 0, b: 0, a: 0}","{r: 0, g: 0, b: 0, a: 0}","{r: 0, g: 0, b: 0, a: 0}","{r: 0, g: 0, b: 0, a: 0}","{r: 0, g: 0, b: 0, a: 0}",-1,0,2,3,2,{fileID: 0},0,0,1,{fileID: 1065471816770758},1065471816770758,0,{fileID: 0},0,{fileID: 0},0,"{fileID: 11500000, guid: 1771844f66abe677a32d54ceab8db201, type: 3}",11500000,1771844f66abe677a32d54ceab8db201
LevelManager,Assets/GameObject/LevelManager.prefab,1771844f66abe677a32d54ceab8db201,1771844f66abe677a32d54ceab8db201,11500000,0,0,"{r: 0, g: 0, b: 1, a: 1}","{r: 0, g: 1, b: 0, a: 1}","{r: 1, g: 0, b: 0, a: 1}","{r: 1, g: 0.92156863, b: 0.015686275, a: 1}",0,1,"{r: 0.9725491, g: 0.9490197, b: 0.9176471, a: 1}","{r: 0.9725491, g: 0.9490197, b: 0.9176471, a: 0}",0,65535,0,0,0,0,0,0,0,32768,65535,0,0,0,0,0,"{r: 0.5137255, g: 0.227451, b: 0.7058824, a: 1}","{r: 0.9921569, g: 0.1137255, b: 0.1137255, a: 1}","{r: 0.9882353, g: 0.6901961, b: 0.2705882, a: 0}","{r: 0, g: 0, b: 0, a: 0}","{r: 0, g: 0, b: 0, a: 0}","{r: 0, g: 0, b: 0, a: 0}","{r: 0, g: 0, b: 0, a: 0}","{r: 0, g: 0, b: 0, a: 0}",-1,0,2,3,2,{fileID: 0},0,0,1,{fileID: 1049366227503656},1049366227503656,0,{fileID: 0},0,{fileID: 0},0,"{fileID: 11500000, guid: 1771844f66abe677a32d54ceab8db201, type: 3}",11500000,1771844f66abe677a32d54ceab8db201
LevelManager,Assets/GameObject/LevelManager.prefab,1771844f66abe677a32d54ceab8db201,1771844f66abe677a32d54ceab8db201,11500000,180,0,"{r: 0, g: 0, b: 1, a: 1}","{r: 0, g: 1, b: 0, a: 1}","{r: 1, g: 0, b: 0, a: 1}","{r: 1, g: 0.92156863, b: 0.015686275, a: 1}",0,1,"{r: 0.9725491, g: 0.9490197, b: 0.9176471, a: 1}","{r: 0.9725491, g: 0.9490197, b: 0.9176471, a: 0}",0,65535,0,0,0,0,0,0,0,32768,65535,0,0,0,0,0,"{r: 0.5137255, g: 0.227451, b: 0.7058824, a: 1}","{r: 0.9921569, g: 0.1137255, b: 0.1137255, a: 1}","{r: 0.9882353, g: 0.6901961, b: 0.2705882, a: 0}","{r: 0, g: 0, b: 0, a: 0}","{r: 0, g: 0, b: 0, a: 0}","{r: 0, g: 0, b: 0, a: 0}","{r: 0, g: 0, b: 0, a: 0}","{r: 0, g: 0, b: 0, a: 0}",-1,0,2,3,2,{fileID: 0},0,0,1,{fileID: 1628308166966075},1628308166966075,0,{fileID: 0},0,{fileID: 0},0,"{fileID: 11500000, guid: 1771844f66abe677a32d54ceab8db201, type: 3}",11500000,1771844f66abe677a32d54ceab8db201
LevelManager,Assets/GameObject/LevelManager.prefab,1771844f66abe677a32d54ceab8db201,1771844f66abe677a32d54ceab8db201,11500000,0,0,"{r: 0, g: 0, b: 1, a: 1}","{r: 0, g: 1, b: 0, a: 1}","{r: 1, g: 0, b: 0, a: 1}","{r: 1, g: 0.92156863, b: 0.015686275, a: 1}",0,1,"{r: 0.9725491, g: 0.9490197, b: 0.9176471, a: 1}","{r: 0.9725491, g: 0.9490197, b: 0.9176471, a: 0}",0,65535,0,0,0,0,0,0,0,32768,65535,0,0,0,0,0,"{r: 0.5137255, g: 0.227451, b: 0.7058824, a: 1}","{r: 0.9921569, g: 0.1137255, b: 0.1137255, a: 1}","{r: 0.9882353, g: 0.6901961, b: 0.2705882, a: 0}","{r: 0, g: 0, b: 0, a: 0}","{r: 0, g: 0, b: 0, a: 0}","{r: 0, g: 0, b: 0, a: 0}","{r: 0, g: 0, b: 0, a: 0}","{r: 0, g: 0, b: 0, a: 0}",-1,0,2,3,2,{fileID: 0},0,0,1,{fileID: 1525142450677250},1525142450677250,0,{fileID: 0},0,{fileID: 0},0,"{fileID: 11500000, guid: 1771844f66abe677a32d54ceab8db201, type: 3}",11500000,1771844f66abe677a32d54ceab8db201
LevelManager,Assets/GameObject/LevelManager.prefab,1771844f66abe677a32d54ceab8db201,1771844f66abe677a32d54ceab8db201,11500000,180,0,"{r: 0, g: 0, b: 1, a: 1}","{r: 0, g: 1, b: 0, a: 1}","{r: 1, g: 0, b: 0, a: 1}","{r: 1, g: 0.92156863, b: 0.015686275, a: 1}",0,1,"{r: 0.9725491, g: 0.9490197, b: 0.9176471, a: 1}","{r: 0.9725491, g: 0.9490197, b: 0.9176471, a: 0}",0,65535,0,0,0,0,0,0,0,32768,65535,0,0,0,0,0,"{r: 0.5137255, g: 0.227451, b: 0.7058824, a: 1}","{r: 0.9921569, g: 0.1137255, b: 0.1137255, a: 1}","{r: 0.9882353, g: 0.6901961, b: 0.2705882, a: 0}","{r: 0, g: 0, b: 0, a: 0}","{r: 0, g: 0, b: 0, a: 0}","{r: 0, g: 0, b: 0, a: 0}","{r: 0, g: 0, b: 0, a: 0}","{r: 0, g: 0, b: 0, a: 0}",-1,0,2,3,2,{fileID: 0},0,0,1,{fileID: 1773042944590189},1773042944590189,0,{fileID: 0},0,{fileID: 0},0,"{fileID: 11500000, guid: 1771844f66abe677a32d54ceab8db201, type: 3}",11500000,1771844f66abe677a32d54ceab8db201
LevelManager,Assets/GameObject/LevelManager.prefab,1771844f66abe677a32d54ceab8db201,1771844f66abe677a32d54ceab8db201,11500000,0,0,"{r: 0, g: 0, b: 1, a: 1}","{r: 0, g: 1, b: 0, a: 1}","{r: 1, g: 0, b: 0, a: 1}","{r: 1, g: 0.92156863, b: 0.015686275, a: 1}",0,1,"{r: 0.9725491, g: 0.9490197, b: 0.9176471, a: 1}","{r: 0.9725491, g: 0.9490197, b: 0.9176471, a: 0}",0,65535,0,0,0,0,0,0,0,32768,65535,0,0,0,0,0,"{r: 0.5137255, g: 0.227451, b: 0.7058824, a: 1}","{r: 0.9921569, g: 0.1137255, b: 0.1137255, a: 1}","{r: 0.9882353, g: 0.6901961, b: 0.2705882, a: 0}","{r: 0, g: 0, b: 0, a: 0}","{r: 0, g: 0, b: 0, a: 0}","{r: 0, g: 0, b: 0, a: 0}","{r: 0, g: 0, b: 0, a: 0}","{r: 0, g: 0, b: 0, a: 0}",-1,0,2,3,2,{fileID: 0},0,0,1,{fileID: 1618853531923594},1618853531923594,0,{fileID: 0},0,{fileID: 0},0,"{fileID: 11500000, guid: 1771844f66abe677a32d54ceab8db201, type: 3}",11500000,1771844f66abe677a32d54ceab8db201
LevelManager,Assets/GameObject/LevelManager.prefab,1771844f66abe677a32d54ceab8db201,1771844f66abe677a32d54ceab8db201,11500000,180,0,"{r: 0, g: 0, b: 1, a: 1}","{r: 0, g: 1, b: 0, a: 1}","{r: 1, g: 0, b: 0, a: 1}","{r: 1, g: 0.92156863, b: 0.015686275, a: 1}",0,1,"{r: 0.9725491, g: 0.9490197, b: 0.9176471, a: 1}","{r: 0.9725491, g: 0.9490197, b: 0.9176471, a: 0}",0,65535,0,0,0,0,0,0,0,32768,65535,0,0,0,0,0,"{r: 0.5137255, g: 0.227451, b: 0.7058824, a: 1}","{r: 0.9921569, g: 0.1137255, b: 0.1137255, a: 1}","{r: 0.9882353, g: 0.6901961, b: 0.2705882, a: 0}","{r: 0, g: 0, b: 0, a: 0}","{r: 0, g: 0, b: 0, a: 0}","{r: 0, g: 0, b: 0, a: 0}","{r: 0, g: 0, b: 0, a: 0}","{r: 0, g: 0, b: 0, a: 0}",-1,0,2,3,2,{fileID: 0},0,0,1,{fileID: 1561592623079960},1561592623079960,0,{fileID: 0},0,{fileID: 0},0,"{fileID: 11500000, guid: 1771844f66abe677a32d54ceab8db201, type: 3}",11500000,1771844f66abe677a32d54ceab8db201
LevelManager,Assets/GameObject/LevelManager.prefab,1771844f66abe677a32d54ceab8db201,1771844f66abe677a32d54ceab8db201,11500000,0,0,"{r: 0, g: 0, b: 1, a: 1}","{r: 0, g: 1, b: 0, a: 1}","{r: 1, g: 0, b: 0, a: 1}","{r: 1, g: 0.92156863, b: 0.015686275, a: 1}",0,1,"{r: 0.9725491, g: 0.9490197, b: 0.9176471, a: 1}","{r: 0.9725491, g: 0.9490197, b: 0.9176471, a: 0}",0,65535,0,0,0,0,0,0,0,32768,65535,0,0,0,0,0,"{r: 0.5137255, g: 0.227451, b: 0.7058824, a: 1}","{r: 0.9921569, g: 0.1137255, b: 0.1137255, a: 1}","{r: 0.9882353, g: 0.6901961, b: 0.2705882, a: 0}","{r: 0, g: 0, b: 0, a: 0}","{r: 0, g: 0, b: 0, a: 0}","{r: 0, g: 0, b: 0, a: 0}","{r: 0, g: 0, b: 0, a: 0}","{r: 0, g: 0, b: 0, a: 0}",-1,0,2,3,2,{fileID: 0},0,0,1,{fileID: 1559544458976042},1559544458976042,0,{fileID: 0},0,{fileID: 0},0,"{fileID: 11500000, guid: 1771844f66abe677a32d54ceab8db201, type: 3}",11500000,1771844f66abe677a32d54ceab8db201
LevelManager,Assets/GameObject/LevelManager.prefab,1771844f66abe677a32d54ceab8db201,1771844f66abe677a32d54ceab8db201,11500000,180,0,"{r: 0, g: 0, b: 1, a: 1}","{r: 0, g: 1, b: 0, a: 1}","{r: 1, g: 0, b: 0, a: 1}","{r: 1, g: 0.92156863, b: 0.015686275, a: 1}",0,1,"{r: 0.9725491, g: 0.9490197, b: 0.9176471, a: 1}","{r: 0.9725491, g: 0.9490197, b: 0.9176471, a: 0}",0,65535,0,0,0,0,0,0,0,32768,65535,0,0,0,0,0,"{r: 0.5137255, g: 0.227451, b: 0.7058824, a: 1}","{r: 0.9921569, g: 0.1137255, b: 0.1137255, a: 1}","{r: 0.9882353, g: 0.6901961, b: 0.2705882, a: 0}","{r: 0, g: 0, b: 0, a: 0}","{r: 0, g: 0, b: 0, a: 0}","{r: 0, g: 0, b: 0, a: 0}","{r: 0, g: 0, b: 0, a: 0}","{r: 0, g: 0, b: 0, a: 0}",-1,0,2,3,2,{fileID: 0},0,0,1,{fileID: 1637787263208537},1637787263208537,0,{fileID: 0},0,{fileID: 0},0,"{fileID: 11500000, guid: 1771844f66abe677a32d54ceab8db201, type: 3}",11500000,1771844f66abe677a32d54ceab8db201
LevelManager,Assets/GameObject/LevelManager.prefab,1771844f66abe677a32d54ceab8db201,1771844f66abe677a32d54ceab8db201,11500000,0,0,"{r: 0, g: 0, b: 1, a: 1}","{r: 0, g: 1, b: 0, a: 1}","{r: 1, g: 0, b: 0, a: 1}","{r: 1, g: 0.92156863, b: 0.015686275, a: 1}",0,1,"{r: 0.9725491, g: 0.9490197, b: 0.9176471, a: 1}","{r: 0.9725491, g: 0.9490197, b: 0.9176471, a: 0}",0,65535,0,0,0,0,0,0,0,32768,65535,0,0,0,0,0,"{r: 0.5137255, g: 0.227451, b: 0.7058824, a: 1}","{r: 0.9921569, g: 0.1137255, b: 0.1137255, a: 1}","{r: 0.9882353, g: 0.6901961, b: 0.2705882, a: 0}","{r: 0, g: 0, b: 0, a: 0}","{r: 0, g: 0, b: 0, a: 0}","{r: 0, g: 0, b: 0, a: 0}","{r: 0, g: 0, b: 0, a: 0}","{r: 0, g: 0, b: 0, a: 0}",-1,0,2,3,2,{fileID: 0},0,0,1,{fileID: 1250048771362322},1250048771362322,0,{fileID: 0},0,{fileID: 0},0,"{fileID: 11500000, guid: 1771844f66abe677a32d54ceab8db201, type: 3}",11500000,1771844f66abe677a32d54ceab8db201
LevelManager,Assets/GameObject/LevelManager.prefab,1771844f66abe677a32d54ceab8db201,1771844f66abe677a32d54ceab8db201,11500000,180,0,"{r: 0, g: 0, b: 1, a: 1}","{r: 0, g: 1, b: 0, a: 1}","{r: 1, g: 0, b: 0, a: 1}","{r: 1, g: 0.92156863, b: 0.015686275, a: 1}",0,1,"{r: 0.9725491, g: 0.9490197, b: 0.9176471, a: 1}","{r: 0.9725491, g: 0.9490197, b: 0.9176471, a: 0}",0,65535,0,0,0,0,0,0,0,32768,65535,0,0,0,0,0,"{r: 0.5137255, g: 0.227451, b: 0.7058824, a: 1}","{r: 0.9921569, g: 0.1137255, b: 0.1137255, a: 1}","{r: 0.9882353, g: 0.6901961, b: 0.2705882, a: 0}","{r: 0, g: 0, b: 0, a: 0}","{r: 0, g: 0, b: 0, a: 0}","{r: 0, g: 0, b: 0, a: 0}","{r: 0, g: 0, b: 0, a: 0}","{r: 0, g: 0, b: 0, a: 0}",-1,0,2,3,2,{fileID: 0},0,0,1,{fileID: 1400151977208502},1400151977208502,0,{fileID: 0},0,{fileID: 0},0,"{fileID: 11500000, guid: 1771844f66abe677a32d54ceab8db201, type: 3}",11500000,1771844f66abe677a32d54ceab8db201
LevelManager,Assets/GameObject/LevelManager.prefab,1771844f66abe677a32d54ceab8db201,1771844f66abe677a32d54ceab8db201,11500000,0,0,"{r: 0, g: 0, b: 1, a: 1}","{r: 0, g: 1, b: 0, a: 1}","{r: 1, g: 0, b: 0, a: 1}","{r: 1, g: 0.92156863, b: 0.015686275, a: 1}",0,1,"{r: 0.9725491, g: 0.9490197, b: 0.9176471, a: 1}","{r: 0.9725491, g: 0.9490197, b: 0.9176471, a: 0}",0,65535,0,0,0,0,0,0,0,32768,65535,0,0,0,0,0,"{r: 0.5137255, g: 0.227451, b: 0.7058824, a: 1}","{r: 0.9921569, g: 0.1137255, b: 0.1137255, a: 1}","{r: 0.9882353, g: 0.6901961, b: 0.2705882, a: 0}","{r: 0, g: 0, b: 0, a: 0}","{r: 0, g: 0, b: 0, a: 0}","{r: 0, g: 0, b: 0, a: 0}","{r: 0, g: 0, b: 0, a: 0}","{r: 0, g: 0, b: 0, a: 0}",-1,0,2,3,2,{fileID: 0},0,0,1,{fileID: 1875971231475815},1875971231475815,0,{fileID: 0},0,{fileID: 0},0,"{fileID: 11500000, guid: 1771844f66abe677a32d54ceab8db201, type: 3}",11500000,1771844f66abe677a32d54ceab8db201
LevelManager,Assets/GameObject/LevelManager.prefab,1771844f66abe677a32d54ceab8db201,1771844f66abe677a32d54ceab8db201,11500000,180,0,"{r: 0, g: 0, b: 1, a: 1}","{r: 0, g: 1, b: 0, a: 1}","{r: 1, g: 0, b: 0, a: 1}","{r: 1, g: 0.92156863, b: 0.015686275, a: 1}",0,1,"{r: 0.9725491, g: 0.9490197, b: 0.9176471, a: 1}","{r: 0.9725491, g: 0.9490197, b: 0.9176471, a: 0}",0,65535,0,0,0,0,0,0,0,32768,65535,0,0,0,0,0,"{r: 0.5137255, g: 0.227451, b: 0.7058824, a: 1}","{r: 0.9921569, g: 0.1137255, b: 0.1137255, a: 1}","{r: 0.9882353, g: 0.6901961, b: 0.2705882, a: 0}","{r: 0, g: 0, b: 0, a: 0}","{r: 0, g: 0, b: 0, a: 0}","{r: 0, g: 0, b: 0, a: 0}","{r: 0, g: 0, b: 0, a: 0}","{r: 0, g: 0, b: 0, a: 0}",-1,0,2,3,2,{fileID: 0},0,0,1,{fileID: 1813548131918563},1813548131918563,0,{fileID: 0},0,{fileID: 0},0,"{fileID: 11500000, guid: 1771844f66abe677a32d54ceab8db201, type: 3}",11500000,1771844f66abe677a32d54ceab8db201
LevelManager,Assets/GameObject/LevelManager.prefab,1771844f66abe677a32d54ceab8db201,1771844f66abe677a32d54ceab8db201,11500000,0,0,"{r: 0, g: 0, b: 1, a: 1}","{r: 0, g: 1, b: 0, a: 1}","{r: 1, g: 0, b: 0, a: 1}","{r: 1, g: 0.92156863, b: 0.015686275, a: 1}",0,1,"{r: 0.9725491, g: 0.9490197, b: 0.9176471, a: 1}","{r: 0.9725491, g: 0.9490197, b: 0.9176471, a: 0}",0,65535,0,0,0,0,0,0,0,32768,65535,0,0,0,0,0,"{r: 0.5137255, g: 0.227451, b: 0.7058824, a: 1}","{r: 0.9921569, g: 0.1137255, b: 0.1137255, a: 1}","{r: 0.9882353, g: 0.6901961, b: 0.2705882, a: 0}","{r: 0, g: 0, b: 0, a: 0}","{r: 0, g: 0, b: 0, a: 0}","{r: 0, g: 0, b: 0, a: 0}","{r: 0, g: 0, b: 0, a: 0}","{r: 0, g: 0, b: 0, a: 0}",-1,0,2,3,2,{fileID: 0},0,0,1,{fileID: 1255475823360466},1255475823360466,0,{fileID: 0},0,{fileID: 0},0,"{fileID: 11500000, guid: 1771844f66abe677a32d54ceab8db201, type: 3}",11500000,1771844f66abe677a32d54ceab8db201
LevelManager,Assets/GameObject/LevelManager.prefab,1771844f66abe677a32d54ceab8db201,1771844f66abe677a32d54ceab8db201,11500000,180,0,"{r: 0, g: 0, b: 1, a: 1}","{r: 0, g: 1, b: 0, a: 1}","{r: 1, g: 0, b: 0, a: 1}","{r: 1, g: 0.92156863, b: 0.015686275, a: 1}",0,1,"{r: 0.9725491, g: 0.9490197, b: 0.9176471, a: 1}","{r: 0.9725491, g: 0.9490197, b: 0.9176471, a: 0}",0,65535,0,0,0,0,0,0,0,32768,65535,0,0,0,0,0,"{r: 0.5137255, g: 0.227451, b: 0.7058824, a: 1}","{r: 0.9921569, g: 0.1137255, b: 0.1137255, a: 1}","{r: 0.9882353, g: 0.6901961, b: 0.2705882, a: 0}","{r: 0, g: 0, b: 0, a: 0}","{r: 0, g: 0, b: 0, a: 0}","{r: 0, g: 0, b: 0, a: 0}","{r: 0, g: 0, b: 0, a: 0}","{r: 0, g: 0, b: 0, a: 0}",-1,0,2,3,2,{fileID: 0},0,0,1,{fileID: 1536808457269100},1536808457269100,0,{fileID: 0},0,{fileID: 0},0,"{fileID: 11500000, guid: 1771844f66abe677a32d54ceab8db201, type: 3}",11500000,1771844f66abe677a32d54ceab8db201
LevelManager,Assets/GameObject/LevelManager.prefab,1771844f66abe677a32d54ceab8db201,1771844f66abe677a32d54ceab8db201,11500000,0,0,"{r: 0, g: 0, b: 1, a: 1}","{r: 0, g: 1, b: 0, a: 1}","{r: 1, g: 0, b: 0, a: 1}","{r: 1, g: 0.92156863, b: 0.015686275, a: 1}",0,1,"{r: 0.9725491, g: 0.9490197, b: 0.9176471, a: 1}","{r: 0.9725491, g: 0.9490197, b: 0.9176471, a: 0}",0,65535,0,0,0,0,0,0,0,32768,65535,0,0,0,0,0,"{r: 0.5137255, g: 0.227451, b: 0.7058824, a: 1}","{r: 0.9921569, g: 0.1137255, b: 0.1137255, a: 1}","{r: 0.9882353, g: 0.6901961, b: 0.2705882, a: 0}","{r: 0, g: 0, b: 0, a: 0}","{r: 0, g: 0, b: 0, a: 0}","{r: 0, g: 0, b: 0, a: 0}","{r: 0, g: 0, b: 0, a: 0}","{r: 0, g: 0, b: 0, a: 0}",-1,0,2,3,2,{fileID: 0},0,0,1,{fileID: 1418754525892774},1418754525892774,0,{fileID: 0},0,{fileID: 0},0,"{fileID: 11500000, guid: 1771844f66abe677a32d54ceab8db201, type: 3}",11500000,1771844f66abe677a32d54ceab8db201
LevelManager,Assets/GameObject/LevelManager.prefab,1771844f66abe677a32d54ceab8db201,1771844f66abe677a32d54ceab8db201,11500000,180,0,"{r: 0, g: 0, b: 1, a: 1}","{r: 0, g: 1, b: 0, a: 1}","{r: 1, g: 0, b: 0, a: 1}","{r: 1, g: 0.92156863, b: 0.015686275, a: 1}",0,1,"{r: 0.9725491, g: 0.9490197, b: 0.9176471, a: 1}","{r: 0.9725491, g: 0.9490197, b: 0.9176471, a: 0}",0,65535,0,0,0,0,0,0,0,32768,65535,0,0,0,0,0,"{r: 0.5137255, g: 0.227451, b: 0.7058824, a: 1}","{r: 0.9921569, g: 0.1137255, b: 0.1137255, a: 1}","{r: 0.9882353, g: 0.6901961, b: 0.2705882, a: 0}","{r: 0, g: 0, b: 0, a: 0}","{r: 0, g: 0, b: 0, a: 0}","{r: 0, g: 0, b: 0, a: 0}","{r: 0, g: 0, b: 0, a: 0}","{r: 0, g: 0, b: 0, a: 0}",-1,0,2,3,2,{fileID: 0},0,0,1,{fileID: 1897145438738420},1897145438738420,0,{fileID: 0},0,{fileID: 0},0,"{fileID: 11500000, guid: 1771844f66abe677a32d54ceab8db201, type: 3}",11500000,1771844f66abe677a32d54ceab8db201
LevelManager,Assets/GameObject/LevelManager.prefab,1771844f66abe677a32d54ceab8db201,1771844f66abe677a32d54ceab8db201,11500000,0,0,"{r: 0, g: 0, b: 1, a: 1}","{r: 0, g: 1, b: 0, a: 1}","{r: 1, g: 0, b: 0, a: 1}","{r: 1, g: 0.92156863, b: 0.015686275, a: 1}",0,1,"{r: 0.9725491, g: 0.9490197, b: 0.9176471, a: 1}","{r: 0.9725491, g: 0.9490197, b: 0.9176471, a: 0}",0,65535,0,0,0,0,0,0,0,32768,65535,0,0,0,0,0,"{r: 0.5137255, g: 0.227451, b: 0.7058824, a: 1}","{r: 0.9921569, g: 0.1137255, b: 0.1137255, a: 1}","{r: 0.9882353, g: 0.6901961, b: 0.2705882, a: 0}","{r: 0, g: 0, b: 0, a: 0}","{r: 0, g: 0, b: 0, a: 0}","{r: 0, g: 0, b: 0, a: 0}","{r: 0, g: 0, b: 0, a: 0}","{r: 0, g: 0, b: 0, a: 0}",-1,0,2,3,2,{fileID: 0},0,0,1,{fileID: 1085454865708643},1085454865708643,0,{fileID: 0},0,{fileID: 0},0,"{fileID: 11500000, guid: 1771844f66abe677a32d54ceab8db201, type: 3}",11500000,1771844f66abe677a32d54ceab8db201
LevelManager,Assets/GameObject/LevelManager.prefab,1771844f66abe677a32d54ceab8db201,1771844f66abe677a32d54ceab8db201,11500000,180,0,"{r: 0, g: 0, b: 1, a: 1}","{r: 0, g: 1, b: 0, a: 1}","{r: 1, g: 0, b: 0, a: 1}","{r: 1, g: 0.92156863, b: 0.015686275, a: 1}",0,1,"{r: 0.9725491, g: 0.9490197, b: 0.9176471, a: 1}","{r: 0.9725491, g: 0.9490197, b: 0.9176471, a: 0}",0,65535,0,0,0,0,0,0,0,32768,65535,0,0,0,0,0,"{r: 0.5137255, g: 0.227451, b: 0.7058824, a: 1}","{r: 0.9921569, g: 0.1137255, b: 0.1137255, a: 1}","{r: 0.9882353, g: 0.6901961, b: 0.2705882, a: 0}","{r: 0, g: 0, b: 0, a: 0}","{r: 0, g: 0, b: 0, a: 0}","{r: 0, g: 0, b: 0, a: 0}","{r: 0, g: 0, b: 0, a: 0}","{r: 0, g: 0, b: 0, a: 0}",-1,0,2,3,2,{fileID: 0},0,0,1,{fileID: 1163805424950144},1163805424950144,0,{fileID: 0},0,{fileID: 0},0,"{fileID: 11500000, guid: 1771844f66abe677a32d54ceab8db201, type: 3}",11500000,1771844f66abe677a32d54ceab8db201
LevelManager,Assets/GameObject/LevelManager.prefab,1771844f66abe677a32d54ceab8db201,1771844f66abe677a32d54ceab8db201,11500000,0,0,"{r: 0, g: 0, b: 1, a: 1}","{r: 0, g: 1, b: 0, a: 1}","{r: 1, g: 0, b: 0, a: 1}","{r: 1, g: 0.92156863, b: 0.015686275, a: 1}",0,1,"{r: 0.9725491, g: 0.9490197, b: 0.9176471, a: 1}","{r: 0.9725491, g: 0.9490197, b: 0.9176471, a: 0}",0,65535,0,0,0,0,0,0,0,32768,65535,0,0,0,0,0,"{r: 0.5137255, g: 0.227451, b: 0.7058824, a: 1}","{r: 0.9921569, g: 0.1137255, b: 0.1137255, a: 1}","{r: 0.9882353, g: 0.6901961, b: 0.2705882, a: 0}","{r: 0, g: 0, b: 0, a: 0}","{r: 0, g: 0, b: 0, a: 0}","{r: 0, g: 0, b: 0, a: 0}","{r: 0, g: 0, b: 0, a: 0}","{r: 0, g: 0, b: 0, a: 0}",-1,0,2,3,2,{fileID: 0},0,0,1,{fileID: 1698671004946520},1698671004946520,0,{fileID: 0},0,{fileID: 0},0,"{fileID: 11500000, guid: 1771844f66abe677a32d54ceab8db201, type: 3}",11500000,1771844f66abe677a32d54ceab8db201
LevelManager,Assets/GameObject/LevelManager.prefab,1771844f66abe677a32d54ceab8db201,1771844f66abe677a32d54ceab8db201,11500000,180,0,"{r: 0, g: 0, b: 1, a: 1}","{r: 0, g: 1, b: 0, a: 1}","{r: 1, g: 0, b: 0, a: 1}","{r: 1, g: 0.92156863, b: 0.015686275, a: 1}",0,1,"{r: 0.9725491, g: 0.9490197, b: 0.9176471, a: 1}","{r: 0.9725491, g: 0.9490197, b: 0.9176471, a: 0}",0,65535,0,0,0,0,0,0,0,32768,65535,0,0,0,0,0,"{r: 0.5137255, g: 0.227451, b: 0.7058824, a: 1}","{r: 0.9921569, g: 0.1137255, b: 0.1137255, a: 1}","{r: 0.9882353, g: 0.6901961, b: 0.2705882, a: 0}","{r: 0, g: 0, b: 0, a: 0}","{r: 0, g: 0, b: 0, a: 0}","{r: 0, g: 0, b: 0, a: 0}","{r: 0, g: 0, b: 0, a: 0}","{r: 0, g: 0, b: 0, a: 0}",-1,0,2,3,2,{fileID: 0},0,0,1,{fileID: 1352512195065239},1352512195065239,0,{fileID: 0},0,{fileID: 0},0,"{fileID: 11500000, guid: 1771844f66abe677a32d54ceab8db201, type: 3}",11500000,1771844f66abe677a32d54ceab8db201
LevelManager,Assets/GameObject/LevelManager.prefab,1771844f66abe677a32d54ceab8db201,1771844f66abe677a32d54ceab8db201,11500000,0,0,"{r: 0, g: 0, b: 1, a: 1}","{r: 0, g: 1, b: 0, a: 1}","{r: 1, g: 0, b: 0, a: 1}","{r: 1, g: 0.92156863, b: 0.015686275, a: 1}",0,1,"{r: 0.9725491, g: 0.9490197, b: 0.9176471, a: 1}","{r: 0.9725491, g: 0.9490197, b: 0.9176471, a: 0}",0,65535,0,0,0,0,0,0,0,32768,65535,0,0,0,0,0,"{r: 0.5137255, g: 0.227451, b: 0.7058824, a: 1}","{r: 0.9921569, g: 0.1137255, b: 0.1137255, a: 1}","{r: 0.9882353, g: 0.6901961, b: 0.2705882, a: 0}","{r: 0, g: 0, b: 0, a: 0}","{r: 0, g: 0, b: 0, a: 0}","{r: 0, g: 0, b: 0, a: 0}","{r: 0, g: 0, b: 0, a: 0}","{r: 0, g: 0, b: 0, a: 0}",-1,0,2,3,2,{fileID: 0},0,0,1,{fileID: 1719396673845887},1719396673845887,0,{fileID: 0},0,{fileID: 0},0,"{fileID: 11500000, guid: 1771844f66abe677a32d54ceab8db201, type: 3}",11500000,1771844f66abe677a32d54ceab8db201
LevelManager,Assets/GameObject/LevelManager.prefab,1771844f66abe677a32d54ceab8db201,1771844f66abe677a32d54ceab8db201,11500000,180,0,"{r: 0, g: 0, b: 1, a: 1}","{r: 0, g: 1, b: 0, a: 1}","{r: 1, g: 0, b: 0, a: 1}","{r: 1, g: 0.92156863, b: 0.015686275, a: 1}",0,1,"{r: 0.9725491, g: 0.9490197, b: 0.9176471, a: 1}","{r: 0.9725491, g: 0.9490197, b: 0.9176471, a: 0}",0,65535,0,0,0,0,0,0,0,32768,65535,0,0,0,0,0,"{r: 0.5137255, g: 0.227451, b: 0.7058824, a: 1}","{r: 0.9921569, g: 0.1137255, b: 0.1137255, a: 1}","{r: 0.9882353, g: 0.6901961, b: 0.2705882, a: 0}","{r: 0, g: 0, b: 0, a: 0}","{r: 0, g: 0, b: 0, a: 0}","{r: 0, g: 0, b: 0, a: 0}","{r: 0, g: 0, b: 0, a: 0}","{r: 0, g: 0, b: 0, a: 0}",-1,0,2,3,2,{fileID: 0},0,0,1,{fileID: 1794819412010295},1794819412010295,0,{fileID: 0},0,{fileID: 0},0,"{fileID: 11500000, guid: 1771844f66abe677a32d54ceab8db201, type: 3}",11500000,1771844f66abe677a32d54ceab8db201
LevelManager,Assets/GameObject/LevelManager.prefab,1771844f66abe677a32d54ceab8db201,1771844f66abe677a32d54ceab8db201,11500000,0,0,"{r: 0, g: 0, b: 1, a: 1}","{r: 0, g: 1, b: 0, a: 1}","{r: 1, g: 0, b: 0, a: 1}","{r: 1, g: 0.92156863, b: 0.015686275, a: 1}",0,1,"{r: 0.9725491, g: 0.9490197, b: 0.9176471, a: 1}","{r: 0.9725491, g: 0.9490197, b: 0.9176471, a: 0}",0,65535,0,0,0,0,0,0,0,32768,65535,0,0,0,0,0,"{r: 0.5137255, g: 0.227451, b: 0.7058824, a: 1}","{r: 0.9921569, g: 0.1137255, b: 0.1137255, a: 1}","{r: 0.9882353, g: 0.6901961, b: 0.2705882, a: 0}","{r: 0, g: 0, b: 0, a: 0}","{r: 0, g: 0, b: 0, a: 0}","{r: 0, g: 0, b: 0, a: 0}","{r: 0, g: 0, b: 0, a: 0}","{r: 0, g: 0, b: 0, a: 0}",-1,0,2,3,2,{fileID: 0},0,0,1,{fileID: 1363204519134759},1363204519134759,0,{fileID: 0},0,{fileID: 0},0,"{fileID: 11500000, guid: 1771844f66abe677a32d54ceab8db201, type: 3}",11500000,1771844f66abe677a32d54ceab8db201
LevelManager,Assets/GameObject/LevelManager.prefab,1771844f66abe677a32d54ceab8db201,1771844f66abe677a32d54ceab8db201,11500000,180,0,"{r: 0, g: 0, b: 1, a: 1}","{r: 0, g: 1, b: 0, a: 1}","{r: 1, g: 0, b: 0, a: 1}","{r: 1, g: 0.92156863, b: 0.015686275, a: 1}",0,1,"{r: 0.9725491, g: 0.9490197, b: 0.9176471, a: 1}","{r: 0.9725491, g: 0.9490197, b: 0.9176471, a: 0}",0,65535,0,0,0,0,0,0,0,32768,65535,0,0,0,0,0,"{r: 0.5137255, g: 0.227451, b: 0.7058824, a: 1}","{r: 0.9921569, g: 0.1137255, b: 0.1137255, a: 1}","{r: 0.9882353, g: 0.6901961, b: 0.2705882, a: 0}","{r: 0, g: 0, b: 0, a: 0}","{r: 0, g: 0, b: 0, a: 0}","{r: 0, g: 0, b: 0, a: 0}","{r: 0, g: 0, b: 0, a: 0}","{r: 0, g: 0, b: 0, a: 0}",-1,0,2,3,2,{fileID: 0},0,0,1,{fileID: 1576907573976976},1576907573976976,0,{fileID: 0},0,{fileID: 0},0,"{fileID: 11500000, guid: 1771844f66abe677a32d54ceab8db201, type: 3}",11500000,1771844f66abe677a32d54ceab8db201
