_ObjectName,_SourceFile,_Script,_ScriptGUID,_ScriptFileID,MonoBehaviour.alwaysAnimatePoses,MonoBehaviour.blendAsset,MonoBehaviour.blendAsset_fileID,MonoBehaviour.forceUpdateWeights,MonoBehaviour.m_CorrespondingSourceObject,MonoBehaviour.m_CorrespondingSourceObject_fileID,MonoBehaviour.m_EditorHideFlags,MonoBehaviour.m_Enabled,MonoBehaviour.m_GameObject,MonoBehaviour.m_GameObject_fileID,MonoBehaviour.m_ObjectHideFlags,MonoBehaviour.m_PrefabAsset,MonoBehaviour.m_PrefabAsset_fileID,MonoBehaviour.m_PrefabInstance,MonoBehaviour.m_PrefabInstance_fileID,MonoBehaviour.m_Script,MonoBehaviour.m_Script_fileID,MonoBehaviour.m_Script_guid
0_CharacterModel_Custom_Enemy _Boss_Speedy,Assets/GameObject/0_CharacterModel_Custom_Enemy _Boss_Speedy.prefab,438681a3e520e694fa9d48a302ec0638,438681a3e520e694fa9d48a302ec0638,11500000,1,{fileID: 0},0,1,{fileID: 0},0,0,1,{fileID: 1823736415672113},1823736415672113,0,{fileID: 0},0,{fileID: 0},0,"{fileID: 11500000, guid: 438681a3e520e694fa9d48a302ec0638, type: 3}",11500000,438681a3e520e694fa9d48a302ec0638
0_CharacterModel_Custom_Enemy _Boss_Fly,Assets/GameObject/0_CharacterModel_Custom_Enemy _Boss_Fly.prefab,438681a3e520e694fa9d48a302ec0638,438681a3e520e694fa9d48a302ec0638,11500000,1,{fileID: 0},0,1,{fileID: 0},0,0,1,{fileID: 1323994577428415},1323994577428415,0,{fileID: 0},0,{fileID: 0},0,"{fileID: 11500000, guid: 438681a3e520e694fa9d48a302ec0638, type: 3}",11500000,438681a3e520e694fa9d48a302ec0638
0_CharacterModel_Custom_Template,Assets/GameObject/0_CharacterModel_Custom_Template.prefab,438681a3e520e694fa9d48a302ec0638,438681a3e520e694fa9d48a302ec0638,11500000,1,{fileID: 0},0,1,{fileID: 0},0,0,1,{fileID: 1592997658575828},1592997658575828,0,{fileID: 0},0,{fileID: 0},0,"{fileID: 11500000, guid: 438681a3e520e694fa9d48a302ec0638, type: 3}",11500000,438681a3e520e694fa9d48a302ec0638
CharacterModel_Custom_XiaoMing,Assets/GameObject/CharacterModel_Custom_XiaoMing.prefab,438681a3e520e694fa9d48a302ec0638,438681a3e520e694fa9d48a302ec0638,11500000,1,{fileID: 0},0,1,{fileID: 0},0,0,1,{fileID: 1476295102091293},1476295102091293,0,{fileID: 0},0,{fileID: 0},0,"{fileID: 11500000, guid: 438681a3e520e694fa9d48a302ec0638, type: 3}",11500000,438681a3e520e694fa9d48a302ec0638
CharacterModel_Custom_StormCreature_NoArm,Assets/GameObject/CharacterModel_Custom_StormCreature_NoArm.prefab,438681a3e520e694fa9d48a302ec0638,438681a3e520e694fa9d48a302ec0638,11500000,1,{fileID: 0},0,1,{fileID: 0},0,0,1,{fileID: 1408611072204240},1408611072204240,0,{fileID: 0},0,{fileID: 0},0,"{fileID: 11500000, guid: 438681a3e520e694fa9d48a302ec0638, type: 3}",11500000,438681a3e520e694fa9d48a302ec0638
0_CharacterModel_Custom_Enemy,Assets/GameObject/0_CharacterModel_Custom_Enemy.prefab,438681a3e520e694fa9d48a302ec0638,438681a3e520e694fa9d48a302ec0638,11500000,1,{fileID: 0},0,1,{fileID: 0},0,0,1,{fileID: 1767749543680050},1767749543680050,0,{fileID: 0},0,{fileID: 0},0,"{fileID: 11500000, guid: 438681a3e520e694fa9d48a302ec0638, type: 3}",11500000,438681a3e520e694fa9d48a302ec0638
0_CharacterModel_Custom_Enemy_Arcade,Assets/GameObject/0_CharacterModel_Custom_Enemy_Arcade.prefab,438681a3e520e694fa9d48a302ec0638,438681a3e520e694fa9d48a302ec0638,11500000,1,{fileID: 0},0,1,{fileID: 0},0,0,1,{fileID: 1530670746123617},1530670746123617,0,{fileID: 0},0,{fileID: 0},0,"{fileID: 11500000, guid: 438681a3e520e694fa9d48a302ec0638, type: 3}",11500000,438681a3e520e694fa9d48a302ec0638
0_CharacterModel_Custom_Enemy_Invisable,Assets/GameObject/0_CharacterModel_Custom_Enemy_Invisable.prefab,438681a3e520e694fa9d48a302ec0638,438681a3e520e694fa9d48a302ec0638,11500000,1,{fileID: 0},0,1,{fileID: 0},0,0,1,{fileID: 1207314227244357},1207314227244357,0,{fileID: 0},0,{fileID: 0},0,"{fileID: 11500000, guid: 438681a3e520e694fa9d48a302ec0638, type: 3}",11500000,438681a3e520e694fa9d48a302ec0638
0_CharacterModel_Custom_Enemy _Boss_Roadblock,Assets/GameObject/0_CharacterModel_Custom_Enemy _Boss_Roadblock.prefab,438681a3e520e694fa9d48a302ec0638,438681a3e520e694fa9d48a302ec0638,11500000,1,{fileID: 0},0,1,{fileID: 0},0,0,1,{fileID: 1466103492138277},1466103492138277,0,{fileID: 0},0,{fileID: 0},0,"{fileID: 11500000, guid: 438681a3e520e694fa9d48a302ec0638, type: 3}",11500000,438681a3e520e694fa9d48a302ec0638
CharacterModel_Custom_Ghost,Assets/GameObject/CharacterModel_Custom_Ghost.prefab,438681a3e520e694fa9d48a302ec0638,438681a3e520e694fa9d48a302ec0638,11500000,1,{fileID: 0},0,1,{fileID: 0},0,0,1,{fileID: 1120849748802604},1120849748802604,0,{fileID: 0},0,{fileID: 0},0,"{fileID: 11500000, guid: 438681a3e520e694fa9d48a302ec0638, type: 3}",11500000,438681a3e520e694fa9d48a302ec0638
0_CharacterModel_Custom_Enemy_Boss_Red,Assets/GameObject/0_CharacterModel_Custom_Enemy_Boss_Red.prefab,438681a3e520e694fa9d48a302ec0638,438681a3e520e694fa9d48a302ec0638,11500000,1,{fileID: 0},0,1,{fileID: 0},0,0,1,{fileID: 1514618465783896},1514618465783896,0,{fileID: 0},0,{fileID: 0},0,"{fileID: 11500000, guid: 438681a3e520e694fa9d48a302ec0638, type: 3}",11500000,438681a3e520e694fa9d48a302ec0638
0_CharacterModel_Custom_Enemy _Boss_Sniper,Assets/GameObject/0_CharacterModel_Custom_Enemy _Boss_Sniper.prefab,438681a3e520e694fa9d48a302ec0638,438681a3e520e694fa9d48a302ec0638,11500000,1,{fileID: 0},0,1,{fileID: 0},0,0,1,{fileID: 1596760737237218},1596760737237218,0,{fileID: 0},0,{fileID: 0},0,"{fileID: 11500000, guid: 438681a3e520e694fa9d48a302ec0638, type: 3}",11500000,438681a3e520e694fa9d48a302ec0638
0_CharacterModel_Custom_Enemy_Large,Assets/GameObject/0_CharacterModel_Custom_Enemy_Large.prefab,438681a3e520e694fa9d48a302ec0638,438681a3e520e694fa9d48a302ec0638,11500000,1,{fileID: 0},0,1,{fileID: 0},0,0,1,{fileID: 1272489564565081},1272489564565081,0,{fileID: 0},0,{fileID: 0},0,"{fileID: 11500000, guid: 438681a3e520e694fa9d48a302ec0638, type: 3}",11500000,438681a3e520e694fa9d48a302ec0638
0_CharacterModel_Custom_Enemy _Mushroom,Assets/GameObject/0_CharacterModel_Custom_Enemy _Mushroom.prefab,438681a3e520e694fa9d48a302ec0638,438681a3e520e694fa9d48a302ec0638,11500000,1,{fileID: 0},0,1,{fileID: 0},0,0,1,{fileID: 1007666828587032},1007666828587032,0,{fileID: 0},0,{fileID: 0},0,"{fileID: 11500000, guid: 438681a3e520e694fa9d48a302ec0638, type: 3}",11500000,438681a3e520e694fa9d48a302ec0638
CharacterModel_Custom_MerchantMyst,Assets/GameObject/CharacterModel_Custom_MerchantMyst.prefab,438681a3e520e694fa9d48a302ec0638,438681a3e520e694fa9d48a302ec0638,11500000,1,{fileID: 0},0,1,{fileID: 0},0,0,1,{fileID: 1439328793182606},1439328793182606,0,{fileID: 0},0,{fileID: 0},0,"{fileID: 11500000, guid: 438681a3e520e694fa9d48a302ec0638, type: 3}",11500000,438681a3e520e694fa9d48a302ec0638
