_ObjectName,_SourceFile,_Script,_ScriptGUID,_ScriptFileID,MonoBehaviour.- layer.- name,MonoBehaviour.- layer.additiveWeight,MonoBehaviour.- layer.baseWeight,MonoBehaviour.- layer.chainName,MonoBehaviour.- layer.index,MonoBehaviour.- layer.isStandalone,MonoBehaviour.- layer.isVirtual,MonoBehaviour.- layer.localWeight,MonoBehaviour.basePose,MonoBehaviour.basePose_fileID,MonoBehaviour.basePose_guid,MonoBehaviour.basePose_path,MonoBehaviour.blendCurve.- serializedVersion,MonoBehaviour.blendCurve.inSlope,MonoBehaviour.blendCurve.inWeight,MonoBehaviour.blendCurve.m_PostInfinity,MonoBehaviour.blendCurve.m_PreInfinity,MonoBehaviour.blendCurve.m_RotationOrder,MonoBehaviour.blendCurve.outSlope,MonoBehaviour.blendCurve.outWeight,MonoBehaviour.blendCurve.serializedVersion,MonoBehaviour.blendCurve.tangentMode,MonoBehaviour.blendCurve.time,MonoBehaviour.blendCurve.value,MonoBehaviour.blendCurve.weightedMode,MonoBehaviour.blendTime,MonoBehaviour.globalWeight,MonoBehaviour.isAnimation,MonoBehaviour.m_CorrespondingSourceObject,MonoBehaviour.m_CorrespondingSourceObject_fileID,MonoBehaviour.m_EditorHideFlags,MonoBehaviour.m_Enabled,MonoBehaviour.m_GameObject,MonoBehaviour.m_GameObject_fileID,MonoBehaviour.m_Name,MonoBehaviour.m_ObjectHideFlags,MonoBehaviour.m_PrefabAsset,MonoBehaviour.m_PrefabAsset_fileID,MonoBehaviour.m_PrefabInstance,MonoBehaviour.m_PrefabInstance_fileID,MonoBehaviour.m_Script,MonoBehaviour.m_Script_fileID,MonoBehaviour.m_Script_guid,MonoBehaviour.overlayPose,MonoBehaviour.overlayPose_fileID,MonoBehaviour.overlayPose_guid,MonoBehaviour.overlayPose_path,MonoBehaviour.rigAsset,MonoBehaviour.rigAsset_fileID,MonoBehaviour.rigAsset_guid,MonoBehaviour.rigAsset_path
MagicBlend_Carry,Assets/MonoBehaviour/MagicBlend_Carry.asset,4e41ef00e6ec436477f6fed2e993ea1a,4e41ef00e6ec436477f6fed2e993ea1a,11500000,MeleeWeaponSocket,0,1,RightArm,27,0,0,0,"{fileID: 7400000, guid: f28a255067605984ca32117895d8967f, type: 2}",7400000,f28a255067605984ca32117895d8967f,Assets/AnimationClip/Armature|Idle_1.anim,3,0,0,2,2,4,0,0,2,0,1,1,0,0.1,1,0,{fileID: 0},0,0,1,{fileID: 0},0,MagicBlend_Carry,0,{fileID: 0},0,{fileID: 0},0,"{fileID: 11500000, guid: 4e41ef00e6ec436477f6fed2e993ea1a, type: 3}",11500000,4e41ef00e6ec436477f6fed2e993ea1a,"{fileID: 7400000, guid: 125011b9ba07abd43a2de7b8e81bdc9e, type: 2}",7400000,125011b9ba07abd43a2de7b8e81bdc9e,Assets/AnimationClip/Armature|Carry.anim,"{fileID: 11400000, guid: 1e3b0fc492cc2b943a803db7d4b3e017, type: 2}",11400000,1e3b0fc492cc2b943a803db7d4b3e017,Assets/MonoBehaviour/Rig_0_CharacterModel_Custom_Template.asset
MagicBlend_Bow_Idle,Assets/MonoBehaviour/MagicBlend_Bow_Idle.asset,4e41ef00e6ec436477f6fed2e993ea1a,4e41ef00e6ec436477f6fed2e993ea1a,11500000,MeleeWeaponSocket,0,1,RightArm,27,0,0,0,"{fileID: 7400000, guid: f28a255067605984ca32117895d8967f, type: 2}",7400000,f28a255067605984ca32117895d8967f,Assets/AnimationClip/Armature|Idle_1.anim,3,0,0,2,2,4,0,0,2,0,1,1,0,0.2,1,1,{fileID: 0},0,0,1,{fileID: 0},0,MagicBlend_Bow_Idle,0,{fileID: 0},0,{fileID: 0},0,"{fileID: 11500000, guid: 4e41ef00e6ec436477f6fed2e993ea1a, type: 3}",11500000,4e41ef00e6ec436477f6fed2e993ea1a,"{fileID: 7400000, guid: c4e6fbed6aae47945af782248c993367, type: 2}",7400000,c4e6fbed6aae47945af782248c993367,Assets/AnimationClip/Armature|Bow.Idle.anim,"{fileID: 11400000, guid: 1e3b0fc492cc2b943a803db7d4b3e017, type: 2}",11400000,1e3b0fc492cc2b943a803db7d4b3e017,Assets/MonoBehaviour/Rig_0_CharacterModel_Custom_Template.asset
MagicBlend_Gun Run,Assets/MonoBehaviour/MagicBlend_Gun Run.asset,4e41ef00e6ec436477f6fed2e993ea1a,4e41ef00e6ec436477f6fed2e993ea1a,11500000,MeleeWeaponSocket,0.2,1,RightArm,27,0,0,0,"{fileID: 7400000, guid: f28a255067605984ca32117895d8967f, type: 2}",7400000,f28a255067605984ca32117895d8967f,Assets/AnimationClip/Armature|Idle_1.anim,3,0,0,2,2,4,0,0,2,0,1,1,0,0.2,1,0,{fileID: 0},0,0,1,{fileID: 0},0,MagicBlend_Gun Run,0,{fileID: 0},0,{fileID: 0},0,"{fileID: 11500000, guid: 4e41ef00e6ec436477f6fed2e993ea1a, type: 3}",11500000,4e41ef00e6ec436477f6fed2e993ea1a,"{fileID: 7400000, guid: b8561d48573f538479966c22661b8f3a, type: 2}",7400000,b8561d48573f538479966c22661b8f3a,Assets/AnimationClip/Armature_Pose_RaiseGun.anim,"{fileID: 11400000, guid: 1e3b0fc492cc2b943a803db7d4b3e017, type: 2}",11400000,1e3b0fc492cc2b943a803db7d4b3e017,Assets/MonoBehaviour/Rig_0_CharacterModel_Custom_Template.asset
MagicBlend_Attack,Assets/MonoBehaviour/MagicBlend_Attack.asset,4e41ef00e6ec436477f6fed2e993ea1a,4e41ef00e6ec436477f6fed2e993ea1a,11500000,MeleeWeaponSocket,0.394,1,RightArm,27,0,0,0,"{fileID: 7400000, guid: f28a255067605984ca32117895d8967f, type: 2}",7400000,f28a255067605984ca32117895d8967f,Assets/AnimationClip/Armature|Idle_1.anim,3,0,0,2,2,4,0,0,2,0,1,1,0,0.2,1,1,{fileID: 0},0,0,1,{fileID: 0},0,MagicBlend_Attack,0,{fileID: 0},0,{fileID: 0},0,"{fileID: 11500000, guid: 4e41ef00e6ec436477f6fed2e993ea1a, type: 3}",11500000,4e41ef00e6ec436477f6fed2e993ea1a,"{fileID: 7400000, guid: f0883ba3be1113343b3cbb73493aa7e9, type: 2}",7400000,f0883ba3be1113343b3cbb73493aa7e9,Assets/AnimationClip/Armature|MeleeAttack_RightSlash.anim,"{fileID: 11400000, guid: 1e3b0fc492cc2b943a803db7d4b3e017, type: 2}",11400000,1e3b0fc492cc2b943a803db7d4b3e017,Assets/MonoBehaviour/Rig_0_CharacterModel_Custom_Template.asset
MagicBlend_Empty,Assets/MonoBehaviour/MagicBlend_Empty.asset,4e41ef00e6ec436477f6fed2e993ea1a,4e41ef00e6ec436477f6fed2e993ea1a,11500000,Hand.Soket.R,0,0,Sockets,24,0,0,1,"{fileID: 7400000, guid: f28a255067605984ca32117895d8967f, type: 2}",7400000,f28a255067605984ca32117895d8967f,Assets/AnimationClip/Armature|Idle_1.anim,3,0,0,2,2,4,0,0,2,0,1,1,0,0.15,1,0,{fileID: 0},0,0,1,{fileID: 0},0,MagicBlend_Empty,0,{fileID: 0},0,{fileID: 0},0,"{fileID: 11500000, guid: 4e41ef00e6ec436477f6fed2e993ea1a, type: 3}",11500000,4e41ef00e6ec436477f6fed2e993ea1a,"{fileID: 7400000, guid: 5a271b7cb8e283640b37e02b90eacbd1, type: 2}",7400000,5a271b7cb8e283640b37e02b90eacbd1,Assets/AnimationClip/Armature|Aim_0.anim,"{fileID: 11400000, guid: 1e3b0fc492cc2b943a803db7d4b3e017, type: 2}",11400000,1e3b0fc492cc2b943a803db7d4b3e017,Assets/MonoBehaviour/Rig_0_CharacterModel_Custom_Template.asset
MagicBlend_Normal,Assets/MonoBehaviour/MagicBlend_Normal.asset,4e41ef00e6ec436477f6fed2e993ea1a,4e41ef00e6ec436477f6fed2e993ea1a,11500000,MeleeWeaponSocket,0,1,RightArm,27,0,0,0,"{fileID: 7400000, guid: f28a255067605984ca32117895d8967f, type: 2}",7400000,f28a255067605984ca32117895d8967f,Assets/AnimationClip/Armature|Idle_1.anim,3,0,0,2,2,4,0,0,2,0,1,1,0,0.2,1,0,{fileID: 0},0,0,1,{fileID: 0},0,MagicBlend_Normal,0,{fileID: 0},0,{fileID: 0},0,"{fileID: 11500000, guid: 4e41ef00e6ec436477f6fed2e993ea1a, type: 3}",11500000,4e41ef00e6ec436477f6fed2e993ea1a,"{fileID: 7400000, guid: f862bff06a589ac459ab8147f7019640, type: 2}",7400000,f862bff06a589ac459ab8147f7019640,Assets/AnimationClip/Armature|Aim.anim,"{fileID: 11400000, guid: 1e3b0fc492cc2b943a803db7d4b3e017, type: 2}",11400000,1e3b0fc492cc2b943a803db7d4b3e017,Assets/MonoBehaviour/Rig_0_CharacterModel_Custom_Template.asset
MagicBlend_Bow_Shoot,Assets/MonoBehaviour/MagicBlend_Bow_Shoot.asset,4e41ef00e6ec436477f6fed2e993ea1a,4e41ef00e6ec436477f6fed2e993ea1a,11500000,MeleeWeaponSocket,0,1,RightArm,27,0,0,0,"{fileID: 7400000, guid: f28a255067605984ca32117895d8967f, type: 2}",7400000,f28a255067605984ca32117895d8967f,Assets/AnimationClip/Armature|Idle_1.anim,3,0,0,2,2,4,0,0,2,0,1,1,0,0.02,1,1,{fileID: 0},0,0,1,{fileID: 0},0,MagicBlend_Bow_Shoot,0,{fileID: 0},0,{fileID: 0},0,"{fileID: 11500000, guid: 4e41ef00e6ec436477f6fed2e993ea1a, type: 3}",11500000,4e41ef00e6ec436477f6fed2e993ea1a,"{fileID: 7400000, guid: c4fa0b78737c8a34da7745b55dd5a422, type: 2}",7400000,c4fa0b78737c8a34da7745b55dd5a422,Assets/AnimationClip/Armature|Bow.Shoot.anim,"{fileID: 11400000, guid: 1e3b0fc492cc2b943a803db7d4b3e017, type: 2}",11400000,1e3b0fc492cc2b943a803db7d4b3e017,Assets/MonoBehaviour/Rig_0_CharacterModel_Custom_Template.asset
MagicBlend_Bow_Ready,Assets/MonoBehaviour/MagicBlend_Bow_Ready.asset,4e41ef00e6ec436477f6fed2e993ea1a,4e41ef00e6ec436477f6fed2e993ea1a,11500000,MeleeWeaponSocket,0,1,RightArm,27,0,0,0,"{fileID: 7400000, guid: f28a255067605984ca32117895d8967f, type: 2}",7400000,f28a255067605984ca32117895d8967f,Assets/AnimationClip/Armature|Idle_1.anim,3,0,0,2,2,4,0,0,2,0,1,1,0,0.2,1,1,{fileID: 0},0,0,1,{fileID: 0},0,MagicBlend_Bow_Ready,0,{fileID: 0},0,{fileID: 0},0,"{fileID: 11500000, guid: 4e41ef00e6ec436477f6fed2e993ea1a, type: 3}",11500000,4e41ef00e6ec436477f6fed2e993ea1a,"{fileID: 7400000, guid: 4506bcf19ee123248a5224cc71e23067, type: 2}",7400000,4506bcf19ee123248a5224cc71e23067,Assets/AnimationClip/Armature|Bow.Ready.anim,"{fileID: 11400000, guid: 1e3b0fc492cc2b943a803db7d4b3e017, type: 2}",11400000,1e3b0fc492cc2b943a803db7d4b3e017,Assets/MonoBehaviour/Rig_0_CharacterModel_Custom_Template.asset
MagicBlend_Gun,Assets/MonoBehaviour/MagicBlend_Gun.asset,4e41ef00e6ec436477f6fed2e993ea1a,4e41ef00e6ec436477f6fed2e993ea1a,11500000,MeleeWeaponSocket,0,1,RightArm,27,0,0,0,"{fileID: 7400000, guid: f28a255067605984ca32117895d8967f, type: 2}",7400000,f28a255067605984ca32117895d8967f,Assets/AnimationClip/Armature|Idle_1.anim,3,0,0,2,2,4,0,0,2,0,1,1,0,0.2,1,0,{fileID: 0},0,0,1,{fileID: 0},0,MagicBlend_Gun,0,{fileID: 0},0,{fileID: 0},0,"{fileID: 11500000, guid: 4e41ef00e6ec436477f6fed2e993ea1a, type: 3}",11500000,4e41ef00e6ec436477f6fed2e993ea1a,"{fileID: 7400000, guid: dd1cb8df9b9789649b5f323ea108c085, type: 2}",7400000,dd1cb8df9b9789649b5f323ea108c085,Assets/AnimationClip/Armature_Pose_Aim.anim,"{fileID: 11400000, guid: 1e3b0fc492cc2b943a803db7d4b3e017, type: 2}",11400000,1e3b0fc492cc2b943a803db7d4b3e017,Assets/MonoBehaviour/Rig_0_CharacterModel_Custom_Template.asset
