_ObjectName,_SourceFile,_Script,_ScriptGUID,_ScriptFileID,MonoBehaviour.- m_ControlPath,MonoBehaviour.- m_Name,MonoBehaviour.- m_Name.m_Action,MonoBehaviour.- m_Name.m_Flags,MonoBehaviour.- m_Name.m_Groups,MonoBehaviour.- m_Name.m_Id,MonoBehaviour.- m_Name.m_Path,MonoBehaviour.m_Action,MonoBehaviour.m_ActionId,MonoBehaviour.m_Asset,MonoBehaviour.m_Asset_fileID,MonoBehaviour.m_Asset_guid,MonoBehaviour.m_Asset_path,MonoBehaviour.m_BackgroundBehavior,MonoBehaviour.m_BindingGroup,MonoBehaviour.m_ButtonReleaseThreshold,MonoBehaviour.m_CompensateForScreenOrientation,MonoBehaviour.m_ControlPath,MonoBehaviour.m_CorrespondingSourceObject,MonoBehaviour.m_CorrespondingSourceObject_fileID,MonoBehaviour.m_DefaultButtonPressPoint,MonoBehaviour.m_DefaultDeadzoneMax,MonoBehaviour.m_DefaultDeadzoneMin,MonoBehaviour.m_DefaultHoldTime,MonoBehaviour.m_DefaultSlowTapTime,MonoBehaviour.m_DefaultTapTime,MonoBehaviour.m_DisableRedundantEventsMerging,MonoBehaviour.m_EditorHideFlags,MonoBehaviour.m_EditorInputBehaviorInPlayMode,MonoBehaviour.m_Enabled,MonoBehaviour.m_ExpectedControlType,MonoBehaviour.m_Flags,MonoBehaviour.m_GameObject,MonoBehaviour.m_GameObject_fileID,MonoBehaviour.m_Groups,MonoBehaviour.m_Id,MonoBehaviour.m_InputActionPropertyDrawerMode,MonoBehaviour.m_IsProjectWide,MonoBehaviour.m_MaxEventBytesPerUpdate,MonoBehaviour.m_MaxQueuedEventsPerUpdate,MonoBehaviour.m_MultiTapDelayTime,MonoBehaviour.m_Name,MonoBehaviour.m_ObjectHideFlags,MonoBehaviour.m_Path,MonoBehaviour.m_PrefabAsset,MonoBehaviour.m_PrefabAsset_fileID,MonoBehaviour.m_PrefabInstance,MonoBehaviour.m_PrefabInstance_fileID,MonoBehaviour.m_Script,MonoBehaviour.m_Script_fileID,MonoBehaviour.m_Script_guid,MonoBehaviour.m_ScrollDeltaBehavior,MonoBehaviour.m_ShortcutKeysConsumeInputs,MonoBehaviour.m_SingletonActionBindings,MonoBehaviour.m_SupportedDevices,MonoBehaviour.m_TapRadius,MonoBehaviour.m_Type,MonoBehaviour.m_UpdateMode
CameraMode_CameraModeFaster,Assets/MonoBehaviour/CameraMode_CameraModeFaster.asset,a7c8ed169960a6d09f38393641221f85,a7c8ed169960a6d09f38393641221f85,-1472958050,,,,,,,,,c9b47cd8-16c7-40f6-8b63-b80691021957,"{fileID: 11400000, guid: 7709d7f483a42e94daf8f33ee29f7cbd, type: 2}",11400000,7709d7f483a42e94daf8f33ee29f7cbd,Assets/MonoBehaviour/Duckov Controls.asset,,,,,,{fileID: 0},0,,,,,,,,0,,1,,,{fileID: 0},0,,,,,,,,CameraMode/CameraModeFaster,0,,{fileID: 0},0,{fileID: 0},0,"{fileID: -1472958050, guid: a7c8ed169960a6d09f38393641221f85, type: 3}",-1472958050,a7c8ed169960a6d09f38393641221f85,,,,,,,
CameraMode_CameraModeUpDown,Assets/MonoBehaviour/CameraMode_CameraModeUpDown.asset,a7c8ed169960a6d09f38393641221f85,a7c8ed169960a6d09f38393641221f85,-1472958050,,,,,,,,,e13b0496-e54b-49c8-aff5-b1ccab312a9f,"{fileID: 11400000, guid: 7709d7f483a42e94daf8f33ee29f7cbd, type: 2}",11400000,7709d7f483a42e94daf8f33ee29f7cbd,Assets/MonoBehaviour/Duckov Controls.asset,,,,,,{fileID: 0},0,,,,,,,,0,,1,,,{fileID: 0},0,,,,,,,,CameraMode/CameraModeUpDown,0,,{fileID: 0},0,{fileID: 0},0,"{fileID: -1472958050, guid: a7c8ed169960a6d09f38393641221f85, type: 3}",-1472958050,a7c8ed169960a6d09f38393641221f85,,,,,,,
Character_TrackedDevicePosition,Assets/MonoBehaviour/Character_TrackedDevicePosition.asset,a7c8ed169960a6d09f38393641221f85,a7c8ed169960a6d09f38393641221f85,-1472958050,,,,,,,,,535f72d2-2c71-4778-84c4-da0457232bc2,"{fileID: 11400000, guid: 7709d7f483a42e94daf8f33ee29f7cbd, type: 2}",11400000,7709d7f483a42e94daf8f33ee29f7cbd,Assets/MonoBehaviour/Duckov Controls.asset,,,,,,{fileID: 0},0,,,,,,,,0,,1,,,{fileID: 0},0,,,,,,,,Character/TrackedDevicePosition,0,,{fileID: 0},0,{fileID: 0},0,"{fileID: -1472958050, guid: a7c8ed169960a6d09f38393641221f85, type: 3}",-1472958050,a7c8ed169960a6d09f38393641221f85,,,,,,,
Character_UI_WishlistHoveringItem,Assets/MonoBehaviour/Character_UI_WishlistHoveringItem.asset,a7c8ed169960a6d09f38393641221f85,a7c8ed169960a6d09f38393641221f85,-1472958050,,,,,,,,,39cbceab-d7a8-45e7-a3b6-084c49c72f04,"{fileID: 11400000, guid: 7709d7f483a42e94daf8f33ee29f7cbd, type: 2}",11400000,7709d7f483a42e94daf8f33ee29f7cbd,Assets/MonoBehaviour/Duckov Controls.asset,,,,,,{fileID: 0},0,,,,,,,,0,,1,,,{fileID: 0},0,,,,,,,,Character/UI_WishlistHoveringItem,0,,{fileID: 0},0,{fileID: 0},0,"{fileID: -1472958050, guid: a7c8ed169960a6d09f38393641221f85, type: 3}",-1472958050,a7c8ed169960a6d09f38393641221f85,,,,,,,
Character_StopAction,Assets/MonoBehaviour/Character_StopAction.asset,a7c8ed169960a6d09f38393641221f85,a7c8ed169960a6d09f38393641221f85,-1472958050,,,,,,,,,7149dd71-5ad9-4a8a-a4e9-cf5b6778598a,"{fileID: 11400000, guid: 7709d7f483a42e94daf8f33ee29f7cbd, type: 2}",11400000,7709d7f483a42e94daf8f33ee29f7cbd,Assets/MonoBehaviour/Duckov Controls.asset,,,,,,{fileID: 0},0,,,,,,,,0,,1,,,{fileID: 0},0,,,,,,,,Character/StopAction,0,,{fileID: 0},0,{fileID: 0},0,"{fileID: -1472958050, guid: a7c8ed169960a6d09f38393641221f85, type: 3}",-1472958050,a7c8ed169960a6d09f38393641221f85,,,,,,,
Character_ItemShortcut4,Assets/MonoBehaviour/Character_ItemShortcut4.asset,a7c8ed169960a6d09f38393641221f85,a7c8ed169960a6d09f38393641221f85,-1472958050,,,,,,,,,63cd8288-262b-4c45-ab04-c1027cbc5867,"{fileID: 11400000, guid: 7709d7f483a42e94daf8f33ee29f7cbd, type: 2}",11400000,7709d7f483a42e94daf8f33ee29f7cbd,Assets/MonoBehaviour/Duckov Controls.asset,,,,,,{fileID: 0},0,,,,,,,,0,,1,,,{fileID: 0},0,,,,,,,,Character/ItemShortcut4,0,,{fileID: 0},0,{fileID: 0},0,"{fileID: -1472958050, guid: a7c8ed169960a6d09f38393641221f85, type: 3}",-1472958050,a7c8ed169960a6d09f38393641221f85,,,,,,,
Character_UI_ToggleCameraMode,Assets/MonoBehaviour/Character_UI_ToggleCameraMode.asset,a7c8ed169960a6d09f38393641221f85,a7c8ed169960a6d09f38393641221f85,-1472958050,,,,,,,,,ce18c1aa-a13c-47e2-8eab-dcd92a234081,"{fileID: 11400000, guid: 7709d7f483a42e94daf8f33ee29f7cbd, type: 2}",11400000,7709d7f483a42e94daf8f33ee29f7cbd,Assets/MonoBehaviour/Duckov Controls.asset,,,,,,{fileID: 0},0,,,,,,,,0,,1,,,{fileID: 0},0,,,,,,,,Character/UI_ToggleCameraMode,0,,{fileID: 0},0,{fileID: 0},0,"{fileID: -1472958050, guid: a7c8ed169960a6d09f38393641221f85, type: 3}",-1472958050,a7c8ed169960a6d09f38393641221f85,,,,,,,
Character_UI_Quest,Assets/MonoBehaviour/Character_UI_Quest.asset,a7c8ed169960a6d09f38393641221f85,a7c8ed169960a6d09f38393641221f85,-1472958050,,,,,,,,,bb2a771d-9630-451a-9026-c4a8f3bb42d3,"{fileID: 11400000, guid: 7709d7f483a42e94daf8f33ee29f7cbd, type: 2}",11400000,7709d7f483a42e94daf8f33ee29f7cbd,Assets/MonoBehaviour/Duckov Controls.asset,,,,,,{fileID: 0},0,,,,,,,,0,,1,,,{fileID: 0},0,,,,,,,,Character/UI_Quest,0,,{fileID: 0},0,{fileID: 0},0,"{fileID: -1472958050, guid: a7c8ed169960a6d09f38393641221f85, type: 3}",-1472958050,a7c8ed169960a6d09f38393641221f85,,,,,,,
Character_SwitchInteractAndBulletType,Assets/MonoBehaviour/Character_SwitchInteractAndBulletType.asset,a7c8ed169960a6d09f38393641221f85,a7c8ed169960a6d09f38393641221f85,-1472958050,,,,,,,,,7b06383a-12ec-42ef-b5ec-d62edf8381ac,"{fileID: 11400000, guid: 7709d7f483a42e94daf8f33ee29f7cbd, type: 2}",11400000,7709d7f483a42e94daf8f33ee29f7cbd,Assets/MonoBehaviour/Duckov Controls.asset,,,,,,{fileID: 0},0,,,,,,,,0,,1,,,{fileID: 0},0,,,,,,,,Character/SwitchInteractAndBulletType,0,,{fileID: 0},0,{fileID: 0},0,"{fileID: -1472958050, guid: a7c8ed169960a6d09f38393641221f85, type: 3}",-1472958050,a7c8ed169960a6d09f38393641221f85,,,,,,,
Character_ToggleView,Assets/MonoBehaviour/Character_ToggleView.asset,a7c8ed169960a6d09f38393641221f85,a7c8ed169960a6d09f38393641221f85,-1472958050,,,,,,,,,b1d002c3-47eb-49eb-bf75-1e2900e1eca1,"{fileID: 11400000, guid: 7709d7f483a42e94daf8f33ee29f7cbd, type: 2}",11400000,7709d7f483a42e94daf8f33ee29f7cbd,Assets/MonoBehaviour/Duckov Controls.asset,,,,,,{fileID: 0},0,,,,,,,,0,,1,,,{fileID: 0},0,,,,,,,,Character/ToggleView,0,,{fileID: 0},0,{fileID: 0},0,"{fileID: -1472958050, guid: a7c8ed169960a6d09f38393641221f85, type: 3}",-1472958050,a7c8ed169960a6d09f38393641221f85,,,,,,,
Character_Trigger,Assets/MonoBehaviour/Character_Trigger.asset,a7c8ed169960a6d09f38393641221f85,a7c8ed169960a6d09f38393641221f85,-1472958050,,,,,,,,,fae33fa3-fc22-4a4d-bd8d-a807cfda4c55,"{fileID: 11400000, guid: 7709d7f483a42e94daf8f33ee29f7cbd, type: 2}",11400000,7709d7f483a42e94daf8f33ee29f7cbd,Assets/MonoBehaviour/Duckov Controls.asset,,,,,,{fileID: 0},0,,,,,,,,0,,1,,,{fileID: 0},0,,,,,,,,Character/Trigger,0,,{fileID: 0},0,{fileID: 0},0,"{fileID: -1472958050, guid: a7c8ed169960a6d09f38393641221f85, type: 3}",-1472958050,a7c8ed169960a6d09f38393641221f85,,,,,,,
Character_TrackedDeviceOrientation,Assets/MonoBehaviour/Character_TrackedDeviceOrientation.asset,a7c8ed169960a6d09f38393641221f85,a7c8ed169960a6d09f38393641221f85,-1472958050,,,,,,,,,27038c95-df85-4d66-a056-e2a8fa409ffa,"{fileID: 11400000, guid: 7709d7f483a42e94daf8f33ee29f7cbd, type: 2}",11400000,7709d7f483a42e94daf8f33ee29f7cbd,Assets/MonoBehaviour/Duckov Controls.asset,,,,,,{fileID: 0},0,,,,,,,,0,,1,,,{fileID: 0},0,,,,,,,,Character/TrackedDeviceOrientation,0,,{fileID: 0},0,{fileID: 0},0,"{fileID: -1472958050, guid: a7c8ed169960a6d09f38393641221f85, type: 3}",-1472958050,a7c8ed169960a6d09f38393641221f85,,,,,,,
UI_Click,Assets/MonoBehaviour/UI_Click.asset,a7c8ed169960a6d09f38393641221f85,a7c8ed169960a6d09f38393641221f85,-1472958050,,,,,,,,,3c7022bf-7922-4f7c-a998-c437916075ad,"{fileID: 11400000, guid: 13e0e754c9fd6884fba01c87a0fb6f0a, type: 2}",11400000,13e0e754c9fd6884fba01c87a0fb6f0a,Assets/MonoBehaviour/DefaultInputActions.asset,,,,,,{fileID: 0},0,,,,,,,,0,,1,,,{fileID: 0},0,,,,,,,,UI/Click,0,,{fileID: 0},0,{fileID: 0},0,"{fileID: -1472958050, guid: a7c8ed169960a6d09f38393641221f85, type: 3}",-1472958050,a7c8ed169960a6d09f38393641221f85,,,,,,,
CameraMode_CameraModeFOV,Assets/MonoBehaviour/CameraMode_CameraModeFOV.asset,a7c8ed169960a6d09f38393641221f85,a7c8ed169960a6d09f38393641221f85,-1472958050,,,,,,,,,1dff148a-5e56-4d26-b897-d448a341bab0,"{fileID: 11400000, guid: 7709d7f483a42e94daf8f33ee29f7cbd, type: 2}",11400000,7709d7f483a42e94daf8f33ee29f7cbd,Assets/MonoBehaviour/Duckov Controls.asset,,,,,,{fileID: 0},0,,,,,,,,0,,1,,,{fileID: 0},0,,,,,,,,CameraMode/CameraModeFOV,0,,{fileID: 0},0,{fileID: 0},0,"{fileID: -1472958050, guid: a7c8ed169960a6d09f38393641221f85, type: 3}",-1472958050,a7c8ed169960a6d09f38393641221f85,,,,,,,
MiniGame_MiniGameA,Assets/MonoBehaviour/MiniGame_MiniGameA.asset,a7c8ed169960a6d09f38393641221f85,a7c8ed169960a6d09f38393641221f85,-1472958050,,,,,,,,,659afc02-d467-40ca-868c-a50770f0d017,"{fileID: 11400000, guid: 7709d7f483a42e94daf8f33ee29f7cbd, type: 2}",11400000,7709d7f483a42e94daf8f33ee29f7cbd,Assets/MonoBehaviour/Duckov Controls.asset,,,,,,{fileID: 0},0,,,,,,,,0,,1,,,{fileID: 0},0,,,,,,,,MiniGame/MiniGameA,0,,{fileID: 0},0,{fileID: 0},0,"{fileID: -1472958050, guid: a7c8ed169960a6d09f38393641221f85, type: 3}",-1472958050,a7c8ed169960a6d09f38393641221f85,,,,,,,
Character_SwitchBulletType,Assets/MonoBehaviour/Character_SwitchBulletType.asset,a7c8ed169960a6d09f38393641221f85,a7c8ed169960a6d09f38393641221f85,-1472958050,,,,,,,,,e36e4f22-438a-4e78-b7f3-19dda3b4f3b3,"{fileID: 11400000, guid: 7709d7f483a42e94daf8f33ee29f7cbd, type: 2}",11400000,7709d7f483a42e94daf8f33ee29f7cbd,Assets/MonoBehaviour/Duckov Controls.asset,,,,,,{fileID: 0},0,,,,,,,,0,,1,,,{fileID: 0},0,,,,,,,,Character/SwitchBulletType,0,,{fileID: 0},0,{fileID: 0},0,"{fileID: -1472958050, guid: a7c8ed169960a6d09f38393641221f85, type: 3}",-1472958050,a7c8ed169960a6d09f38393641221f85,,,,,,,
Character_ItemShortcut3,Assets/MonoBehaviour/Character_ItemShortcut3.asset,a7c8ed169960a6d09f38393641221f85,a7c8ed169960a6d09f38393641221f85,-1472958050,,,,,,,,,fb1ebd73-7faf-4456-85ed-561c9f1d8605,"{fileID: 11400000, guid: 7709d7f483a42e94daf8f33ee29f7cbd, type: 2}",11400000,7709d7f483a42e94daf8f33ee29f7cbd,Assets/MonoBehaviour/Duckov Controls.asset,,,,,,{fileID: 0},0,,,,,,,,0,,1,,,{fileID: 0},0,,,,,,,,Character/ItemShortcut3,0,,{fileID: 0},0,{fileID: 0},0,"{fileID: -1472958050, guid: a7c8ed169960a6d09f38393641221f85, type: 3}",-1472958050,a7c8ed169960a6d09f38393641221f85,,,,,,,
Character_UI_NextPage,Assets/MonoBehaviour/Character_UI_NextPage.asset,a7c8ed169960a6d09f38393641221f85,a7c8ed169960a6d09f38393641221f85,-1472958050,,,,,,,,,b5471449-9e09-448d-8c20-bedd7c1a7c10,"{fileID: 11400000, guid: 7709d7f483a42e94daf8f33ee29f7cbd, type: 2}",11400000,7709d7f483a42e94daf8f33ee29f7cbd,Assets/MonoBehaviour/Duckov Controls.asset,,,,,,{fileID: 0},0,,,,,,,,0,,1,,,{fileID: 0},0,,,,,,,,Character/UI_NextPage,0,,{fileID: 0},0,{fileID: 0},0,"{fileID: -1472958050, guid: a7c8ed169960a6d09f38393641221f85, type: 3}",-1472958050,a7c8ed169960a6d09f38393641221f85,,,,,,,
Character_ItemShortcut_Melee,Assets/MonoBehaviour/Character_ItemShortcut_Melee.asset,a7c8ed169960a6d09f38393641221f85,a7c8ed169960a6d09f38393641221f85,-1472958050,,,,,,,,,647327c8-81df-4c08-aea6-588cfb4ddda2,"{fileID: 11400000, guid: 7709d7f483a42e94daf8f33ee29f7cbd, type: 2}",11400000,7709d7f483a42e94daf8f33ee29f7cbd,Assets/MonoBehaviour/Duckov Controls.asset,,,,,,{fileID: 0},0,,,,,,,,0,,1,,,{fileID: 0},0,,,,,,,,Character/ItemShortcut_Melee,0,,{fileID: 0},0,{fileID: 0},0,"{fileID: -1472958050, guid: a7c8ed169960a6d09f38393641221f85, type: 3}",-1472958050,a7c8ed169960a6d09f38393641221f85,,,,,,,
Character_UI_Cancel,Assets/MonoBehaviour/Character_UI_Cancel.asset,a7c8ed169960a6d09f38393641221f85,a7c8ed169960a6d09f38393641221f85,-1472958050,,,,,,,,,815ac63a-f7f6-4a47-a1be-caef02ae5cb2,"{fileID: 11400000, guid: 7709d7f483a42e94daf8f33ee29f7cbd, type: 2}",11400000,7709d7f483a42e94daf8f33ee29f7cbd,Assets/MonoBehaviour/Duckov Controls.asset,,,,,,{fileID: 0},0,,,,,,,,0,,1,,,{fileID: 0},0,,,,,,,,Character/UI_Cancel,0,,{fileID: 0},0,{fileID: 0},0,"{fileID: -1472958050, guid: a7c8ed169960a6d09f38393641221f85, type: 3}",-1472958050,a7c8ed169960a6d09f38393641221f85,,,,,,,
Character_Point,Assets/MonoBehaviour/Character_Point.asset,a7c8ed169960a6d09f38393641221f85,a7c8ed169960a6d09f38393641221f85,-1472958050,,,,,,,,,9a4f50ce-7834-43b5-80ab-918b5077bc50,"{fileID: 11400000, guid: 7709d7f483a42e94daf8f33ee29f7cbd, type: 2}",11400000,7709d7f483a42e94daf8f33ee29f7cbd,Assets/MonoBehaviour/Duckov Controls.asset,,,,,,{fileID: 0},0,,,,,,,,0,,1,,,{fileID: 0},0,,,,,,,,Character/Point,0,,{fileID: 0},0,{fileID: 0},0,"{fileID: -1472958050, guid: a7c8ed169960a6d09f38393641221f85, type: 3}",-1472958050,a7c8ed169960a6d09f38393641221f85,,,,,,,
Character_UI_Navigate,Assets/MonoBehaviour/Character_UI_Navigate.asset,a7c8ed169960a6d09f38393641221f85,a7c8ed169960a6d09f38393641221f85,-1472958050,,,,,,,,,efa13eb0-17c6-4296-989e-7122f6a7dc2f,"{fileID: 11400000, guid: 7709d7f483a42e94daf8f33ee29f7cbd, type: 2}",11400000,7709d7f483a42e94daf8f33ee29f7cbd,Assets/MonoBehaviour/Duckov Controls.asset,,,,,,{fileID: 0},0,,,,,,,,0,,1,,,{fileID: 0},0,,,,,,,,Character/UI_Navigate,0,,{fileID: 0},0,{fileID: 0},0,"{fileID: -1472958050, guid: a7c8ed169960a6d09f38393641221f85, type: 3}",-1472958050,a7c8ed169960a6d09f38393641221f85,,,,,,,
CameraMode_CameraModeCapture,Assets/MonoBehaviour/CameraMode_CameraModeCapture.asset,a7c8ed169960a6d09f38393641221f85,a7c8ed169960a6d09f38393641221f85,-1472958050,,,,,,,,,6b995781-64a3-42f9-b4d4-0b5844e28b35,"{fileID: 11400000, guid: 7709d7f483a42e94daf8f33ee29f7cbd, type: 2}",11400000,7709d7f483a42e94daf8f33ee29f7cbd,Assets/MonoBehaviour/Duckov Controls.asset,,,,,,{fileID: 0},0,,,,,,,,0,,1,,,{fileID: 0},0,,,,,,,,CameraMode/CameraModeCapture,0,,{fileID: 0},0,{fileID: 0},0,"{fileID: -1472958050, guid: a7c8ed169960a6d09f38393641221f85, type: 3}",-1472958050,a7c8ed169960a6d09f38393641221f85,,,,,,,
Character_SwitchWeapon,Assets/MonoBehaviour/Character_SwitchWeapon.asset,a7c8ed169960a6d09f38393641221f85,a7c8ed169960a6d09f38393641221f85,-1472958050,,,,,,,,,c74d3057-fb07-44e3-a53a-24cefc8f5477,"{fileID: 11400000, guid: 7709d7f483a42e94daf8f33ee29f7cbd, type: 2}",11400000,7709d7f483a42e94daf8f33ee29f7cbd,Assets/MonoBehaviour/Duckov Controls.asset,,,,,,{fileID: 0},0,,,,,,,,0,,1,,,{fileID: 0},0,,,,,,,,Character/SwitchWeapon,0,,{fileID: 0},0,{fileID: 0},0,"{fileID: -1472958050, guid: a7c8ed169960a6d09f38393641221f85, type: 3}",-1472958050,a7c8ed169960a6d09f38393641221f85,,,,,,,
DefaultInputActions,Assets/MonoBehaviour/DefaultInputActions.asset,a7c8ed169960a6d09f38393641221f85,a7c8ed169960a6d09f38393641221f85,330670497,'<XRController>',XR,TrackedDeviceOrientation,0,XR,23e01e3a-f935-4948-8d8b-9bcac77714fb,'<XRController>/deviceRotation',Navigate,,{fileID: 11400000},11400000,,,,XR,,,,{fileID: 0},0,,,,,,,,0,,1,Quaternion,0,{fileID: 0},0,Keyboard&Mouse,4cda81dc-9edd-4e03-9d7c-a71a14345d0b,,0,,,,DefaultInputActions,0,'<Keyboard>/rightArrow',{fileID: 0},0,{fileID: 0},0,"{fileID: 330670497, guid: a7c8ed169960a6d09f38393641221f85, type: 3}",330670497,a7c8ed169960a6d09f38393641221f85,,,[],,,2,
Character_MiddleClick,Assets/MonoBehaviour/Character_MiddleClick.asset,a7c8ed169960a6d09f38393641221f85,a7c8ed169960a6d09f38393641221f85,-1472958050,,,,,,,,,de57d4bc-f9b5-4f47-9071-f6895241ee3a,"{fileID: 11400000, guid: 7709d7f483a42e94daf8f33ee29f7cbd, type: 2}",11400000,7709d7f483a42e94daf8f33ee29f7cbd,Assets/MonoBehaviour/Duckov Controls.asset,,,,,,{fileID: 0},0,,,,,,,,0,,1,,,{fileID: 0},0,,,,,,,,Character/MiddleClick,0,,{fileID: 0},0,{fileID: 0},0,"{fileID: -1472958050, guid: a7c8ed169960a6d09f38393641221f85, type: 3}",-1472958050,a7c8ed169960a6d09f38393641221f85,,,,,,,
MiniGame_MiniGameB,Assets/MonoBehaviour/MiniGame_MiniGameB.asset,a7c8ed169960a6d09f38393641221f85,a7c8ed169960a6d09f38393641221f85,-1472958050,,,,,,,,,c145caed-859c-4962-a365-7f6d9676b255,"{fileID: 11400000, guid: 7709d7f483a42e94daf8f33ee29f7cbd, type: 2}",11400000,7709d7f483a42e94daf8f33ee29f7cbd,Assets/MonoBehaviour/Duckov Controls.asset,,,,,,{fileID: 0},0,,,,,,,,0,,1,,,{fileID: 0},0,,,,,,,,MiniGame/MiniGameB,0,,{fileID: 0},0,{fileID: 0},0,"{fileID: -1472958050, guid: a7c8ed169960a6d09f38393641221f85, type: 3}",-1472958050,a7c8ed169960a6d09f38393641221f85,,,,,,,
Character_Run,Assets/MonoBehaviour/Character_Run.asset,a7c8ed169960a6d09f38393641221f85,a7c8ed169960a6d09f38393641221f85,-1472958050,,,,,,,,,9b607783-0d5f-48b4-bbd6-f7fb3e74ab67,"{fileID: 11400000, guid: 7709d7f483a42e94daf8f33ee29f7cbd, type: 2}",11400000,7709d7f483a42e94daf8f33ee29f7cbd,Assets/MonoBehaviour/Duckov Controls.asset,,,,,,{fileID: 0},0,,,,,,,,0,,1,,,{fileID: 0},0,,,,,,,,Character/Run,0,,{fileID: 0},0,{fileID: 0},0,"{fileID: -1472958050, guid: a7c8ed169960a6d09f38393641221f85, type: 3}",-1472958050,a7c8ed169960a6d09f38393641221f85,,,,,,,
Character_PutAway,Assets/MonoBehaviour/Character_PutAway.asset,a7c8ed169960a6d09f38393641221f85,a7c8ed169960a6d09f38393641221f85,-1472958050,,,,,,,,,a941297c-9ee8-4f8f-a1ae-e30d744b141c,"{fileID: 11400000, guid: 7709d7f483a42e94daf8f33ee29f7cbd, type: 2}",11400000,7709d7f483a42e94daf8f33ee29f7cbd,Assets/MonoBehaviour/Duckov Controls.asset,,,,,,{fileID: 0},0,,,,,,,,0,,1,,,{fileID: 0},0,,,,,,,,Character/PutAway,0,,{fileID: 0},0,{fileID: 0},0,"{fileID: -1472958050, guid: a7c8ed169960a6d09f38393641221f85, type: 3}",-1472958050,a7c8ed169960a6d09f38393641221f85,,,,,,,
Character_ItemShortcut1,Assets/MonoBehaviour/Character_ItemShortcut1.asset,a7c8ed169960a6d09f38393641221f85,a7c8ed169960a6d09f38393641221f85,-1472958050,,,,,,,,,4e714e7c-7c6c-489d-a245-bd00ccf7c1a1,"{fileID: 11400000, guid: 7709d7f483a42e94daf8f33ee29f7cbd, type: 2}",11400000,7709d7f483a42e94daf8f33ee29f7cbd,Assets/MonoBehaviour/Duckov Controls.asset,,,,,,{fileID: 0},0,,,,,,,,0,,1,,,{fileID: 0},0,,,,,,,,Character/ItemShortcut1,0,,{fileID: 0},0,{fileID: 0},0,"{fileID: -1472958050, guid: a7c8ed169960a6d09f38393641221f85, type: 3}",-1472958050,a7c8ed169960a6d09f38393641221f85,,,,,,,
Character_ItemShortcut6,Assets/MonoBehaviour/Character_ItemShortcut6.asset,a7c8ed169960a6d09f38393641221f85,a7c8ed169960a6d09f38393641221f85,-1472958050,,,,,,,,,b4bb1c14-fcba-4514-8a01-614e72b21368,"{fileID: 11400000, guid: 7709d7f483a42e94daf8f33ee29f7cbd, type: 2}",11400000,7709d7f483a42e94daf8f33ee29f7cbd,Assets/MonoBehaviour/Duckov Controls.asset,,,,,,{fileID: 0},0,,,,,,,,0,,1,,,{fileID: 0},0,,,,,,,,Character/ItemShortcut6,0,,{fileID: 0},0,{fileID: 0},0,"{fileID: -1472958050, guid: a7c8ed169960a6d09f38393641221f85, type: 3}",-1472958050,a7c8ed169960a6d09f38393641221f85,,,,,,,
InputSystem.inputsettings,Assets/MonoBehaviour/InputSystem.inputsettings.asset,a7c8ed169960a6d09f38393641221f85,a7c8ed169960a6d09f38393641221f85,-35526777,,,,,,,,,,,,,,0,,0.75,1,,{fileID: 0},0,0.5,0.925,0.125,0.4,0.5,0.2,0,0,0,1,,,{fileID: 0},0,,,0,,5242880,1000,0.75,InputSystem.inputsettings,0,,{fileID: 0},0,{fileID: 0},0,"{fileID: -35526777, guid: a7c8ed169960a6d09f38393641221f85, type: 3}",-35526777,a7c8ed169960a6d09f38393641221f85,0,0,,[],5,,1
Character_UI_Inventory,Assets/MonoBehaviour/Character_UI_Inventory.asset,a7c8ed169960a6d09f38393641221f85,a7c8ed169960a6d09f38393641221f85,-1472958050,,,,,,,,,360ea729-fe0c-4015-ae17-83674dfd1c53,"{fileID: 11400000, guid: 7709d7f483a42e94daf8f33ee29f7cbd, type: 2}",11400000,7709d7f483a42e94daf8f33ee29f7cbd,Assets/MonoBehaviour/Duckov Controls.asset,,,,,,{fileID: 0},0,,,,,,,,0,,1,,,{fileID: 0},0,,,,,,,,Character/UI_Inventory,0,,{fileID: 0},0,{fileID: 0},0,"{fileID: -1472958050, guid: a7c8ed169960a6d09f38393641221f85, type: 3}",-1472958050,a7c8ed169960a6d09f38393641221f85,,,,,,,
Character_UI_Map,Assets/MonoBehaviour/Character_UI_Map.asset,a7c8ed169960a6d09f38393641221f85,a7c8ed169960a6d09f38393641221f85,-1472958050,,,,,,,,,f9f21fa3-dcee-4606-bae4-7d01481cae79,"{fileID: 11400000, guid: 7709d7f483a42e94daf8f33ee29f7cbd, type: 2}",11400000,7709d7f483a42e94daf8f33ee29f7cbd,Assets/MonoBehaviour/Duckov Controls.asset,,,,,,{fileID: 0},0,,,,,,,,0,,1,,,{fileID: 0},0,,,,,,,,Character/UI_Map,0,,{fileID: 0},0,{fileID: 0},0,"{fileID: -1472958050, guid: a7c8ed169960a6d09f38393641221f85, type: 3}",-1472958050,a7c8ed169960a6d09f38393641221f85,,,,,,,
Character_ItemShortcut7,Assets/MonoBehaviour/Character_ItemShortcut7.asset,a7c8ed169960a6d09f38393641221f85,a7c8ed169960a6d09f38393641221f85,-1472958050,,,,,,,,,455f7a81-8f57-44ed-b01e-d391970dd82b,"{fileID: 11400000, guid: 7709d7f483a42e94daf8f33ee29f7cbd, type: 2}",11400000,7709d7f483a42e94daf8f33ee29f7cbd,Assets/MonoBehaviour/Duckov Controls.asset,,,,,,{fileID: 0},0,,,,,,,,0,,1,,,{fileID: 0},0,,,,,,,,Character/ItemShortcut7,0,,{fileID: 0},0,{fileID: 0},0,"{fileID: -1472958050, guid: a7c8ed169960a6d09f38393641221f85, type: 3}",-1472958050,a7c8ed169960a6d09f38393641221f85,,,,,,,
CameraMode_CameraModeFocus,Assets/MonoBehaviour/CameraMode_CameraModeFocus.asset,a7c8ed169960a6d09f38393641221f85,a7c8ed169960a6d09f38393641221f85,-1472958050,,,,,,,,,bf6d12af-909e-43ce-9849-54877d3ada3b,"{fileID: 11400000, guid: 7709d7f483a42e94daf8f33ee29f7cbd, type: 2}",11400000,7709d7f483a42e94daf8f33ee29f7cbd,Assets/MonoBehaviour/Duckov Controls.asset,,,,,,{fileID: 0},0,,,,,,,,0,,1,,,{fileID: 0},0,,,,,,,,CameraMode/CameraModeFocus,0,,{fileID: 0},0,{fileID: 0},0,"{fileID: -1472958050, guid: a7c8ed169960a6d09f38393641221f85, type: 3}",-1472958050,a7c8ed169960a6d09f38393641221f85,,,,,,,
CameraMode_CameraModeOpenFolder,Assets/MonoBehaviour/CameraMode_CameraModeOpenFolder.asset,a7c8ed169960a6d09f38393641221f85,a7c8ed169960a6d09f38393641221f85,-1472958050,,,,,,,,,630a4bba-4cfb-46a2-ae9b-ac16f9ebb66d,"{fileID: 11400000, guid: 7709d7f483a42e94daf8f33ee29f7cbd, type: 2}",11400000,7709d7f483a42e94daf8f33ee29f7cbd,Assets/MonoBehaviour/Duckov Controls.asset,,,,,,{fileID: 0},0,,,,,,,,0,,1,,,{fileID: 0},0,,,,,,,,CameraMode/CameraModeOpenFolder,0,,{fileID: 0},0,{fileID: 0},0,"{fileID: -1472958050, guid: a7c8ed169960a6d09f38393641221f85, type: 3}",-1472958050,a7c8ed169960a6d09f38393641221f85,,,,,,,
Character_MoveAxis,Assets/MonoBehaviour/Character_MoveAxis.asset,a7c8ed169960a6d09f38393641221f85,a7c8ed169960a6d09f38393641221f85,-1472958050,,,,,,,,,d0011d2c-7c35-4fdb-a6eb-fc36cfc33e3e,"{fileID: 11400000, guid: 7709d7f483a42e94daf8f33ee29f7cbd, type: 2}",11400000,7709d7f483a42e94daf8f33ee29f7cbd,Assets/MonoBehaviour/Duckov Controls.asset,,,,,,{fileID: 0},0,,,,,,,,0,,1,,,{fileID: 0},0,,,,,,,,Character/MoveAxis,0,,{fileID: 0},0,{fileID: 0},0,"{fileID: -1472958050, guid: a7c8ed169960a6d09f38393641221f85, type: 3}",-1472958050,a7c8ed169960a6d09f38393641221f85,,,,,,,
Character_RightClick,Assets/MonoBehaviour/Character_RightClick.asset,a7c8ed169960a6d09f38393641221f85,a7c8ed169960a6d09f38393641221f85,-1472958050,,,,,,,,,9adbfead-f28c-4ce6-82d3-7793b3d97a7b,"{fileID: 11400000, guid: 7709d7f483a42e94daf8f33ee29f7cbd, type: 2}",11400000,7709d7f483a42e94daf8f33ee29f7cbd,Assets/MonoBehaviour/Duckov Controls.asset,,,,,,{fileID: 0},0,,,,,,,,0,,1,,,{fileID: 0},0,,,,,,,,Character/RightClick,0,,{fileID: 0},0,{fileID: 0},0,"{fileID: -1472958050, guid: a7c8ed169960a6d09f38393641221f85, type: 3}",-1472958050,a7c8ed169960a6d09f38393641221f85,,,,,,,
UI_Navigate,Assets/MonoBehaviour/UI_Navigate.asset,a7c8ed169960a6d09f38393641221f85,a7c8ed169960a6d09f38393641221f85,-1472958050,,,,,,,,,c95b2375-e6d9-4b88-9c4c-c5e76515df4b,"{fileID: 11400000, guid: 13e0e754c9fd6884fba01c87a0fb6f0a, type: 2}",11400000,13e0e754c9fd6884fba01c87a0fb6f0a,Assets/MonoBehaviour/DefaultInputActions.asset,,,,,,{fileID: 0},0,,,,,,,,0,,1,,,{fileID: 0},0,,,,,,,,UI/Navigate,0,,{fileID: 0},0,{fileID: 0},0,"{fileID: -1472958050, guid: a7c8ed169960a6d09f38393641221f85, type: 3}",-1472958050,a7c8ed169960a6d09f38393641221f85,,,,,,,
Character_ItemShortcut8,Assets/MonoBehaviour/Character_ItemShortcut8.asset,a7c8ed169960a6d09f38393641221f85,a7c8ed169960a6d09f38393641221f85,-1472958050,,,,,,,,,e167bdf4-9a5e-4bf8-bae1-d73fff860ca7,"{fileID: 11400000, guid: 7709d7f483a42e94daf8f33ee29f7cbd, type: 2}",11400000,7709d7f483a42e94daf8f33ee29f7cbd,Assets/MonoBehaviour/Duckov Controls.asset,,,,,,{fileID: 0},0,,,,,,,,0,,1,,,{fileID: 0},0,,,,,,,,Character/ItemShortcut8,0,,{fileID: 0},0,{fileID: 0},0,"{fileID: -1472958050, guid: a7c8ed169960a6d09f38393641221f85, type: 3}",-1472958050,a7c8ed169960a6d09f38393641221f85,,,,,,,
UI_TrackedDevicePosition,Assets/MonoBehaviour/UI_TrackedDevicePosition.asset,a7c8ed169960a6d09f38393641221f85,a7c8ed169960a6d09f38393641221f85,-1472958050,,,,,,,,,24908448-c609-4bc3-a128-ea258674378a,"{fileID: 11400000, guid: 13e0e754c9fd6884fba01c87a0fb6f0a, type: 2}",11400000,13e0e754c9fd6884fba01c87a0fb6f0a,Assets/MonoBehaviour/DefaultInputActions.asset,,,,,,{fileID: 0},0,,,,,,,,0,,1,,,{fileID: 0},0,,,,,,,,UI/TrackedDevicePosition,0,,{fileID: 0},0,{fileID: 0},0,"{fileID: -1472958050, guid: a7c8ed169960a6d09f38393641221f85, type: 3}",-1472958050,a7c8ed169960a6d09f38393641221f85,,,,,,,
Character_UI_Confirm,Assets/MonoBehaviour/Character_UI_Confirm.asset,a7c8ed169960a6d09f38393641221f85,a7c8ed169960a6d09f38393641221f85,-1472958050,,,,,,,,,fc7c7df5-d58f-4f30-8998-d95bab388504,"{fileID: 11400000, guid: 7709d7f483a42e94daf8f33ee29f7cbd, type: 2}",11400000,7709d7f483a42e94daf8f33ee29f7cbd,Assets/MonoBehaviour/Duckov Controls.asset,,,,,,{fileID: 0},0,,,,,,,,0,,1,,,{fileID: 0},0,,,,,,,,Character/UI_Confirm,0,,{fileID: 0},0,{fileID: 0},0,"{fileID: -1472958050, guid: a7c8ed169960a6d09f38393641221f85, type: 3}",-1472958050,a7c8ed169960a6d09f38393641221f85,,,,,,,
Character_ItemShortcut5,Assets/MonoBehaviour/Character_ItemShortcut5.asset,a7c8ed169960a6d09f38393641221f85,a7c8ed169960a6d09f38393641221f85,-1472958050,,,,,,,,,33102c24-c97a-420b-b3ee-ee00fd846846,"{fileID: 11400000, guid: 7709d7f483a42e94daf8f33ee29f7cbd, type: 2}",11400000,7709d7f483a42e94daf8f33ee29f7cbd,Assets/MonoBehaviour/Duckov Controls.asset,,,,,,{fileID: 0},0,,,,,,,,0,,1,,,{fileID: 0},0,,,,,,,,Character/ItemShortcut5,0,,{fileID: 0},0,{fileID: 0},0,"{fileID: -1472958050, guid: a7c8ed169960a6d09f38393641221f85, type: 3}",-1472958050,a7c8ed169960a6d09f38393641221f85,,,,,,,
MiniGame_MiniGameSelect,Assets/MonoBehaviour/MiniGame_MiniGameSelect.asset,a7c8ed169960a6d09f38393641221f85,a7c8ed169960a6d09f38393641221f85,-1472958050,,,,,,,,,2fe54695-5d7e-4d31-a095-f57676f2e362,"{fileID: 11400000, guid: 7709d7f483a42e94daf8f33ee29f7cbd, type: 2}",11400000,7709d7f483a42e94daf8f33ee29f7cbd,Assets/MonoBehaviour/Duckov Controls.asset,,,,,,{fileID: 0},0,,,,,,,,0,,1,,,{fileID: 0},0,,,,,,,,MiniGame/MiniGameSelect,0,,{fileID: 0},0,{fileID: 0},0,"{fileID: -1472958050, guid: a7c8ed169960a6d09f38393641221f85, type: 3}",-1472958050,a7c8ed169960a6d09f38393641221f85,,,,,,,
Character_Dash,Assets/MonoBehaviour/Character_Dash.asset,a7c8ed169960a6d09f38393641221f85,a7c8ed169960a6d09f38393641221f85,-1472958050,,,,,,,,,ebc27a68-6155-4402-9216-184550d9c140,"{fileID: 11400000, guid: 7709d7f483a42e94daf8f33ee29f7cbd, type: 2}",11400000,7709d7f483a42e94daf8f33ee29f7cbd,Assets/MonoBehaviour/Duckov Controls.asset,,,,,,{fileID: 0},0,,,,,,,,0,,1,,,{fileID: 0},0,,,,,,,,Character/Dash,0,,{fileID: 0},0,{fileID: 0},0,"{fileID: -1472958050, guid: a7c8ed169960a6d09f38393641221f85, type: 3}",-1472958050,a7c8ed169960a6d09f38393641221f85,,,,,,,
Character_Ctrl,Assets/MonoBehaviour/Character_Ctrl.asset,a7c8ed169960a6d09f38393641221f85,a7c8ed169960a6d09f38393641221f85,-1472958050,,,,,,,,,54dfdbd0-eae7-455f-94e2-2c4cffe30f07,"{fileID: 11400000, guid: 7709d7f483a42e94daf8f33ee29f7cbd, type: 2}",11400000,7709d7f483a42e94daf8f33ee29f7cbd,Assets/MonoBehaviour/Duckov Controls.asset,,,,,,{fileID: 0},0,,,,,,,,0,,1,,,{fileID: 0},0,,,,,,,,Character/Ctrl,0,,{fileID: 0},0,{fileID: 0},0,"{fileID: -1472958050, guid: a7c8ed169960a6d09f38393641221f85, type: 3}",-1472958050,a7c8ed169960a6d09f38393641221f85,,,,,,,
UI_Submit,Assets/MonoBehaviour/UI_Submit.asset,a7c8ed169960a6d09f38393641221f85,a7c8ed169960a6d09f38393641221f85,-1472958050,,,,,,,,,7607c7b6-cd76-4816-beef-bd0341cfe950,"{fileID: 11400000, guid: 13e0e754c9fd6884fba01c87a0fb6f0a, type: 2}",11400000,13e0e754c9fd6884fba01c87a0fb6f0a,Assets/MonoBehaviour/DefaultInputActions.asset,,,,,,{fileID: 0},0,,,,,,,,0,,1,,,{fileID: 0},0,,,,,,,,UI/Submit,0,,{fileID: 0},0,{fileID: 0},0,"{fileID: -1472958050, guid: a7c8ed169960a6d09f38393641221f85, type: 3}",-1472958050,a7c8ed169960a6d09f38393641221f85,,,,,,,
Character_UI_PreviousPage,Assets/MonoBehaviour/Character_UI_PreviousPage.asset,a7c8ed169960a6d09f38393641221f85,a7c8ed169960a6d09f38393641221f85,-1472958050,,,,,,,,,ea337c82-0cc1-447d-b9b8-86e302802d66,"{fileID: 11400000, guid: 7709d7f483a42e94daf8f33ee29f7cbd, type: 2}",11400000,7709d7f483a42e94daf8f33ee29f7cbd,Assets/MonoBehaviour/Duckov Controls.asset,,,,,,{fileID: 0},0,,,,,,,,0,,1,,,{fileID: 0},0,,,,,,,,Character/UI_PreviousPage,0,,{fileID: 0},0,{fileID: 0},0,"{fileID: -1472958050, guid: a7c8ed169960a6d09f38393641221f85, type: 3}",-1472958050,a7c8ed169960a6d09f38393641221f85,,,,,,,
Duckov Controls,Assets/MonoBehaviour/Duckov Controls.asset,a7c8ed169960a6d09f38393641221f85,a7c8ed169960a6d09f38393641221f85,330670497,'<Mouse>',KeyAndMouse,MiniGameSelect,0,;KeyAndMouse,eb3b6698-09dc-4538-bc18-ec93a4a238fe,'<Keyboard>/tab',CameraModeUpDown,,{fileID: 11400000},11400000,,,,KeyAndMouse,,,,{fileID: 0},0,,,,,,,,0,,1,Vector2,0,{fileID: 0},0,KeyAndMouse,2fe54695-5d7e-4d31-a095-f57676f2e362,,1,,,,Duckov Controls,0,'<Keyboard>/e',{fileID: 0},0,{fileID: 0},0,"{fileID: 330670497, guid: a7c8ed169960a6d09f38393641221f85, type: 3}",330670497,a7c8ed169960a6d09f38393641221f85,,,[],,,1,
UI_Cancel,Assets/MonoBehaviour/UI_Cancel.asset,a7c8ed169960a6d09f38393641221f85,a7c8ed169960a6d09f38393641221f85,-1472958050,,,,,,,,,15cef263-9014-4fd5-94d9-4e4a6234a6ef,"{fileID: 11400000, guid: 13e0e754c9fd6884fba01c87a0fb6f0a, type: 2}",11400000,13e0e754c9fd6884fba01c87a0fb6f0a,Assets/MonoBehaviour/DefaultInputActions.asset,,,,,,{fileID: 0},0,,,,,,,,0,,1,,,{fileID: 0},0,,,,,,,,UI/Cancel,0,,{fileID: 0},0,{fileID: 0},0,"{fileID: -1472958050, guid: a7c8ed169960a6d09f38393641221f85, type: 3}",-1472958050,a7c8ed169960a6d09f38393641221f85,,,,,,,
Character_Builder_Rotate,Assets/MonoBehaviour/Character_Builder_Rotate.asset,a7c8ed169960a6d09f38393641221f85,a7c8ed169960a6d09f38393641221f85,-1472958050,,,,,,,,,76d3aa2d-2e7d-4f7d-9a9c-3894a01a1349,"{fileID: 11400000, guid: 7709d7f483a42e94daf8f33ee29f7cbd, type: 2}",11400000,7709d7f483a42e94daf8f33ee29f7cbd,Assets/MonoBehaviour/Duckov Controls.asset,,,,,,{fileID: 0},0,,,,,,,,0,,1,,,{fileID: 0},0,,,,,,,,Character/Builder_Rotate,0,,{fileID: 0},0,{fileID: 0},0,"{fileID: -1472958050, guid: a7c8ed169960a6d09f38393641221f85, type: 3}",-1472958050,a7c8ed169960a6d09f38393641221f85,,,,,,,
UI_ScrollWheel,Assets/MonoBehaviour/UI_ScrollWheel.asset,a7c8ed169960a6d09f38393641221f85,a7c8ed169960a6d09f38393641221f85,-1472958050,,,,,,,,,0489e84a-4833-4c40-bfae-cea84b696689,"{fileID: 11400000, guid: 13e0e754c9fd6884fba01c87a0fb6f0a, type: 2}",11400000,13e0e754c9fd6884fba01c87a0fb6f0a,Assets/MonoBehaviour/DefaultInputActions.asset,,,,,,{fileID: 0},0,,,,,,,,0,,1,,,{fileID: 0},0,,,,,,,,UI/ScrollWheel,0,,{fileID: 0},0,{fileID: 0},0,"{fileID: -1472958050, guid: a7c8ed169960a6d09f38393641221f85, type: 3}",-1472958050,a7c8ed169960a6d09f38393641221f85,,,,,,,
UI_RightClick,Assets/MonoBehaviour/UI_RightClick.asset,a7c8ed169960a6d09f38393641221f85,a7c8ed169960a6d09f38393641221f85,-1472958050,,,,,,,,,44b200b1-1557-4083-816c-b22cbdf77ddf,"{fileID: 11400000, guid: 13e0e754c9fd6884fba01c87a0fb6f0a, type: 2}",11400000,13e0e754c9fd6884fba01c87a0fb6f0a,Assets/MonoBehaviour/DefaultInputActions.asset,,,,,,{fileID: 0},0,,,,,,,,0,,1,,,{fileID: 0},0,,,,,,,,UI/RightClick,0,,{fileID: 0},0,{fileID: 0},0,"{fileID: -1472958050, guid: a7c8ed169960a6d09f38393641221f85, type: 3}",-1472958050,a7c8ed169960a6d09f38393641221f85,,,,,,,
Character_UI_LockInventoryIndex,Assets/MonoBehaviour/Character_UI_LockInventoryIndex.asset,a7c8ed169960a6d09f38393641221f85,a7c8ed169960a6d09f38393641221f85,-1472958050,,,,,,,,,0687881a-77e2-42f4-bc0c-eab965b5f40f,"{fileID: 11400000, guid: 7709d7f483a42e94daf8f33ee29f7cbd, type: 2}",11400000,7709d7f483a42e94daf8f33ee29f7cbd,Assets/MonoBehaviour/Duckov Controls.asset,,,,,,{fileID: 0},0,,,,,,,,0,,1,,,{fileID: 0},0,,,,,,,,Character/UI_LockInventoryIndex,0,,{fileID: 0},0,{fileID: 0},0,"{fileID: -1472958050, guid: a7c8ed169960a6d09f38393641221f85, type: 3}",-1472958050,a7c8ed169960a6d09f38393641221f85,,,,,,,
Character_ScrollWheel,Assets/MonoBehaviour/Character_ScrollWheel.asset,a7c8ed169960a6d09f38393641221f85,a7c8ed169960a6d09f38393641221f85,-1472958050,,,,,,,,,84a591bf-d793-4f89-b138-89752bb2fd06,"{fileID: 11400000, guid: 7709d7f483a42e94daf8f33ee29f7cbd, type: 2}",11400000,7709d7f483a42e94daf8f33ee29f7cbd,Assets/MonoBehaviour/Duckov Controls.asset,,,,,,{fileID: 0},0,,,,,,,,0,,1,,,{fileID: 0},0,,,,,,,,Character/ScrollWheel,0,,{fileID: 0},0,{fileID: 0},0,"{fileID: -1472958050, guid: a7c8ed169960a6d09f38393641221f85, type: 3}",-1472958050,a7c8ed169960a6d09f38393641221f85,,,,,,,
Character_ItemShortcut2,Assets/MonoBehaviour/Character_ItemShortcut2.asset,a7c8ed169960a6d09f38393641221f85,a7c8ed169960a6d09f38393641221f85,-1472958050,,,,,,,,,f5cabeff-5f20-4225-a6e1-8d2bcc217c82,"{fileID: 11400000, guid: 7709d7f483a42e94daf8f33ee29f7cbd, type: 2}",11400000,7709d7f483a42e94daf8f33ee29f7cbd,Assets/MonoBehaviour/Duckov Controls.asset,,,,,,{fileID: 0},0,,,,,,,,0,,1,,,{fileID: 0},0,,,,,,,,Character/ItemShortcut2,0,,{fileID: 0},0,{fileID: 0},0,"{fileID: -1472958050, guid: a7c8ed169960a6d09f38393641221f85, type: 3}",-1472958050,a7c8ed169960a6d09f38393641221f85,,,,,,,
MiniGame_MiniGameStart,Assets/MonoBehaviour/MiniGame_MiniGameStart.asset,a7c8ed169960a6d09f38393641221f85,a7c8ed169960a6d09f38393641221f85,-1472958050,,,,,,,,,eeb8d72c-fc1f-4c01-877c-8bb30b2acb19,"{fileID: 11400000, guid: 7709d7f483a42e94daf8f33ee29f7cbd, type: 2}",11400000,7709d7f483a42e94daf8f33ee29f7cbd,Assets/MonoBehaviour/Duckov Controls.asset,,,,,,{fileID: 0},0,,,,,,,,0,,1,,,{fileID: 0},0,,,,,,,,MiniGame/MiniGameStart,0,,{fileID: 0},0,{fileID: 0},0,"{fileID: -1472958050, guid: a7c8ed169960a6d09f38393641221f85, type: 3}",-1472958050,a7c8ed169960a6d09f38393641221f85,,,,,,,
Character_Quack,Assets/MonoBehaviour/Character_Quack.asset,a7c8ed169960a6d09f38393641221f85,a7c8ed169960a6d09f38393641221f85,-1472958050,,,,,,,,,592dfd36-9d40-4809-b998-e2fccc513e77,"{fileID: 11400000, guid: 7709d7f483a42e94daf8f33ee29f7cbd, type: 2}",11400000,7709d7f483a42e94daf8f33ee29f7cbd,Assets/MonoBehaviour/Duckov Controls.asset,,,,,,{fileID: 0},0,,,,,,,,0,,1,,,{fileID: 0},0,,,,,,,,Character/Quack,0,,{fileID: 0},0,{fileID: 0},0,"{fileID: -1472958050, guid: a7c8ed169960a6d09f38393641221f85, type: 3}",-1472958050,a7c8ed169960a6d09f38393641221f85,,,,,,,
Character_ToggleNightVision,Assets/MonoBehaviour/Character_ToggleNightVision.asset,a7c8ed169960a6d09f38393641221f85,a7c8ed169960a6d09f38393641221f85,-1472958050,,,,,,,,,b94f06f2-290f-44bc-acab-81c6bc618788,"{fileID: 11400000, guid: 7709d7f483a42e94daf8f33ee29f7cbd, type: 2}",11400000,7709d7f483a42e94daf8f33ee29f7cbd,Assets/MonoBehaviour/Duckov Controls.asset,,,,,,{fileID: 0},0,,,,,,,,0,,1,,,{fileID: 0},0,,,,,,,,Character/ToggleNightVision,0,,{fileID: 0},0,{fileID: 0},0,"{fileID: -1472958050, guid: a7c8ed169960a6d09f38393641221f85, type: 3}",-1472958050,a7c8ed169960a6d09f38393641221f85,,,,,,,
UI_Point,Assets/MonoBehaviour/UI_Point.asset,a7c8ed169960a6d09f38393641221f85,a7c8ed169960a6d09f38393641221f85,-1472958050,,,,,,,,,32b35790-4ed0-4e9a-aa41-69ac6d629449,"{fileID: 11400000, guid: 13e0e754c9fd6884fba01c87a0fb6f0a, type: 2}",11400000,13e0e754c9fd6884fba01c87a0fb6f0a,Assets/MonoBehaviour/DefaultInputActions.asset,,,,,,{fileID: 0},0,,,,,,,,0,,1,,,{fileID: 0},0,,,,,,,,UI/Point,0,,{fileID: 0},0,{fileID: 0},0,"{fileID: -1472958050, guid: a7c8ed169960a6d09f38393641221f85, type: 3}",-1472958050,a7c8ed169960a6d09f38393641221f85,,,,,,,
Character_Click,Assets/MonoBehaviour/Character_Click.asset,a7c8ed169960a6d09f38393641221f85,a7c8ed169960a6d09f38393641221f85,-1472958050,,,,,,,,,b06cad00-b571-440c-b2e0-81bbac993129,"{fileID: 11400000, guid: 7709d7f483a42e94daf8f33ee29f7cbd, type: 2}",11400000,7709d7f483a42e94daf8f33ee29f7cbd,Assets/MonoBehaviour/Duckov Controls.asset,,,,,,{fileID: 0},0,,,,,,,,0,,1,,,{fileID: 0},0,,,,,,,,Character/Click,0,,{fileID: 0},0,{fileID: 0},0,"{fileID: -1472958050, guid: a7c8ed169960a6d09f38393641221f85, type: 3}",-1472958050,a7c8ed169960a6d09f38393641221f85,,,,,,,
Character_UI_Item_Drop,Assets/MonoBehaviour/Character_UI_Item_Drop.asset,a7c8ed169960a6d09f38393641221f85,a7c8ed169960a6d09f38393641221f85,-1472958050,,,,,,,,,4ab9d576-cba6-4c89-ac7a-d40dd7d0a3b5,"{fileID: 11400000, guid: 7709d7f483a42e94daf8f33ee29f7cbd, type: 2}",11400000,7709d7f483a42e94daf8f33ee29f7cbd,Assets/MonoBehaviour/Duckov Controls.asset,,,,,,{fileID: 0},0,,,,,,,,0,,1,,,{fileID: 0},0,,,,,,,,Character/UI_Item_Drop,0,,{fileID: 0},0,{fileID: 0},0,"{fileID: -1472958050, guid: a7c8ed169960a6d09f38393641221f85, type: 3}",-1472958050,a7c8ed169960a6d09f38393641221f85,,,,,,,
UI_MiddleClick,Assets/MonoBehaviour/UI_MiddleClick.asset,a7c8ed169960a6d09f38393641221f85,a7c8ed169960a6d09f38393641221f85,-1472958050,,,,,,,,,dad70c86-b58c-4b17-88ad-f5e53adf419e,"{fileID: 11400000, guid: 13e0e754c9fd6884fba01c87a0fb6f0a, type: 2}",11400000,13e0e754c9fd6884fba01c87a0fb6f0a,Assets/MonoBehaviour/DefaultInputActions.asset,,,,,,{fileID: 0},0,,,,,,,,0,,1,,,{fileID: 0},0,,,,,,,,UI/MiddleClick,0,,{fileID: 0},0,{fileID: 0},0,"{fileID: -1472958050, guid: a7c8ed169960a6d09f38393641221f85, type: 3}",-1472958050,a7c8ed169960a6d09f38393641221f85,,,,,,,
UI_TrackedDeviceOrientation,Assets/MonoBehaviour/UI_TrackedDeviceOrientation.asset,a7c8ed169960a6d09f38393641221f85,a7c8ed169960a6d09f38393641221f85,-1472958050,,,,,,,,,9caa3d8a-6b2f-4e8e-8bad-6ede561bd9be,"{fileID: 11400000, guid: 13e0e754c9fd6884fba01c87a0fb6f0a, type: 2}",11400000,13e0e754c9fd6884fba01c87a0fb6f0a,Assets/MonoBehaviour/DefaultInputActions.asset,,,,,,{fileID: 0},0,,,,,,,,0,,1,,,{fileID: 0},0,,,,,,,,UI/TrackedDeviceOrientation,0,,{fileID: 0},0,{fileID: 0},0,"{fileID: -1472958050, guid: a7c8ed169960a6d09f38393641221f85, type: 3}",-1472958050,a7c8ed169960a6d09f38393641221f85,,,,,,,
Character_Reload,Assets/MonoBehaviour/Character_Reload.asset,a7c8ed169960a6d09f38393641221f85,a7c8ed169960a6d09f38393641221f85,-1472958050,,,,,,,,,9490ad4f-4ca4-4961-b2c9-9378c9aab4c0,"{fileID: 11400000, guid: 7709d7f483a42e94daf8f33ee29f7cbd, type: 2}",11400000,7709d7f483a42e94daf8f33ee29f7cbd,Assets/MonoBehaviour/Duckov Controls.asset,,,,,,{fileID: 0},0,,,,,,,,0,,1,,,{fileID: 0},0,,,,,,,,Character/Reload,0,,{fileID: 0},0,{fileID: 0},0,"{fileID: -1472958050, guid: a7c8ed169960a6d09f38393641221f85, type: 3}",-1472958050,a7c8ed169960a6d09f38393641221f85,,,,,,,
CameraMode_CameraModeMove,Assets/MonoBehaviour/CameraMode_CameraModeMove.asset,a7c8ed169960a6d09f38393641221f85,a7c8ed169960a6d09f38393641221f85,-1472958050,,,,,,,,,9d1c694a-7069-4e7e-8e6c-1a3af2485b7b,"{fileID: 11400000, guid: 7709d7f483a42e94daf8f33ee29f7cbd, type: 2}",11400000,7709d7f483a42e94daf8f33ee29f7cbd,Assets/MonoBehaviour/Duckov Controls.asset,,,,,,{fileID: 0},0,,,,,,,,0,,1,,,{fileID: 0},0,,,,,,,,CameraMode/CameraModeMove,0,,{fileID: 0},0,{fileID: 0},0,"{fileID: -1472958050, guid: a7c8ed169960a6d09f38393641221f85, type: 3}",-1472958050,a7c8ed169960a6d09f38393641221f85,,,,,,,
Character_UI_ToggleIndicatorHUD,Assets/MonoBehaviour/Character_UI_ToggleIndicatorHUD.asset,a7c8ed169960a6d09f38393641221f85,a7c8ed169960a6d09f38393641221f85,-1472958050,,,,,,,,,ba181e2d-7f34-4a09-a9aa-da735928cd83,"{fileID: 11400000, guid: 7709d7f483a42e94daf8f33ee29f7cbd, type: 2}",11400000,7709d7f483a42e94daf8f33ee29f7cbd,Assets/MonoBehaviour/Duckov Controls.asset,,,,,,{fileID: 0},0,,,,,,,,0,,1,,,{fileID: 0},0,,,,,,,,Character/UI_ToggleIndicatorHUD,0,,{fileID: 0},0,{fileID: 0},0,"{fileID: -1472958050, guid: a7c8ed169960a6d09f38393641221f85, type: 3}",-1472958050,a7c8ed169960a6d09f38393641221f85,,,,,,,
Character_ADS,Assets/MonoBehaviour/Character_ADS.asset,a7c8ed169960a6d09f38393641221f85,a7c8ed169960a6d09f38393641221f85,-1472958050,,,,,,,,,356468d6-8f1b-4ef3-bfbe-345c06d0901d,"{fileID: 11400000, guid: 7709d7f483a42e94daf8f33ee29f7cbd, type: 2}",11400000,7709d7f483a42e94daf8f33ee29f7cbd,Assets/MonoBehaviour/Duckov Controls.asset,,,,,,{fileID: 0},0,,,,,,,,0,,1,,,{fileID: 0},0,,,,,,,,Character/ADS,0,,{fileID: 0},0,{fileID: 0},0,"{fileID: -1472958050, guid: a7c8ed169960a6d09f38393641221f85, type: 3}",-1472958050,a7c8ed169960a6d09f38393641221f85,,,,,,,
Character_Interact,Assets/MonoBehaviour/Character_Interact.asset,a7c8ed169960a6d09f38393641221f85,a7c8ed169960a6d09f38393641221f85,-1472958050,,,,,,,,,4b26a83b-799b-4f78-8341-506be8b818a6,"{fileID: 11400000, guid: 7709d7f483a42e94daf8f33ee29f7cbd, type: 2}",11400000,7709d7f483a42e94daf8f33ee29f7cbd,Assets/MonoBehaviour/Duckov Controls.asset,,,,,,{fileID: 0},0,,,,,,,,0,,1,,,{fileID: 0},0,,,,,,,,Character/Interact,0,,{fileID: 0},0,{fileID: 0},0,"{fileID: -1472958050, guid: a7c8ed169960a6d09f38393641221f85, type: 3}",-1472958050,a7c8ed169960a6d09f38393641221f85,,,,,,,
Character_UI_Item_Use,Assets/MonoBehaviour/Character_UI_Item_Use.asset,a7c8ed169960a6d09f38393641221f85,a7c8ed169960a6d09f38393641221f85,-1472958050,,,,,,,,,38059826-a51f-4d4e-93a4-59e031513e85,"{fileID: 11400000, guid: 7709d7f483a42e94daf8f33ee29f7cbd, type: 2}",11400000,7709d7f483a42e94daf8f33ee29f7cbd,Assets/MonoBehaviour/Duckov Controls.asset,,,,,,{fileID: 0},0,,,,,,,,0,,1,,,{fileID: 0},0,,,,,,,,Character/UI_Item_Use,0,,{fileID: 0},0,{fileID: 0},0,"{fileID: -1472958050, guid: a7c8ed169960a6d09f38393641221f85, type: 3}",-1472958050,a7c8ed169960a6d09f38393641221f85,,,,,,,
LevelManager,Assets/GameObject/LevelManager.prefab,a7c8ed169960a6d09f38393641221f85,a7c8ed169960a6d09f38393641221f85,-1879238618,,,,,,,,,,,,,,,,,,'<Keyboard>/leftShift',{fileID: 0},0,,,,,,,,0,,1,,,{fileID: 1914551428256248},1914551428256248,,,,,,,,,0,,{fileID: 0},0,{fileID: 0},0,"{fileID: -1879238618, guid: a7c8ed169960a6d09f38393641221f85, type: 3}",-1879238618,a7c8ed169960a6d09f38393641221f85,,,,,,,
