_ObjectName,_SourceFile,_Script,_ScriptGUID,_ScriptFileID,MonoBehaviour.backgroundFill.color,MonoBehaviour.backgroundFill.mode,MonoBehaviour.blurConfig,MonoBehaviour.blurConfig_fileID,MonoBehaviour.blurConfig_guid,MonoBehaviour.blurConfig_path,MonoBehaviour.blurRegion.height,MonoBehaviour.blurRegion.serializedVersion,MonoBehaviour.blurRegion.width,MonoBehaviour.blurRegion.x,MonoBehaviour.blurRegion.y,MonoBehaviour.brightness,MonoBehaviour.downsample,MonoBehaviour.flatten,MonoBehaviour.iteration,MonoBehaviour.m_Color,MonoBehaviour.m_CorrespondingSourceObject,MonoBehaviour.m_CorrespondingSourceObject_fileID,MonoBehaviour.m_EditorHideFlags,MonoBehaviour.m_Enabled,MonoBehaviour.m_FillAmount,MonoBehaviour.m_FillCenter,MonoBehaviour.m_FillClockwise,MonoBehaviour.m_FillMethod,MonoBehaviour.m_FillOrigin,MonoBehaviour.m_GameObject,MonoBehaviour.m_GameObject_fileID,MonoBehaviour.m_Maskable,MonoBehaviour.m_Material,MonoBehaviour.m_Material_fileID,MonoBehaviour.m_Material_guid,MonoBehaviour.m_Material_path,MonoBehaviour.m_Name,MonoBehaviour.m_ObjectHideFlags,MonoBehaviour.m_OnCullStateChanged.m_PersistentCalls.m_Calls,MonoBehaviour.m_PixelsPerUnitMultiplier,MonoBehaviour.m_PrefabAsset,MonoBehaviour.m_PrefabAsset_fileID,MonoBehaviour.m_PrefabInstance,MonoBehaviour.m_PrefabInstance_fileID,MonoBehaviour.m_PreserveAspect,MonoBehaviour.m_RaycastPadding,MonoBehaviour.m_RaycastTarget,MonoBehaviour.m_Script,MonoBehaviour.m_Script_fileID,MonoBehaviour.m_Script_guid,MonoBehaviour.m_Script_path,MonoBehaviour.m_Sprite,MonoBehaviour.m_Sprite_fileID,MonoBehaviour.m_Sprite_guid,MonoBehaviour.m_Sprite_path,MonoBehaviour.m_Type,MonoBehaviour.m_UseSpriteMesh,MonoBehaviour.m_spriteBlending,MonoBehaviour.maxUpdateRate,MonoBehaviour.preview,MonoBehaviour.radius,MonoBehaviour.source,MonoBehaviour.source_fileID,MonoBehaviour.strength,MonoBehaviour.vibrancy
GamePlayUI_LookDev Main Camera Blur Config,Assets/MonoBehaviour/GamePlayUI_LookDev Main Camera Blur Config.asset,LeTai.TranslucentImage,10137efb68a7305315c568ca07022f9c,1579417761,,,,,,,,,,,,,,,2,,{fileID: 0},0,0,1,,,,,,{fileID: 0},0,,,,,,GamePlayUI_LookDev Main Camera Blur Config,0,,,{fileID: 0},0,{fileID: 0},0,,,,"{fileID: 1579417761, guid: 10137efb68a7305315c568ca07022f9c, type: 3}",1579417761,10137efb68a7305315c568ca07022f9c,Assets/Plugins/LeTai.TranslucentImage.dll,,,,,,,,,,4,,,16,
LevelManager,Assets/GameObject/LevelManager.prefab,LeTai.TranslucentImage,10137efb68a7305315c568ca07022f9c,-1622332621,,,,,,,,,,,,0,,0.299,,"{r: 0.015574938, g: 0.0823313, b: 0.13207549, a: 1}",{fileID: 0},0,0,1,1,1,1,4,0,{fileID: 1269017811426995},1269017811426995,1,"{fileID: 2100000, guid: e0f76648eecc24042b8673a84c58d122, type: 2}",2100000,e0f76648eecc24042b8673a84c58d122,Assets/Material/Default-Translucent.mat,,0,[],1,{fileID: 0},0,{fileID: 0},0,0,"{x: 0, y: 0, z: 0, w: 0}",1,"{fileID: -1622332621, guid: 10137efb68a7305315c568ca07022f9c, type: 3}",-1622332621,10137efb68a7305315c568ca07022f9c,Assets/Plugins/LeTai.TranslucentImage.dll,{fileID: 0},0,,,0,0,0.65,,,,{fileID: 0},0,,1
LevelManager,Assets/GameObject/LevelManager.prefab,LeTai.TranslucentImage,10137efb68a7305315c568ca07022f9c,-1622332621,,,,,,,,,,,,0,,0.299,,"{r: 0.1980242, g: 0.34863502, b: 0.4716981, a: 1}",{fileID: 0},0,0,1,1,1,1,4,0,{fileID: 1000013559884850},1000013559884850,1,"{fileID: 2100000, guid: e0f76648eecc24042b8673a84c58d122, type: 2}",2100000,e0f76648eecc24042b8673a84c58d122,Assets/Material/Default-Translucent.mat,,0,[],1,{fileID: 0},0,{fileID: 0},0,0,"{x: 0, y: 0, z: 0, w: 0}",1,"{fileID: -1622332621, guid: 10137efb68a7305315c568ca07022f9c, type: 3}",-1622332621,10137efb68a7305315c568ca07022f9c,Assets/Plugins/LeTai.TranslucentImage.dll,"{fileID: 21300000, guid: 810bed6764b67404bbafb6a89de763f2, type: 2}",21300000,810bed6764b67404bbafb6a89de763f2,Assets/Sprite/Frame_Basic_Rectangle.asset,1,0,0.2,,,,{fileID: 0},0,,1
LevelManager,Assets/GameObject/LevelManager.prefab,LeTai.TranslucentImage,10137efb68a7305315c568ca07022f9c,-1622332621,,,,,,,,,,,,0,,0.15,,"{r: 0.32805273, g: 0.56897014, b: 0.7169812, a: 1}",{fileID: 0},0,0,1,1,1,1,4,0,{fileID: 1625715444754698},1625715444754698,1,"{fileID: 2100000, guid: e0f76648eecc24042b8673a84c58d122, type: 2}",2100000,e0f76648eecc24042b8673a84c58d122,Assets/Material/Default-Translucent.mat,,0,[],1,{fileID: 0},0,{fileID: 0},0,0,"{x: 0, y: 0, z: 0, w: 0}",1,"{fileID: -1622332621, guid: 10137efb68a7305315c568ca07022f9c, type: 3}",-1622332621,10137efb68a7305315c568ca07022f9c,Assets/Plugins/LeTai.TranslucentImage.dll,"{fileID: 21300000, guid: 48c9cb8b6cd7bab4fbe7a8218c9e54d9, type: 2}",21300000,48c9cb8b6cd7bab4fbe7a8218c9e54d9,Assets/Sprite/Rect16.asset,1,0,0.2,,,,{fileID: 0},0,,1
LevelManager,Assets/GameObject/LevelManager.prefab,LeTai.TranslucentImage,10137efb68a7305315c568ca07022f9c,-1622332621,,,,,,,,,,,,0,,0.299,,"{r: 0.1980242, g: 0.34863502, b: 0.4716981, a: 1}",{fileID: 0},0,0,1,1,1,1,4,0,{fileID: 1885225964303381},1885225964303381,1,"{fileID: 2100000, guid: e0f76648eecc24042b8673a84c58d122, type: 2}",2100000,e0f76648eecc24042b8673a84c58d122,Assets/Material/Default-Translucent.mat,,0,[],1,{fileID: 0},0,{fileID: 0},0,0,"{x: 0, y: 0, z: 0, w: 0}",1,"{fileID: -1622332621, guid: 10137efb68a7305315c568ca07022f9c, type: 3}",-1622332621,10137efb68a7305315c568ca07022f9c,Assets/Plugins/LeTai.TranslucentImage.dll,"{fileID: 21300000, guid: 810bed6764b67404bbafb6a89de763f2, type: 2}",21300000,810bed6764b67404bbafb6a89de763f2,Assets/Sprite/Frame_Basic_Rectangle.asset,1,0,0.2,,,,{fileID: 0},0,,1
LevelManager,Assets/GameObject/LevelManager.prefab,LeTai.TranslucentImage,10137efb68a7305315c568ca07022f9c,-1622332621,,,,,,,,,,,,0,,0,,"{r: 0.33962262, g: 0.33962262, b: 0.33962262, a: 1}",{fileID: 0},0,0,1,1,1,1,4,0,{fileID: 1978553247743601},1978553247743601,1,"{fileID: 2100000, guid: e0f76648eecc24042b8673a84c58d122, type: 2}",2100000,e0f76648eecc24042b8673a84c58d122,Assets/Material/Default-Translucent.mat,,0,[],1,{fileID: 0},0,{fileID: 0},0,0,"{x: 0, y: 0, z: 0, w: 0}",1,"{fileID: -1622332621, guid: 10137efb68a7305315c568ca07022f9c, type: 3}",-1622332621,10137efb68a7305315c568ca07022f9c,Assets/Plugins/LeTai.TranslucentImage.dll,"{fileID: 21300000, guid: 48c9cb8b6cd7bab4fbe7a8218c9e54d9, type: 2}",21300000,48c9cb8b6cd7bab4fbe7a8218c9e54d9,Assets/Sprite/Rect16.asset,1,0,0.2,,,,{fileID: 0},0,,1
LevelManager,Assets/GameObject/LevelManager.prefab,LeTai.TranslucentImage,10137efb68a7305315c568ca07022f9c,-1622332621,,,,,,,,,,,,0,,0,,"{r: 0.33962262, g: 0.33962262, b: 0.33962262, a: 1}",{fileID: 0},0,0,1,1,1,1,4,0,{fileID: 1303131910118242},1303131910118242,1,"{fileID: 2100000, guid: e0f76648eecc24042b8673a84c58d122, type: 2}",2100000,e0f76648eecc24042b8673a84c58d122,Assets/Material/Default-Translucent.mat,,0,[],1,{fileID: 0},0,{fileID: 0},0,0,"{x: 0, y: 0, z: 0, w: 0}",1,"{fileID: -1622332621, guid: 10137efb68a7305315c568ca07022f9c, type: 3}",-1622332621,10137efb68a7305315c568ca07022f9c,Assets/Plugins/LeTai.TranslucentImage.dll,"{fileID: 21300000, guid: 707bc5af35c508b4e9120551855ec3f9, type: 2}",21300000,707bc5af35c508b4e9120551855ec3f9,Assets/Resources/procedural_ui_image_default_sprite.asset,0,0,0.2,,,,{fileID: 0},0,,1
LevelManager,Assets/GameObject/LevelManager.prefab,LeTai.TranslucentImage,10137efb68a7305315c568ca07022f9c,-1622332621,,,,,,,,,,,,0,,0.299,,"{r: 0.1980242, g: 0.34863502, b: 0.4716981, a: 1}",{fileID: 0},0,0,1,1,1,1,4,0,{fileID: 1356184516562751},1356184516562751,1,"{fileID: 2100000, guid: e0f76648eecc24042b8673a84c58d122, type: 2}",2100000,e0f76648eecc24042b8673a84c58d122,Assets/Material/Default-Translucent.mat,,0,[],1,{fileID: 0},0,{fileID: 0},0,0,"{x: 0, y: 0, z: 0, w: 0}",1,"{fileID: -1622332621, guid: 10137efb68a7305315c568ca07022f9c, type: 3}",-1622332621,10137efb68a7305315c568ca07022f9c,Assets/Plugins/LeTai.TranslucentImage.dll,"{fileID: 21300000, guid: 810bed6764b67404bbafb6a89de763f2, type: 2}",21300000,810bed6764b67404bbafb6a89de763f2,Assets/Sprite/Frame_Basic_Rectangle.asset,1,0,0.2,,,,{fileID: 0},0,,1
LevelManager,Assets/GameObject/LevelManager.prefab,LeTai.TranslucentImage,10137efb68a7305315c568ca07022f9c,-1622332621,,,,,,,,,,,,0,,0.299,,"{r: 0.1980242, g: 0.34863502, b: 0.4716981, a: 1}",{fileID: 0},0,0,1,1,1,1,4,0,{fileID: 1082691334252202},1082691334252202,1,"{fileID: 2100000, guid: e0f76648eecc24042b8673a84c58d122, type: 2}",2100000,e0f76648eecc24042b8673a84c58d122,Assets/Material/Default-Translucent.mat,,0,[],1,{fileID: 0},0,{fileID: 0},0,0,"{x: 0, y: 0, z: 0, w: 0}",1,"{fileID: -1622332621, guid: 10137efb68a7305315c568ca07022f9c, type: 3}",-1622332621,10137efb68a7305315c568ca07022f9c,Assets/Plugins/LeTai.TranslucentImage.dll,"{fileID: 21300000, guid: 810bed6764b67404bbafb6a89de763f2, type: 2}",21300000,810bed6764b67404bbafb6a89de763f2,Assets/Sprite/Frame_Basic_Rectangle.asset,1,0,0.2,,,,{fileID: 0},0,,1
LevelManager,Assets/GameObject/LevelManager.prefab,LeTai.TranslucentImage,10137efb68a7305315c568ca07022f9c,-1622332621,,,,,,,,,,,,0,,0.299,,"{r: 0.33962262, g: 0.33962262, b: 0.33962262, a: 1}",{fileID: 0},0,0,1,1,1,1,4,0,{fileID: 1687311994539848},1687311994539848,1,"{fileID: 2100000, guid: e0f76648eecc24042b8673a84c58d122, type: 2}",2100000,e0f76648eecc24042b8673a84c58d122,Assets/Material/Default-Translucent.mat,,0,[],1,{fileID: 0},0,{fileID: 0},0,0,"{x: 0, y: 0, z: 0, w: 0}",1,"{fileID: -1622332621, guid: 10137efb68a7305315c568ca07022f9c, type: 3}",-1622332621,10137efb68a7305315c568ca07022f9c,Assets/Plugins/LeTai.TranslucentImage.dll,"{fileID: 21300000, guid: 810bed6764b67404bbafb6a89de763f2, type: 2}",21300000,810bed6764b67404bbafb6a89de763f2,Assets/Sprite/Frame_Basic_Rectangle.asset,1,0,0.2,,,,{fileID: 0},0,,1
LevelManager,Assets/GameObject/LevelManager.prefab,LeTai.TranslucentImage,10137efb68a7305315c568ca07022f9c,-1622332621,,,,,,,,,,,,0,,0.299,,"{r: 0.19607843, g: 0.34901962, b: 0.47058824, a: 1}",{fileID: 0},0,0,1,1,1,1,4,0,{fileID: 1257517546140618},1257517546140618,1,"{fileID: 2100000, guid: e0f76648eecc24042b8673a84c58d122, type: 2}",2100000,e0f76648eecc24042b8673a84c58d122,Assets/Material/Default-Translucent.mat,,0,[],1,{fileID: 0},0,{fileID: 0},0,0,"{x: 0, y: 0, z: 0, w: 0}",1,"{fileID: -1622332621, guid: 10137efb68a7305315c568ca07022f9c, type: 3}",-1622332621,10137efb68a7305315c568ca07022f9c,Assets/Plugins/LeTai.TranslucentImage.dll,"{fileID: 21300000, guid: 810bed6764b67404bbafb6a89de763f2, type: 2}",21300000,810bed6764b67404bbafb6a89de763f2,Assets/Sprite/Frame_Basic_Rectangle.asset,1,0,0.5,,,,{fileID: 0},0,,1
LevelManager,Assets/GameObject/LevelManager.prefab,LeTai.TranslucentImage,10137efb68a7305315c568ca07022f9c,-1622332621,,,,,,,,,,,,0,,0.299,,"{r: 0, g: 0, b: 0, a: 1}",{fileID: 0},0,0,1,1,1,1,4,0,{fileID: 1907981707826108},1907981707826108,1,"{fileID: 2100000, guid: e0f76648eecc24042b8673a84c58d122, type: 2}",2100000,e0f76648eecc24042b8673a84c58d122,Assets/Material/Default-Translucent.mat,,0,[],1,{fileID: 0},0,{fileID: 0},0,0,"{x: 0, y: 0, z: 0, w: 0}",1,"{fileID: -1622332621, guid: 10137efb68a7305315c568ca07022f9c, type: 3}",-1622332621,10137efb68a7305315c568ca07022f9c,Assets/Plugins/LeTai.TranslucentImage.dll,"{fileID: 21300000, guid: 48c9cb8b6cd7bab4fbe7a8218c9e54d9, type: 2}",21300000,48c9cb8b6cd7bab4fbe7a8218c9e54d9,Assets/Sprite/Rect16.asset,1,0,0.65,,,,{fileID: 0},0,,1
LevelManager,Assets/GameObject/LevelManager.prefab,LeTai.TranslucentImage,10137efb68a7305315c568ca07022f9c,-1622332621,,,,,,,,,,,,0,,0.299,,"{r: 0.1980242, g: 0.34863502, b: 0.4716981, a: 1}",{fileID: 0},0,0,1,1,1,1,4,0,{fileID: 1723425682245803},1723425682245803,1,"{fileID: 2100000, guid: e0f76648eecc24042b8673a84c58d122, type: 2}",2100000,e0f76648eecc24042b8673a84c58d122,Assets/Material/Default-Translucent.mat,,0,[],1,{fileID: 0},0,{fileID: 0},0,0,"{x: 0, y: 0, z: 0, w: 0}",1,"{fileID: -1622332621, guid: 10137efb68a7305315c568ca07022f9c, type: 3}",-1622332621,10137efb68a7305315c568ca07022f9c,Assets/Plugins/LeTai.TranslucentImage.dll,"{fileID: 21300000, guid: 810bed6764b67404bbafb6a89de763f2, type: 2}",21300000,810bed6764b67404bbafb6a89de763f2,Assets/Sprite/Frame_Basic_Rectangle.asset,1,0,0.2,,,,{fileID: 0},0,,1
LevelManager,Assets/GameObject/LevelManager.prefab,LeTai.TranslucentImage,10137efb68a7305315c568ca07022f9c,-1622332621,,,,,,,,,,,,0,,0.15,,"{r: 0.32805273, g: 0.56897014, b: 0.7169812, a: 1}",{fileID: 0},0,0,1,1,1,1,4,0,{fileID: 1136656239230117},1136656239230117,1,"{fileID: 2100000, guid: e0f76648eecc24042b8673a84c58d122, type: 2}",2100000,e0f76648eecc24042b8673a84c58d122,Assets/Material/Default-Translucent.mat,,0,[],1,{fileID: 0},0,{fileID: 0},0,0,"{x: 0, y: 0, z: 0, w: 0}",1,"{fileID: -1622332621, guid: 10137efb68a7305315c568ca07022f9c, type: 3}",-1622332621,10137efb68a7305315c568ca07022f9c,Assets/Plugins/LeTai.TranslucentImage.dll,"{fileID: 21300000, guid: 48c9cb8b6cd7bab4fbe7a8218c9e54d9, type: 2}",21300000,48c9cb8b6cd7bab4fbe7a8218c9e54d9,Assets/Sprite/Rect16.asset,1,0,0.2,,,,{fileID: 0},0,,1
LevelManager,Assets/GameObject/LevelManager.prefab,LeTai.TranslucentImage,10137efb68a7305315c568ca07022f9c,-1622332621,,,,,,,,,,,,0,,0.299,,"{r: 0, g: 0, b: 0, a: 1}",{fileID: 0},0,0,1,1,1,1,4,0,{fileID: 1663759591384284},1663759591384284,1,"{fileID: 2100000, guid: e0f76648eecc24042b8673a84c58d122, type: 2}",2100000,e0f76648eecc24042b8673a84c58d122,Assets/Material/Default-Translucent.mat,,0,[],1,{fileID: 0},0,{fileID: 0},0,0,"{x: 0, y: 0, z: 0, w: 0}",1,"{fileID: -1622332621, guid: 10137efb68a7305315c568ca07022f9c, type: 3}",-1622332621,10137efb68a7305315c568ca07022f9c,Assets/Plugins/LeTai.TranslucentImage.dll,"{fileID: 21300000, guid: 810bed6764b67404bbafb6a89de763f2, type: 2}",21300000,810bed6764b67404bbafb6a89de763f2,Assets/Sprite/Frame_Basic_Rectangle.asset,1,0,0.5,,,,{fileID: 0},0,,1
LevelManager,Assets/GameObject/LevelManager.prefab,LeTai.TranslucentImage,10137efb68a7305315c568ca07022f9c,-1622332621,,,,,,,,,,,,0,,0.299,,"{r: 0, g: 0, b: 0, a: 1}",{fileID: 0},0,0,1,1,1,1,4,0,{fileID: 1186900138818251},1186900138818251,1,"{fileID: 2100000, guid: e0f76648eecc24042b8673a84c58d122, type: 2}",2100000,e0f76648eecc24042b8673a84c58d122,Assets/Material/Default-Translucent.mat,,0,[],1,{fileID: 0},0,{fileID: 0},0,0,"{x: 0, y: 0, z: 0, w: 0}",1,"{fileID: -1622332621, guid: 10137efb68a7305315c568ca07022f9c, type: 3}",-1622332621,10137efb68a7305315c568ca07022f9c,Assets/Plugins/LeTai.TranslucentImage.dll,"{fileID: 21300000, guid: 810bed6764b67404bbafb6a89de763f2, type: 2}",21300000,810bed6764b67404bbafb6a89de763f2,Assets/Sprite/Frame_Basic_Rectangle.asset,1,0,0.5,,,,{fileID: 0},0,,1
LevelManager,Assets/GameObject/LevelManager.prefab,LeTai.TranslucentImage,10137efb68a7305315c568ca07022f9c,-1622332621,,,,,,,,,,,,0,,0.299,,"{r: 0, g: 0, b: 0, a: 1}",{fileID: 0},0,0,1,1,1,1,4,0,{fileID: 1310129106492719},1310129106492719,1,"{fileID: 2100000, guid: e0f76648eecc24042b8673a84c58d122, type: 2}",2100000,e0f76648eecc24042b8673a84c58d122,Assets/Material/Default-Translucent.mat,,0,[],1,{fileID: 0},0,{fileID: 0},0,0,"{x: 0, y: 0, z: 0, w: 0}",1,"{fileID: -1622332621, guid: 10137efb68a7305315c568ca07022f9c, type: 3}",-1622332621,10137efb68a7305315c568ca07022f9c,Assets/Plugins/LeTai.TranslucentImage.dll,"{fileID: 21300000, guid: 810bed6764b67404bbafb6a89de763f2, type: 2}",21300000,810bed6764b67404bbafb6a89de763f2,Assets/Sprite/Frame_Basic_Rectangle.asset,1,0,0.5,,,,{fileID: 0},0,,1
LevelManager,Assets/GameObject/LevelManager.prefab,LeTai.TranslucentImage,10137efb68a7305315c568ca07022f9c,-1622332621,,,,,,,,,,,,0,,0.299,,"{r: 0, g: 0, b: 0, a: 1}",{fileID: 0},0,0,1,1,1,1,4,0,{fileID: 1426163828653655},1426163828653655,1,"{fileID: 2100000, guid: e0f76648eecc24042b8673a84c58d122, type: 2}",2100000,e0f76648eecc24042b8673a84c58d122,Assets/Material/Default-Translucent.mat,,0,[],1,{fileID: 0},0,{fileID: 0},0,0,"{x: 0, y: 0, z: 0, w: 0}",1,"{fileID: -1622332621, guid: 10137efb68a7305315c568ca07022f9c, type: 3}",-1622332621,10137efb68a7305315c568ca07022f9c,Assets/Plugins/LeTai.TranslucentImage.dll,"{fileID: 21300000, guid: 810bed6764b67404bbafb6a89de763f2, type: 2}",21300000,810bed6764b67404bbafb6a89de763f2,Assets/Sprite/Frame_Basic_Rectangle.asset,1,0,0.5,,,,{fileID: 0},0,,1
LevelManager,Assets/GameObject/LevelManager.prefab,LeTai.TranslucentImage,10137efb68a7305315c568ca07022f9c,-1622332621,,,,,,,,,,,,0,,0.299,,"{r: 0, g: 0, b: 0, a: 1}",{fileID: 0},0,0,1,1,1,1,4,0,{fileID: 1306856769433624},1306856769433624,1,"{fileID: 2100000, guid: e0f76648eecc24042b8673a84c58d122, type: 2}",2100000,e0f76648eecc24042b8673a84c58d122,Assets/Material/Default-Translucent.mat,,0,[],1,{fileID: 0},0,{fileID: 0},0,0,"{x: 0, y: 0, z: 0, w: 0}",1,"{fileID: -1622332621, guid: 10137efb68a7305315c568ca07022f9c, type: 3}",-1622332621,10137efb68a7305315c568ca07022f9c,Assets/Plugins/LeTai.TranslucentImage.dll,"{fileID: 21300000, guid: 810bed6764b67404bbafb6a89de763f2, type: 2}",21300000,810bed6764b67404bbafb6a89de763f2,Assets/Sprite/Frame_Basic_Rectangle.asset,1,0,0.5,,,,{fileID: 0},0,,1
LevelManager,Assets/GameObject/LevelManager.prefab,LeTai.TranslucentImage,10137efb68a7305315c568ca07022f9c,-1622332621,,,,,,,,,,,,0,,0.15,,"{r: 0.1980242, g: 0.34863502, b: 0.4716981, a: 1}",{fileID: 0},0,0,1,1,1,1,4,0,{fileID: 1359085776361039},1359085776361039,1,"{fileID: 2100000, guid: e0f76648eecc24042b8673a84c58d122, type: 2}",2100000,e0f76648eecc24042b8673a84c58d122,Assets/Material/Default-Translucent.mat,,0,[],1,{fileID: 0},0,{fileID: 0},0,0,"{x: 0, y: 0, z: 0, w: 0}",1,"{fileID: -1622332621, guid: 10137efb68a7305315c568ca07022f9c, type: 3}",-1622332621,10137efb68a7305315c568ca07022f9c,Assets/Plugins/LeTai.TranslucentImage.dll,"{fileID: 21300000, guid: 810bed6764b67404bbafb6a89de763f2, type: 2}",21300000,810bed6764b67404bbafb6a89de763f2,Assets/Sprite/Frame_Basic_Rectangle.asset,1,0,0.2,,,,{fileID: 0},0,,1
LevelManager,Assets/GameObject/LevelManager.prefab,LeTai.TranslucentImage,10137efb68a7305315c568ca07022f9c,-1622332621,,,,,,,,,,,,0,,0.299,,"{r: 0, g: 0, b: 0, a: 1}",{fileID: 0},0,0,1,1,1,1,4,0,{fileID: 1599333062596177},1599333062596177,1,"{fileID: 2100000, guid: e0f76648eecc24042b8673a84c58d122, type: 2}",2100000,e0f76648eecc24042b8673a84c58d122,Assets/Material/Default-Translucent.mat,,0,[],1,{fileID: 0},0,{fileID: 0},0,0,"{x: 0, y: 0, z: 0, w: 0}",1,"{fileID: -1622332621, guid: 10137efb68a7305315c568ca07022f9c, type: 3}",-1622332621,10137efb68a7305315c568ca07022f9c,Assets/Plugins/LeTai.TranslucentImage.dll,"{fileID: 21300000, guid: 810bed6764b67404bbafb6a89de763f2, type: 2}",21300000,810bed6764b67404bbafb6a89de763f2,Assets/Sprite/Frame_Basic_Rectangle.asset,1,0,0.5,,,,{fileID: 0},0,,1
LevelManager,Assets/GameObject/LevelManager.prefab,LeTai.TranslucentImage,10137efb68a7305315c568ca07022f9c,-1622332621,,,,,,,,,,,,0,,0.299,,"{r: 0, g: 0, b: 0, a: 1}",{fileID: 0},0,0,0,1,1,1,4,0,{fileID: 1503703404900568},1503703404900568,1,"{fileID: 2100000, guid: e0f76648eecc24042b8673a84c58d122, type: 2}",2100000,e0f76648eecc24042b8673a84c58d122,Assets/Material/Default-Translucent.mat,,0,[],1,{fileID: 0},0,{fileID: 0},0,0,"{x: 0, y: 0, z: 0, w: 0}",1,"{fileID: -1622332621, guid: 10137efb68a7305315c568ca07022f9c, type: 3}",-1622332621,10137efb68a7305315c568ca07022f9c,Assets/Plugins/LeTai.TranslucentImage.dll,"{fileID: 21300000, guid: 810bed6764b67404bbafb6a89de763f2, type: 2}",21300000,810bed6764b67404bbafb6a89de763f2,Assets/Sprite/Frame_Basic_Rectangle.asset,1,0,0.5,,,,{fileID: 0},0,,1
LevelManager,Assets/GameObject/LevelManager.prefab,LeTai.TranslucentImage,10137efb68a7305315c568ca07022f9c,-1622332621,,,,,,,,,,,,0,,0.299,,"{r: 0, g: 0, b: 0, a: 1}",{fileID: 0},0,0,1,1,1,1,4,0,{fileID: 1713272316829646},1713272316829646,1,"{fileID: 2100000, guid: e0f76648eecc24042b8673a84c58d122, type: 2}",2100000,e0f76648eecc24042b8673a84c58d122,Assets/Material/Default-Translucent.mat,,0,[],1,{fileID: 0},0,{fileID: 0},0,0,"{x: 0, y: 0, z: 0, w: 0}",1,"{fileID: -1622332621, guid: 10137efb68a7305315c568ca07022f9c, type: 3}",-1622332621,10137efb68a7305315c568ca07022f9c,Assets/Plugins/LeTai.TranslucentImage.dll,"{fileID: 21300000, guid: 810bed6764b67404bbafb6a89de763f2, type: 2}",21300000,810bed6764b67404bbafb6a89de763f2,Assets/Sprite/Frame_Basic_Rectangle.asset,1,0,0.5,,,,{fileID: 0},0,,1
LevelManager,Assets/GameObject/LevelManager.prefab,LeTai.TranslucentImage,10137efb68a7305315c568ca07022f9c,-1622332621,,,,,,,,,,,,0,,0.299,,"{r: 0, g: 0, b: 0, a: 1}",{fileID: 0},0,0,1,1,1,1,4,0,{fileID: 1397217303506900},1397217303506900,1,"{fileID: 2100000, guid: e0f76648eecc24042b8673a84c58d122, type: 2}",2100000,e0f76648eecc24042b8673a84c58d122,Assets/Material/Default-Translucent.mat,,0,[],1,{fileID: 0},0,{fileID: 0},0,0,"{x: 0, y: 0, z: 0, w: 0}",1,"{fileID: -1622332621, guid: 10137efb68a7305315c568ca07022f9c, type: 3}",-1622332621,10137efb68a7305315c568ca07022f9c,Assets/Plugins/LeTai.TranslucentImage.dll,"{fileID: 21300000, guid: 810bed6764b67404bbafb6a89de763f2, type: 2}",21300000,810bed6764b67404bbafb6a89de763f2,Assets/Sprite/Frame_Basic_Rectangle.asset,1,0,0.5,,,,{fileID: 0},0,,1
LevelManager,Assets/GameObject/LevelManager.prefab,LeTai.TranslucentImage,10137efb68a7305315c568ca07022f9c,-1622332621,,,,,,,,,,,,0,,0.15,,"{r: 0.32805273, g: 0.56897014, b: 0.7169812, a: 1}",{fileID: 0},0,0,1,1,1,1,4,0,{fileID: 1292105796463871},1292105796463871,1,"{fileID: 2100000, guid: e0f76648eecc24042b8673a84c58d122, type: 2}",2100000,e0f76648eecc24042b8673a84c58d122,Assets/Material/Default-Translucent.mat,,0,[],1,{fileID: 0},0,{fileID: 0},0,0,"{x: 0, y: 0, z: 0, w: 0}",1,"{fileID: -1622332621, guid: 10137efb68a7305315c568ca07022f9c, type: 3}",-1622332621,10137efb68a7305315c568ca07022f9c,Assets/Plugins/LeTai.TranslucentImage.dll,"{fileID: 21300000, guid: 48c9cb8b6cd7bab4fbe7a8218c9e54d9, type: 2}",21300000,48c9cb8b6cd7bab4fbe7a8218c9e54d9,Assets/Sprite/Rect16.asset,1,0,0.2,,,,{fileID: 0},0,,1
LevelManager,Assets/GameObject/LevelManager.prefab,LeTai.TranslucentImage,10137efb68a7305315c568ca07022f9c,-1622332621,,,,,,,,,,,,0,,0.299,,"{r: 0.21176471, g: 0.5882353, b: 0.6901961, a: 1}",{fileID: 0},0,0,1,1,1,1,4,0,{fileID: 1663824038000985},1663824038000985,1,"{fileID: 2100000, guid: e0f76648eecc24042b8673a84c58d122, type: 2}",2100000,e0f76648eecc24042b8673a84c58d122,Assets/Material/Default-Translucent.mat,,0,[],1,{fileID: 0},0,{fileID: 0},0,0,"{x: 0, y: 0, z: 0, w: 0}",1,"{fileID: -1622332621, guid: 10137efb68a7305315c568ca07022f9c, type: 3}",-1622332621,10137efb68a7305315c568ca07022f9c,Assets/Plugins/LeTai.TranslucentImage.dll,"{fileID: 21300000, guid: 810bed6764b67404bbafb6a89de763f2, type: 2}",21300000,810bed6764b67404bbafb6a89de763f2,Assets/Sprite/Frame_Basic_Rectangle.asset,1,0,0.5,,,,{fileID: 0},0,,1
LevelManager,Assets/GameObject/LevelManager.prefab,LeTai.TranslucentImage,10137efb68a7305315c568ca07022f9c,-1622332621,,,,,,,,,,,,0,,0.299,,"{r: 0, g: 0, b: 0, a: 1}",{fileID: 0},0,0,1,1,1,1,4,0,{fileID: 1181308637411254},1181308637411254,1,"{fileID: 2100000, guid: e0f76648eecc24042b8673a84c58d122, type: 2}",2100000,e0f76648eecc24042b8673a84c58d122,Assets/Material/Default-Translucent.mat,,0,[],1,{fileID: 0},0,{fileID: 0},0,0,"{x: 0, y: 0, z: 0, w: 0}",1,"{fileID: -1622332621, guid: 10137efb68a7305315c568ca07022f9c, type: 3}",-1622332621,10137efb68a7305315c568ca07022f9c,Assets/Plugins/LeTai.TranslucentImage.dll,"{fileID: 21300000, guid: 810bed6764b67404bbafb6a89de763f2, type: 2}",21300000,810bed6764b67404bbafb6a89de763f2,Assets/Sprite/Frame_Basic_Rectangle.asset,1,0,0.5,,,,{fileID: 0},0,,1
LevelManager,Assets/GameObject/LevelManager.prefab,LeTai.TranslucentImage,10137efb68a7305315c568ca07022f9c,-1622332621,,,,,,,,,,,,0,,0.299,,"{r: 0, g: 0, b: 0, a: 1}",{fileID: 0},0,0,1,1,1,1,4,0,{fileID: 1198320959315996},1198320959315996,1,"{fileID: 2100000, guid: e0f76648eecc24042b8673a84c58d122, type: 2}",2100000,e0f76648eecc24042b8673a84c58d122,Assets/Material/Default-Translucent.mat,,0,[],1,{fileID: 0},0,{fileID: 0},0,0,"{x: 0, y: 0, z: 0, w: 0}",1,"{fileID: -1622332621, guid: 10137efb68a7305315c568ca07022f9c, type: 3}",-1622332621,10137efb68a7305315c568ca07022f9c,Assets/Plugins/LeTai.TranslucentImage.dll,"{fileID: 21300000, guid: 810bed6764b67404bbafb6a89de763f2, type: 2}",21300000,810bed6764b67404bbafb6a89de763f2,Assets/Sprite/Frame_Basic_Rectangle.asset,1,0,0.5,,,,{fileID: 0},0,,1
LevelManager,Assets/GameObject/LevelManager.prefab,LeTai.TranslucentImage,10137efb68a7305315c568ca07022f9c,-1622332621,,,,,,,,,,,,0,,0.299,,"{r: 0, g: 0, b: 0, a: 1}",{fileID: 0},0,0,1,1,1,1,4,0,{fileID: 1530655042602453},1530655042602453,1,"{fileID: 2100000, guid: e0f76648eecc24042b8673a84c58d122, type: 2}",2100000,e0f76648eecc24042b8673a84c58d122,Assets/Material/Default-Translucent.mat,,0,[],1,{fileID: 0},0,{fileID: 0},0,0,"{x: 0, y: 0, z: 0, w: 0}",0,"{fileID: -1622332621, guid: 10137efb68a7305315c568ca07022f9c, type: 3}",-1622332621,10137efb68a7305315c568ca07022f9c,Assets/Plugins/LeTai.TranslucentImage.dll,"{fileID: 21300000, guid: 48c9cb8b6cd7bab4fbe7a8218c9e54d9, type: 2}",21300000,48c9cb8b6cd7bab4fbe7a8218c9e54d9,Assets/Sprite/Rect16.asset,1,0,0.9,,,,{fileID: 0},0,,1
LevelManager,Assets/GameObject/LevelManager.prefab,LeTai.TranslucentImage,10137efb68a7305315c568ca07022f9c,-1622332621,,,,,,,,,,,,0,,0.299,,"{r: 0, g: 0, b: 0, a: 1}",{fileID: 0},0,0,1,1,1,1,4,0,{fileID: 1303301176190768},1303301176190768,1,"{fileID: 2100000, guid: e0f76648eecc24042b8673a84c58d122, type: 2}",2100000,e0f76648eecc24042b8673a84c58d122,Assets/Material/Default-Translucent.mat,,0,[],1,{fileID: 0},0,{fileID: 0},0,0,"{x: 0, y: 0, z: 0, w: 0}",1,"{fileID: -1622332621, guid: 10137efb68a7305315c568ca07022f9c, type: 3}",-1622332621,10137efb68a7305315c568ca07022f9c,Assets/Plugins/LeTai.TranslucentImage.dll,"{fileID: 21300000, guid: 810bed6764b67404bbafb6a89de763f2, type: 2}",21300000,810bed6764b67404bbafb6a89de763f2,Assets/Sprite/Frame_Basic_Rectangle.asset,1,0,0.5,,,,{fileID: 0},0,,1
LevelManager,Assets/GameObject/LevelManager.prefab,LeTai.TranslucentImage,10137efb68a7305315c568ca07022f9c,-1622332621,,,,,,,,,,,,0,,0.299,,"{r: 0, g: 0, b: 0, a: 1}",{fileID: 0},0,0,1,1,1,1,4,0,{fileID: 1963683805502239},1963683805502239,1,"{fileID: 2100000, guid: e0f76648eecc24042b8673a84c58d122, type: 2}",2100000,e0f76648eecc24042b8673a84c58d122,Assets/Material/Default-Translucent.mat,,0,[],1,{fileID: 0},0,{fileID: 0},0,0,"{x: 0, y: 0, z: 0, w: 0}",1,"{fileID: -1622332621, guid: 10137efb68a7305315c568ca07022f9c, type: 3}",-1622332621,10137efb68a7305315c568ca07022f9c,Assets/Plugins/LeTai.TranslucentImage.dll,"{fileID: 21300000, guid: 810bed6764b67404bbafb6a89de763f2, type: 2}",21300000,810bed6764b67404bbafb6a89de763f2,Assets/Sprite/Frame_Basic_Rectangle.asset,1,0,0.5,,,,{fileID: 0},0,,1
LevelManager,Assets/GameObject/LevelManager.prefab,LeTai.TranslucentImage,10137efb68a7305315c568ca07022f9c,-1622332621,,,,,,,,,,,,0,,0.299,,"{r: 0, g: 0, b: 0, a: 1}",{fileID: 0},0,0,1,1,1,1,4,0,{fileID: 1184067218241136},1184067218241136,1,"{fileID: 2100000, guid: e0f76648eecc24042b8673a84c58d122, type: 2}",2100000,e0f76648eecc24042b8673a84c58d122,Assets/Material/Default-Translucent.mat,,0,[],1,{fileID: 0},0,{fileID: 0},0,0,"{x: 0, y: 0, z: 0, w: 0}",1,"{fileID: -1622332621, guid: 10137efb68a7305315c568ca07022f9c, type: 3}",-1622332621,10137efb68a7305315c568ca07022f9c,Assets/Plugins/LeTai.TranslucentImage.dll,"{fileID: 21300000, guid: 810bed6764b67404bbafb6a89de763f2, type: 2}",21300000,810bed6764b67404bbafb6a89de763f2,Assets/Sprite/Frame_Basic_Rectangle.asset,1,0,0.5,,,,{fileID: 0},0,,1
LevelManager,Assets/GameObject/LevelManager.prefab,LeTai.TranslucentImage,10137efb68a7305315c568ca07022f9c,-1622332621,,,,,,,,,,,,0,,0.299,,"{r: 0.47770557, g: 0.8962264, b: 0.56048983, a: 1}",{fileID: 0},0,0,1,1,1,1,4,0,{fileID: 1946722606751159},1946722606751159,1,"{fileID: 2100000, guid: e0f76648eecc24042b8673a84c58d122, type: 2}",2100000,e0f76648eecc24042b8673a84c58d122,Assets/Material/Default-Translucent.mat,,0,[],1,{fileID: 0},0,{fileID: 0},0,0,"{x: 0, y: 0, z: 0, w: 0}",1,"{fileID: -1622332621, guid: 10137efb68a7305315c568ca07022f9c, type: 3}",-1622332621,10137efb68a7305315c568ca07022f9c,Assets/Plugins/LeTai.TranslucentImage.dll,"{fileID: 21300000, guid: 48c9cb8b6cd7bab4fbe7a8218c9e54d9, type: 2}",21300000,48c9cb8b6cd7bab4fbe7a8218c9e54d9,Assets/Sprite/Rect16.asset,1,0,0.65,,,,{fileID: 0},0,,1
LevelManager,Assets/GameObject/LevelManager.prefab,LeTai.TranslucentImage,10137efb68a7305315c568ca07022f9c,-1622332621,,,,,,,,,,,,0,,0.299,,"{r: 0.156, g: 0.156, b: 0.156, a: 1}",{fileID: 0},0,0,1,1,1,1,4,0,{fileID: 1267047563808946},1267047563808946,1,"{fileID: 2100000, guid: 168c846fad7eef6469df1193b2e9282f, type: 2}",2100000,168c846fad7eef6469df1193b2e9282f,Assets/Material/Sample Translucent Image Material.mat,,0,[],1,{fileID: 0},0,{fileID: 0},0,0,"{x: 0, y: 0, z: 0, w: 0}",1,"{fileID: -1622332621, guid: 10137efb68a7305315c568ca07022f9c, type: 3}",-1622332621,10137efb68a7305315c568ca07022f9c,Assets/Plugins/LeTai.TranslucentImage.dll,"{fileID: 21300000, guid: 48c9cb8b6cd7bab4fbe7a8218c9e54d9, type: 2}",21300000,48c9cb8b6cd7bab4fbe7a8218c9e54d9,Assets/Sprite/Rect16.asset,1,0,0.65,,,,{fileID: 0},0,,1
LevelManager,Assets/GameObject/LevelManager.prefab,LeTai.TranslucentImage,10137efb68a7305315c568ca07022f9c,-1622332621,,,,,,,,,,,,0,,0.299,,"{r: 0, g: 0, b: 0, a: 1}",{fileID: 0},0,0,1,1,1,1,4,0,{fileID: 1749086320152498},1749086320152498,1,"{fileID: 2100000, guid: e0f76648eecc24042b8673a84c58d122, type: 2}",2100000,e0f76648eecc24042b8673a84c58d122,Assets/Material/Default-Translucent.mat,,0,[],1,{fileID: 0},0,{fileID: 0},0,0,"{x: 0, y: 0, z: 0, w: 0}",1,"{fileID: -1622332621, guid: 10137efb68a7305315c568ca07022f9c, type: 3}",-1622332621,10137efb68a7305315c568ca07022f9c,Assets/Plugins/LeTai.TranslucentImage.dll,"{fileID: 21300000, guid: 810bed6764b67404bbafb6a89de763f2, type: 2}",21300000,810bed6764b67404bbafb6a89de763f2,Assets/Sprite/Frame_Basic_Rectangle.asset,1,0,0.5,,,,{fileID: 0},0,,1
LevelManager,Assets/GameObject/LevelManager.prefab,LeTai.TranslucentImage,10137efb68a7305315c568ca07022f9c,-1622332621,,,,,,,,,,,,0,,0.15,,"{r: 0.32805273, g: 0.56897014, b: 0.7169812, a: 1}",{fileID: 0},0,0,1,1,1,1,4,0,{fileID: 1123436272344292},1123436272344292,1,"{fileID: 2100000, guid: e0f76648eecc24042b8673a84c58d122, type: 2}",2100000,e0f76648eecc24042b8673a84c58d122,Assets/Material/Default-Translucent.mat,,0,[],1,{fileID: 0},0,{fileID: 0},0,0,"{x: 0, y: 0, z: 0, w: 0}",1,"{fileID: -1622332621, guid: 10137efb68a7305315c568ca07022f9c, type: 3}",-1622332621,10137efb68a7305315c568ca07022f9c,Assets/Plugins/LeTai.TranslucentImage.dll,"{fileID: 21300000, guid: 48c9cb8b6cd7bab4fbe7a8218c9e54d9, type: 2}",21300000,48c9cb8b6cd7bab4fbe7a8218c9e54d9,Assets/Sprite/Rect16.asset,1,0,0.2,,,,{fileID: 0},0,,1
LevelManager,Assets/GameObject/LevelManager.prefab,LeTai.TranslucentImage,10137efb68a7305315c568ca07022f9c,-1622332621,,,,,,,,,,,,0,,0.299,,"{r: 0, g: 0, b: 0, a: 1}",{fileID: 0},0,0,1,1,1,1,4,0,{fileID: 1138616195647470},1138616195647470,1,"{fileID: 2100000, guid: e0f76648eecc24042b8673a84c58d122, type: 2}",2100000,e0f76648eecc24042b8673a84c58d122,Assets/Material/Default-Translucent.mat,,0,[],1,{fileID: 0},0,{fileID: 0},0,0,"{x: 0, y: 0, z: 0, w: 0}",1,"{fileID: -1622332621, guid: 10137efb68a7305315c568ca07022f9c, type: 3}",-1622332621,10137efb68a7305315c568ca07022f9c,Assets/Plugins/LeTai.TranslucentImage.dll,"{fileID: 21300000, guid: 810bed6764b67404bbafb6a89de763f2, type: 2}",21300000,810bed6764b67404bbafb6a89de763f2,Assets/Sprite/Frame_Basic_Rectangle.asset,1,0,0.5,,,,{fileID: 0},0,,1
LevelManager,Assets/GameObject/LevelManager.prefab,LeTai.TranslucentImage,10137efb68a7305315c568ca07022f9c,-1622332621,,,,,,,,,,,,0,,0.299,,"{r: 0, g: 0, b: 0, a: 1}",{fileID: 0},0,0,1,1,1,1,4,0,{fileID: 1670386243890495},1670386243890495,1,"{fileID: 2100000, guid: e0f76648eecc24042b8673a84c58d122, type: 2}",2100000,e0f76648eecc24042b8673a84c58d122,Assets/Material/Default-Translucent.mat,,0,[],1,{fileID: 0},0,{fileID: 0},0,0,"{x: 0, y: 0, z: 0, w: 0}",1,"{fileID: -1622332621, guid: 10137efb68a7305315c568ca07022f9c, type: 3}",-1622332621,10137efb68a7305315c568ca07022f9c,Assets/Plugins/LeTai.TranslucentImage.dll,"{fileID: 21300000, guid: 810bed6764b67404bbafb6a89de763f2, type: 2}",21300000,810bed6764b67404bbafb6a89de763f2,Assets/Sprite/Frame_Basic_Rectangle.asset,1,0,0.5,,,,{fileID: 0},0,,1
LevelManager,Assets/GameObject/LevelManager.prefab,LeTai.TranslucentImage,10137efb68a7305315c568ca07022f9c,-1622332621,,,,,,,,,,,,0,,0.299,,"{r: 0.156, g: 0.156, b: 0.156, a: 1}",{fileID: 0},0,0,1,1,1,1,4,0,{fileID: 1590501194263903},1590501194263903,1,"{fileID: 2100000, guid: 168c846fad7eef6469df1193b2e9282f, type: 2}",2100000,168c846fad7eef6469df1193b2e9282f,Assets/Material/Sample Translucent Image Material.mat,,0,[],1,{fileID: 0},0,{fileID: 0},0,0,"{x: 0, y: 0, z: 0, w: 0}",1,"{fileID: -1622332621, guid: 10137efb68a7305315c568ca07022f9c, type: 3}",-1622332621,10137efb68a7305315c568ca07022f9c,Assets/Plugins/LeTai.TranslucentImage.dll,"{fileID: 21300000, guid: 48c9cb8b6cd7bab4fbe7a8218c9e54d9, type: 2}",21300000,48c9cb8b6cd7bab4fbe7a8218c9e54d9,Assets/Sprite/Rect16.asset,1,0,0.65,,,,{fileID: 0},0,,1
LevelManager,Assets/GameObject/LevelManager.prefab,LeTai.TranslucentImage,10137efb68a7305315c568ca07022f9c,-1622332621,,,,,,,,,,,,0,,0.299,,"{r: 0.156, g: 0.156, b: 0.156, a: 1}",{fileID: 0},0,0,1,1,1,1,4,0,{fileID: 1576661462594151},1576661462594151,1,"{fileID: 2100000, guid: 168c846fad7eef6469df1193b2e9282f, type: 2}",2100000,168c846fad7eef6469df1193b2e9282f,Assets/Material/Sample Translucent Image Material.mat,,0,[],1,{fileID: 0},0,{fileID: 0},0,0,"{x: 0, y: 0, z: 0, w: 0}",1,"{fileID: -1622332621, guid: 10137efb68a7305315c568ca07022f9c, type: 3}",-1622332621,10137efb68a7305315c568ca07022f9c,Assets/Plugins/LeTai.TranslucentImage.dll,"{fileID: 21300000, guid: 48c9cb8b6cd7bab4fbe7a8218c9e54d9, type: 2}",21300000,48c9cb8b6cd7bab4fbe7a8218c9e54d9,Assets/Sprite/Rect16.asset,1,0,0.65,,,,{fileID: 0},0,,1
LevelManager,Assets/GameObject/LevelManager.prefab,LeTai.TranslucentImage,10137efb68a7305315c568ca07022f9c,-1622332621,,,,,,,,,,,,0,,0.299,,"{r: 0.156, g: 0.156, b: 0.156, a: 1}",{fileID: 0},0,0,1,1,1,1,4,0,{fileID: 1917154474219561},1917154474219561,1,"{fileID: 2100000, guid: 168c846fad7eef6469df1193b2e9282f, type: 2}",2100000,168c846fad7eef6469df1193b2e9282f,Assets/Material/Sample Translucent Image Material.mat,,0,[],1,{fileID: 0},0,{fileID: 0},0,0,"{x: 0, y: 0, z: 0, w: 0}",1,"{fileID: -1622332621, guid: 10137efb68a7305315c568ca07022f9c, type: 3}",-1622332621,10137efb68a7305315c568ca07022f9c,Assets/Plugins/LeTai.TranslucentImage.dll,"{fileID: 21300000, guid: 48c9cb8b6cd7bab4fbe7a8218c9e54d9, type: 2}",21300000,48c9cb8b6cd7bab4fbe7a8218c9e54d9,Assets/Sprite/Rect16.asset,1,0,0.65,,,,{fileID: 0},0,,1
LevelManager,Assets/GameObject/LevelManager.prefab,LeTai.TranslucentImage,10137efb68a7305315c568ca07022f9c,-1622332621,,,,,,,,,,,,0,,0.299,,"{r: 0, g: 0, b: 0, a: 1}",{fileID: 0},0,0,1,1,1,1,4,0,{fileID: 1273858047276322},1273858047276322,1,"{fileID: 2100000, guid: e0f76648eecc24042b8673a84c58d122, type: 2}",2100000,e0f76648eecc24042b8673a84c58d122,Assets/Material/Default-Translucent.mat,,0,[],1,{fileID: 0},0,{fileID: 0},0,0,"{x: 0, y: 0, z: 0, w: 0}",1,"{fileID: -1622332621, guid: 10137efb68a7305315c568ca07022f9c, type: 3}",-1622332621,10137efb68a7305315c568ca07022f9c,Assets/Plugins/LeTai.TranslucentImage.dll,"{fileID: 21300000, guid: 810bed6764b67404bbafb6a89de763f2, type: 2}",21300000,810bed6764b67404bbafb6a89de763f2,Assets/Sprite/Frame_Basic_Rectangle.asset,1,0,0.5,,,,{fileID: 0},0,,1
LevelManager,Assets/GameObject/LevelManager.prefab,LeTai.TranslucentImage,10137efb68a7305315c568ca07022f9c,-1622332621,,,,,,,,,,,,0,,0.299,,"{r: 0, g: 0, b: 0, a: 1}",{fileID: 0},0,0,1,1,1,1,4,0,{fileID: 1357466780583089},1357466780583089,1,"{fileID: 2100000, guid: e0f76648eecc24042b8673a84c58d122, type: 2}",2100000,e0f76648eecc24042b8673a84c58d122,Assets/Material/Default-Translucent.mat,,0,[],1,{fileID: 0},0,{fileID: 0},0,0,"{x: 0, y: 0, z: 0, w: 0}",1,"{fileID: -1622332621, guid: 10137efb68a7305315c568ca07022f9c, type: 3}",-1622332621,10137efb68a7305315c568ca07022f9c,Assets/Plugins/LeTai.TranslucentImage.dll,"{fileID: 21300000, guid: 810bed6764b67404bbafb6a89de763f2, type: 2}",21300000,810bed6764b67404bbafb6a89de763f2,Assets/Sprite/Frame_Basic_Rectangle.asset,1,0,0.5,,,,{fileID: 0},0,,1
LevelManager,Assets/GameObject/LevelManager.prefab,LeTai.TranslucentImage,10137efb68a7305315c568ca07022f9c,-1622332621,,,,,,,,,,,,0,,0.299,,"{r: 0, g: 0, b: 0, a: 1}",{fileID: 0},0,0,1,1,1,1,4,0,{fileID: 1989406673054968},1989406673054968,1,"{fileID: 2100000, guid: e0f76648eecc24042b8673a84c58d122, type: 2}",2100000,e0f76648eecc24042b8673a84c58d122,Assets/Material/Default-Translucent.mat,,0,[],1,{fileID: 0},0,{fileID: 0},0,0,"{x: 0, y: 0, z: 0, w: 0}",1,"{fileID: -1622332621, guid: 10137efb68a7305315c568ca07022f9c, type: 3}",-1622332621,10137efb68a7305315c568ca07022f9c,Assets/Plugins/LeTai.TranslucentImage.dll,"{fileID: 21300000, guid: 810bed6764b67404bbafb6a89de763f2, type: 2}",21300000,810bed6764b67404bbafb6a89de763f2,Assets/Sprite/Frame_Basic_Rectangle.asset,1,0,0.5,,,,{fileID: 0},0,,1
LevelManager,Assets/GameObject/LevelManager.prefab,LeTai.TranslucentImage,10137efb68a7305315c568ca07022f9c,-1622332621,,,,,,,,,,,,0,,0.299,,"{r: 0, g: 0, b: 0, a: 1}",{fileID: 0},0,0,1,1,1,1,4,0,{fileID: 1008564482108725},1008564482108725,1,"{fileID: 2100000, guid: e0f76648eecc24042b8673a84c58d122, type: 2}",2100000,e0f76648eecc24042b8673a84c58d122,Assets/Material/Default-Translucent.mat,,0,[],1,{fileID: 0},0,{fileID: 0},0,0,"{x: 0, y: 0, z: 0, w: 0}",1,"{fileID: -1622332621, guid: 10137efb68a7305315c568ca07022f9c, type: 3}",-1622332621,10137efb68a7305315c568ca07022f9c,Assets/Plugins/LeTai.TranslucentImage.dll,"{fileID: 21300000, guid: 810bed6764b67404bbafb6a89de763f2, type: 2}",21300000,810bed6764b67404bbafb6a89de763f2,Assets/Sprite/Frame_Basic_Rectangle.asset,1,0,0.5,,,,{fileID: 0},0,,1
LevelManager,Assets/GameObject/LevelManager.prefab,LeTai.TranslucentImage,10137efb68a7305315c568ca07022f9c,-1622332621,,,,,,,,,,,,0,,0.15,,"{r: 0.32805273, g: 0.56897014, b: 0.7169812, a: 1}",{fileID: 0},0,0,1,1,1,1,4,0,{fileID: 1841495094321345},1841495094321345,1,"{fileID: 2100000, guid: e0f76648eecc24042b8673a84c58d122, type: 2}",2100000,e0f76648eecc24042b8673a84c58d122,Assets/Material/Default-Translucent.mat,,0,[],1,{fileID: 0},0,{fileID: 0},0,0,"{x: 0, y: 0, z: 0, w: 0}",1,"{fileID: -1622332621, guid: 10137efb68a7305315c568ca07022f9c, type: 3}",-1622332621,10137efb68a7305315c568ca07022f9c,Assets/Plugins/LeTai.TranslucentImage.dll,"{fileID: 21300000, guid: 48c9cb8b6cd7bab4fbe7a8218c9e54d9, type: 2}",21300000,48c9cb8b6cd7bab4fbe7a8218c9e54d9,Assets/Sprite/Rect16.asset,1,0,0.2,,,,{fileID: 0},0,,1
LevelManager,Assets/GameObject/LevelManager.prefab,LeTai.TranslucentImage,10137efb68a7305315c568ca07022f9c,-1622332621,,,,,,,,,,,,0,,0.299,,"{r: 0, g: 0, b: 0, a: 1}",{fileID: 0},0,0,1,1,1,1,4,0,{fileID: 1890707586198515},1890707586198515,1,"{fileID: 2100000, guid: e0f76648eecc24042b8673a84c58d122, type: 2}",2100000,e0f76648eecc24042b8673a84c58d122,Assets/Material/Default-Translucent.mat,,0,[],1,{fileID: 0},0,{fileID: 0},0,0,"{x: 0, y: 0, z: 0, w: 0}",1,"{fileID: -1622332621, guid: 10137efb68a7305315c568ca07022f9c, type: 3}",-1622332621,10137efb68a7305315c568ca07022f9c,Assets/Plugins/LeTai.TranslucentImage.dll,"{fileID: 21300000, guid: 810bed6764b67404bbafb6a89de763f2, type: 2}",21300000,810bed6764b67404bbafb6a89de763f2,Assets/Sprite/Frame_Basic_Rectangle.asset,1,0,0.5,,,,{fileID: 0},0,,1
LevelManager,Assets/GameObject/LevelManager.prefab,LeTai.TranslucentImage,10137efb68a7305315c568ca07022f9c,-1622332621,,,,,,,,,,,,0,,0.299,,"{r: 0, g: 0, b: 0, a: 1}",{fileID: 0},0,0,1,1,1,1,4,0,{fileID: 1758286951934464},1758286951934464,1,"{fileID: 2100000, guid: e0f76648eecc24042b8673a84c58d122, type: 2}",2100000,e0f76648eecc24042b8673a84c58d122,Assets/Material/Default-Translucent.mat,,0,[],1,{fileID: 0},0,{fileID: 0},0,0,"{x: 0, y: 0, z: 0, w: 0}",1,"{fileID: -1622332621, guid: 10137efb68a7305315c568ca07022f9c, type: 3}",-1622332621,10137efb68a7305315c568ca07022f9c,Assets/Plugins/LeTai.TranslucentImage.dll,"{fileID: 21300000, guid: 810bed6764b67404bbafb6a89de763f2, type: 2}",21300000,810bed6764b67404bbafb6a89de763f2,Assets/Sprite/Frame_Basic_Rectangle.asset,1,0,0.5,,,,{fileID: 0},0,,1
LevelManager,Assets/GameObject/LevelManager.prefab,LeTai.TranslucentImage,10137efb68a7305315c568ca07022f9c,-1622332621,,,,,,,,,,,,0,,0.299,,"{r: 0.156, g: 0.156, b: 0.156, a: 1}",{fileID: 0},0,0,1,1,1,1,4,0,{fileID: 1084143918748180},1084143918748180,1,"{fileID: 2100000, guid: 168c846fad7eef6469df1193b2e9282f, type: 2}",2100000,168c846fad7eef6469df1193b2e9282f,Assets/Material/Sample Translucent Image Material.mat,,0,[],1,{fileID: 0},0,{fileID: 0},0,0,"{x: 0, y: 0, z: 0, w: 0}",1,"{fileID: -1622332621, guid: 10137efb68a7305315c568ca07022f9c, type: 3}",-1622332621,10137efb68a7305315c568ca07022f9c,Assets/Plugins/LeTai.TranslucentImage.dll,"{fileID: 21300000, guid: 48c9cb8b6cd7bab4fbe7a8218c9e54d9, type: 2}",21300000,48c9cb8b6cd7bab4fbe7a8218c9e54d9,Assets/Sprite/Rect16.asset,1,0,0.65,,,,{fileID: 0},0,,1
LevelManager,Assets/GameObject/LevelManager.prefab,LeTai.TranslucentImage,10137efb68a7305315c568ca07022f9c,-1622332621,,,,,,,,,,,,0,,0.299,,"{r: 0, g: 0, b: 0, a: 1}",{fileID: 0},0,0,1,1,1,1,4,0,{fileID: 1239053357585401},1239053357585401,1,"{fileID: 2100000, guid: e0f76648eecc24042b8673a84c58d122, type: 2}",2100000,e0f76648eecc24042b8673a84c58d122,Assets/Material/Default-Translucent.mat,,0,[],1,{fileID: 0},0,{fileID: 0},0,0,"{x: 0, y: 0, z: 0, w: 0}",1,"{fileID: -1622332621, guid: 10137efb68a7305315c568ca07022f9c, type: 3}",-1622332621,10137efb68a7305315c568ca07022f9c,Assets/Plugins/LeTai.TranslucentImage.dll,"{fileID: 21300000, guid: 810bed6764b67404bbafb6a89de763f2, type: 2}",21300000,810bed6764b67404bbafb6a89de763f2,Assets/Sprite/Frame_Basic_Rectangle.asset,1,0,0.5,,,,{fileID: 0},0,,1
LevelManager,Assets/GameObject/LevelManager.prefab,LeTai.TranslucentImage,10137efb68a7305315c568ca07022f9c,-1622332621,,,,,,,,,,,,0,,0.299,,"{r: 0.156, g: 0.156, b: 0.156, a: 1}",{fileID: 0},0,0,1,1,1,1,4,0,{fileID: 1233670457884980},1233670457884980,1,"{fileID: 2100000, guid: 168c846fad7eef6469df1193b2e9282f, type: 2}",2100000,168c846fad7eef6469df1193b2e9282f,Assets/Material/Sample Translucent Image Material.mat,,0,[],1,{fileID: 0},0,{fileID: 0},0,0,"{x: 0, y: 0, z: 0, w: 0}",1,"{fileID: -1622332621, guid: 10137efb68a7305315c568ca07022f9c, type: 3}",-1622332621,10137efb68a7305315c568ca07022f9c,Assets/Plugins/LeTai.TranslucentImage.dll,"{fileID: 21300000, guid: 48c9cb8b6cd7bab4fbe7a8218c9e54d9, type: 2}",21300000,48c9cb8b6cd7bab4fbe7a8218c9e54d9,Assets/Sprite/Rect16.asset,1,0,0.65,,,,{fileID: 0},0,,1
LevelManager,Assets/GameObject/LevelManager.prefab,LeTai.TranslucentImage,10137efb68a7305315c568ca07022f9c,-1622332621,,,,,,,,,,,,0,,0.299,,"{r: 0, g: 0, b: 0, a: 1}",{fileID: 0},0,0,1,1,1,1,4,0,{fileID: 1762574978933786},1762574978933786,1,"{fileID: 2100000, guid: e0f76648eecc24042b8673a84c58d122, type: 2}",2100000,e0f76648eecc24042b8673a84c58d122,Assets/Material/Default-Translucent.mat,,0,[],1,{fileID: 0},0,{fileID: 0},0,0,"{x: 0, y: 0, z: 0, w: 0}",1,"{fileID: -1622332621, guid: 10137efb68a7305315c568ca07022f9c, type: 3}",-1622332621,10137efb68a7305315c568ca07022f9c,Assets/Plugins/LeTai.TranslucentImage.dll,"{fileID: 21300000, guid: 810bed6764b67404bbafb6a89de763f2, type: 2}",21300000,810bed6764b67404bbafb6a89de763f2,Assets/Sprite/Frame_Basic_Rectangle.asset,1,0,0.5,,,,{fileID: 0},0,,1
LevelManager,Assets/GameObject/LevelManager.prefab,LeTai.TranslucentImage,10137efb68a7305315c568ca07022f9c,-1622332621,,,,,,,,,,,,0,,0.299,,"{r: 0.12156863, g: 0.21176471, b: 0.29411766, a: 1}",{fileID: 0},0,0,1,1,1,1,4,0,{fileID: 1220124832515889},1220124832515889,1,"{fileID: 2100000, guid: e0f76648eecc24042b8673a84c58d122, type: 2}",2100000,e0f76648eecc24042b8673a84c58d122,Assets/Material/Default-Translucent.mat,,0,[],1,{fileID: 0},0,{fileID: 0},0,0,"{x: 0, y: 0, z: 0, w: 0}",1,"{fileID: -1622332621, guid: 10137efb68a7305315c568ca07022f9c, type: 3}",-1622332621,10137efb68a7305315c568ca07022f9c,Assets/Plugins/LeTai.TranslucentImage.dll,"{fileID: 21300000, guid: 810bed6764b67404bbafb6a89de763f2, type: 2}",21300000,810bed6764b67404bbafb6a89de763f2,Assets/Sprite/Frame_Basic_Rectangle.asset,1,0,0.95,,,,{fileID: 0},0,,1
LevelManager,Assets/GameObject/LevelManager.prefab,LeTai.TranslucentImage,10137efb68a7305315c568ca07022f9c,-1622332621,,,,,,,,,,,,0,,0.299,,"{r: 0.36578855, g: 0.47423536, b: 0.5660378, a: 1}",{fileID: 0},0,0,1,1,1,1,4,0,{fileID: 1567557120794851},1567557120794851,1,"{fileID: 2100000, guid: e0f76648eecc24042b8673a84c58d122, type: 2}",2100000,e0f76648eecc24042b8673a84c58d122,Assets/Material/Default-Translucent.mat,,0,[],1,{fileID: 0},0,{fileID: 0},0,0,"{x: 0, y: 0, z: 0, w: 0}",1,"{fileID: -1622332621, guid: 10137efb68a7305315c568ca07022f9c, type: 3}",-1622332621,10137efb68a7305315c568ca07022f9c,Assets/Plugins/LeTai.TranslucentImage.dll,"{fileID: 21300000, guid: 810bed6764b67404bbafb6a89de763f2, type: 2}",21300000,810bed6764b67404bbafb6a89de763f2,Assets/Sprite/Frame_Basic_Rectangle.asset,1,0,0.95,,,,{fileID: 0},0,,1
LevelManager,Assets/GameObject/LevelManager.prefab,LeTai.TranslucentImage,10137efb68a7305315c568ca07022f9c,-1622332621,,,,,,,,,,,,0,,0.299,,"{r: 0.47770557, g: 0.8962264, b: 0.56048983, a: 1}",{fileID: 0},0,0,1,1,1,1,4,0,{fileID: 1974188094077394},1974188094077394,1,"{fileID: 2100000, guid: e0f76648eecc24042b8673a84c58d122, type: 2}",2100000,e0f76648eecc24042b8673a84c58d122,Assets/Material/Default-Translucent.mat,,0,[],1,{fileID: 0},0,{fileID: 0},0,0,"{x: 0, y: 0, z: 0, w: 0}",1,"{fileID: -1622332621, guid: 10137efb68a7305315c568ca07022f9c, type: 3}",-1622332621,10137efb68a7305315c568ca07022f9c,Assets/Plugins/LeTai.TranslucentImage.dll,"{fileID: 21300000, guid: 48c9cb8b6cd7bab4fbe7a8218c9e54d9, type: 2}",21300000,48c9cb8b6cd7bab4fbe7a8218c9e54d9,Assets/Sprite/Rect16.asset,1,0,0.65,,,,{fileID: 0},0,,1
LevelManager,Assets/GameObject/LevelManager.prefab,LeTai.TranslucentImage,10137efb68a7305315c568ca07022f9c,-1622332621,,,,,,,,,,,,0,,0.299,,"{r: 0.47770557, g: 0.8962264, b: 0.56048983, a: 1}",{fileID: 0},0,0,1,1,1,1,4,0,{fileID: 1168698680027422},1168698680027422,1,"{fileID: 2100000, guid: e0f76648eecc24042b8673a84c58d122, type: 2}",2100000,e0f76648eecc24042b8673a84c58d122,Assets/Material/Default-Translucent.mat,,0,[],1,{fileID: 0},0,{fileID: 0},0,0,"{x: 0, y: 0, z: 0, w: 0}",1,"{fileID: -1622332621, guid: 10137efb68a7305315c568ca07022f9c, type: 3}",-1622332621,10137efb68a7305315c568ca07022f9c,Assets/Plugins/LeTai.TranslucentImage.dll,"{fileID: 21300000, guid: 48c9cb8b6cd7bab4fbe7a8218c9e54d9, type: 2}",21300000,48c9cb8b6cd7bab4fbe7a8218c9e54d9,Assets/Sprite/Rect16.asset,1,0,0.65,,,,{fileID: 0},0,,1
LevelManager,Assets/GameObject/LevelManager.prefab,LeTai.TranslucentImage,10137efb68a7305315c568ca07022f9c,-1622332621,,,,,,,,,,,,0,,0.299,,"{r: 0.5, g: 0.5, b: 0.5, a: 1}",{fileID: 0},0,0,1,1,1,1,4,0,{fileID: 1198106563999362},1198106563999362,1,"{fileID: 2100000, guid: e0f76648eecc24042b8673a84c58d122, type: 2}",2100000,e0f76648eecc24042b8673a84c58d122,Assets/Material/Default-Translucent.mat,,0,[],1,{fileID: 0},0,{fileID: 0},0,0,"{x: 0, y: 0, z: 0, w: 0}",1,"{fileID: -1622332621, guid: 10137efb68a7305315c568ca07022f9c, type: 3}",-1622332621,10137efb68a7305315c568ca07022f9c,Assets/Plugins/LeTai.TranslucentImage.dll,"{fileID: 21300000, guid: 48c9cb8b6cd7bab4fbe7a8218c9e54d9, type: 2}",21300000,48c9cb8b6cd7bab4fbe7a8218c9e54d9,Assets/Sprite/Rect16.asset,1,0,0.65,,,,{fileID: 0},0,,1
LevelManager,Assets/GameObject/LevelManager.prefab,LeTai.TranslucentImage,10137efb68a7305315c568ca07022f9c,-1622332621,,,,,,,,,,,,0,,0.299,,"{r: 0.5, g: 0.5, b: 0.5, a: 1}",{fileID: 0},0,0,1,1,1,1,4,0,{fileID: 1988849394011133},1988849394011133,1,"{fileID: 2100000, guid: e0f76648eecc24042b8673a84c58d122, type: 2}",2100000,e0f76648eecc24042b8673a84c58d122,Assets/Material/Default-Translucent.mat,,0,[],1,{fileID: 0},0,{fileID: 0},0,0,"{x: 0, y: 0, z: 0, w: 0}",1,"{fileID: -1622332621, guid: 10137efb68a7305315c568ca07022f9c, type: 3}",-1622332621,10137efb68a7305315c568ca07022f9c,Assets/Plugins/LeTai.TranslucentImage.dll,"{fileID: 21300000, guid: 48c9cb8b6cd7bab4fbe7a8218c9e54d9, type: 2}",21300000,48c9cb8b6cd7bab4fbe7a8218c9e54d9,Assets/Sprite/Rect16.asset,1,0,0.65,,,,{fileID: 0},0,,1
LevelManager,Assets/GameObject/LevelManager.prefab,LeTai.TranslucentImage,10137efb68a7305315c568ca07022f9c,-1622332621,,,,,,,,,,,,0,,0.15,,"{r: 0.32805273, g: 0.56897014, b: 0.7169812, a: 1}",{fileID: 0},0,0,1,1,1,1,4,0,{fileID: 1300364699076345},1300364699076345,1,"{fileID: 2100000, guid: e0f76648eecc24042b8673a84c58d122, type: 2}",2100000,e0f76648eecc24042b8673a84c58d122,Assets/Material/Default-Translucent.mat,,0,[],1,{fileID: 0},0,{fileID: 0},0,0,"{x: 0, y: 0, z: 0, w: 0}",1,"{fileID: -1622332621, guid: 10137efb68a7305315c568ca07022f9c, type: 3}",-1622332621,10137efb68a7305315c568ca07022f9c,Assets/Plugins/LeTai.TranslucentImage.dll,"{fileID: 21300000, guid: 48c9cb8b6cd7bab4fbe7a8218c9e54d9, type: 2}",21300000,48c9cb8b6cd7bab4fbe7a8218c9e54d9,Assets/Sprite/Rect16.asset,1,0,0.2,,,,{fileID: 0},0,,1
LevelManager,Assets/GameObject/LevelManager.prefab,LeTai.TranslucentImage,10137efb68a7305315c568ca07022f9c,-1622332621,,,,,,,,,,,,0,,0.299,,"{r: 0, g: 0, b: 0, a: 1}",{fileID: 0},0,0,1,1,1,1,4,0,{fileID: 1152364489621782},1152364489621782,1,"{fileID: 2100000, guid: e0f76648eecc24042b8673a84c58d122, type: 2}",2100000,e0f76648eecc24042b8673a84c58d122,Assets/Material/Default-Translucent.mat,,0,[],1,{fileID: 0},0,{fileID: 0},0,0,"{x: 0, y: 0, z: 0, w: 0}",1,"{fileID: -1622332621, guid: 10137efb68a7305315c568ca07022f9c, type: 3}",-1622332621,10137efb68a7305315c568ca07022f9c,Assets/Plugins/LeTai.TranslucentImage.dll,"{fileID: 21300000, guid: 810bed6764b67404bbafb6a89de763f2, type: 2}",21300000,810bed6764b67404bbafb6a89de763f2,Assets/Sprite/Frame_Basic_Rectangle.asset,1,0,0.5,,,,{fileID: 0},0,,1
LevelManager,Assets/GameObject/LevelManager.prefab,LeTai.TranslucentImage,10137efb68a7305315c568ca07022f9c,-1622332621,,,,,,,,,,,,0,,0.15,,"{r: 0.32805273, g: 0.56897014, b: 0.7169812, a: 1}",{fileID: 0},0,0,1,1,1,1,4,0,{fileID: 1563531070318313},1563531070318313,1,"{fileID: 2100000, guid: e0f76648eecc24042b8673a84c58d122, type: 2}",2100000,e0f76648eecc24042b8673a84c58d122,Assets/Material/Default-Translucent.mat,,0,[],1,{fileID: 0},0,{fileID: 0},0,0,"{x: 0, y: 0, z: 0, w: 0}",1,"{fileID: -1622332621, guid: 10137efb68a7305315c568ca07022f9c, type: 3}",-1622332621,10137efb68a7305315c568ca07022f9c,Assets/Plugins/LeTai.TranslucentImage.dll,"{fileID: 21300000, guid: 48c9cb8b6cd7bab4fbe7a8218c9e54d9, type: 2}",21300000,48c9cb8b6cd7bab4fbe7a8218c9e54d9,Assets/Sprite/Rect16.asset,1,0,0.2,,,,{fileID: 0},0,,1
LevelManager,Assets/GameObject/LevelManager.prefab,LeTai.TranslucentImage,10137efb68a7305315c568ca07022f9c,-1622332621,,,,,,,,,,,,0,,0.299,,"{r: 0, g: 0, b: 0, a: 1}",{fileID: 0},0,0,1,1,1,1,4,0,{fileID: 1855537355467610},1855537355467610,1,"{fileID: 2100000, guid: e0f76648eecc24042b8673a84c58d122, type: 2}",2100000,e0f76648eecc24042b8673a84c58d122,Assets/Material/Default-Translucent.mat,,0,[],1,{fileID: 0},0,{fileID: 0},0,0,"{x: 0, y: 0, z: 0, w: 0}",1,"{fileID: -1622332621, guid: 10137efb68a7305315c568ca07022f9c, type: 3}",-1622332621,10137efb68a7305315c568ca07022f9c,Assets/Plugins/LeTai.TranslucentImage.dll,"{fileID: 21300000, guid: 810bed6764b67404bbafb6a89de763f2, type: 2}",21300000,810bed6764b67404bbafb6a89de763f2,Assets/Sprite/Frame_Basic_Rectangle.asset,1,0,0.5,,,,{fileID: 0},0,,1
LevelManager,Assets/GameObject/LevelManager.prefab,LeTai.TranslucentImage,10137efb68a7305315c568ca07022f9c,-1622332621,,,,,,,,,,,,0,,0.299,,"{r: 0, g: 0, b: 0, a: 1}",{fileID: 0},0,0,1,1,1,1,4,0,{fileID: 1641318022729121},1641318022729121,1,"{fileID: 2100000, guid: e0f76648eecc24042b8673a84c58d122, type: 2}",2100000,e0f76648eecc24042b8673a84c58d122,Assets/Material/Default-Translucent.mat,,0,[],1,{fileID: 0},0,{fileID: 0},0,0,"{x: 0, y: 0, z: 0, w: 0}",1,"{fileID: -1622332621, guid: 10137efb68a7305315c568ca07022f9c, type: 3}",-1622332621,10137efb68a7305315c568ca07022f9c,Assets/Plugins/LeTai.TranslucentImage.dll,"{fileID: 21300000, guid: 810bed6764b67404bbafb6a89de763f2, type: 2}",21300000,810bed6764b67404bbafb6a89de763f2,Assets/Sprite/Frame_Basic_Rectangle.asset,1,0,0.5,,,,{fileID: 0},0,,1
LevelManager,Assets/GameObject/LevelManager.prefab,LeTai.TranslucentImage,10137efb68a7305315c568ca07022f9c,-1622332621,,,,,,,,,,,,0,,0.299,,"{r: 0, g: 0, b: 0, a: 1}",{fileID: 0},0,0,1,1,1,1,4,0,{fileID: 1724985353180031},1724985353180031,1,"{fileID: 2100000, guid: e0f76648eecc24042b8673a84c58d122, type: 2}",2100000,e0f76648eecc24042b8673a84c58d122,Assets/Material/Default-Translucent.mat,,0,[],1,{fileID: 0},0,{fileID: 0},0,0,"{x: 0, y: 0, z: 0, w: 0}",1,"{fileID: -1622332621, guid: 10137efb68a7305315c568ca07022f9c, type: 3}",-1622332621,10137efb68a7305315c568ca07022f9c,Assets/Plugins/LeTai.TranslucentImage.dll,"{fileID: 21300000, guid: 810bed6764b67404bbafb6a89de763f2, type: 2}",21300000,810bed6764b67404bbafb6a89de763f2,Assets/Sprite/Frame_Basic_Rectangle.asset,1,0,0.5,,,,{fileID: 0},0,,1
LevelManager,Assets/GameObject/LevelManager.prefab,LeTai.TranslucentImage,10137efb68a7305315c568ca07022f9c,-1622332621,,,,,,,,,,,,0,,0.15,,"{r: 0.32805273, g: 0.56897014, b: 0.7169812, a: 1}",{fileID: 0},0,0,1,1,1,1,4,0,{fileID: 1549554330970977},1549554330970977,1,"{fileID: 2100000, guid: e0f76648eecc24042b8673a84c58d122, type: 2}",2100000,e0f76648eecc24042b8673a84c58d122,Assets/Material/Default-Translucent.mat,,0,[],1,{fileID: 0},0,{fileID: 0},0,0,"{x: 0, y: 0, z: 0, w: 0}",1,"{fileID: -1622332621, guid: 10137efb68a7305315c568ca07022f9c, type: 3}",-1622332621,10137efb68a7305315c568ca07022f9c,Assets/Plugins/LeTai.TranslucentImage.dll,"{fileID: 21300000, guid: 48c9cb8b6cd7bab4fbe7a8218c9e54d9, type: 2}",21300000,48c9cb8b6cd7bab4fbe7a8218c9e54d9,Assets/Sprite/Rect16.asset,1,0,0.2,,,,{fileID: 0},0,,1
LevelManager,Assets/GameObject/LevelManager.prefab,LeTai.TranslucentImage,10137efb68a7305315c568ca07022f9c,-1622332621,,,,,,,,,,,,0,,0.299,,"{r: 0, g: 0, b: 0, a: 1}",{fileID: 0},0,0,1,1,1,1,4,0,{fileID: 1762341877729096},1762341877729096,1,"{fileID: 2100000, guid: e0f76648eecc24042b8673a84c58d122, type: 2}",2100000,e0f76648eecc24042b8673a84c58d122,Assets/Material/Default-Translucent.mat,,0,[],1,{fileID: 0},0,{fileID: 0},0,0,"{x: 0, y: 0, z: 0, w: 0}",1,"{fileID: -1622332621, guid: 10137efb68a7305315c568ca07022f9c, type: 3}",-1622332621,10137efb68a7305315c568ca07022f9c,Assets/Plugins/LeTai.TranslucentImage.dll,"{fileID: 21300000, guid: 810bed6764b67404bbafb6a89de763f2, type: 2}",21300000,810bed6764b67404bbafb6a89de763f2,Assets/Sprite/Frame_Basic_Rectangle.asset,1,0,0.5,,,,{fileID: 0},0,,1
LevelManager,Assets/GameObject/LevelManager.prefab,LeTai.TranslucentImage,10137efb68a7305315c568ca07022f9c,-1622332621,,,,,,,,,,,,0,,0.299,,"{r: 0, g: 0, b: 0, a: 1}",{fileID: 0},0,0,1,1,1,1,4,0,{fileID: 1126972008784131},1126972008784131,1,"{fileID: 2100000, guid: e0f76648eecc24042b8673a84c58d122, type: 2}",2100000,e0f76648eecc24042b8673a84c58d122,Assets/Material/Default-Translucent.mat,,0,[],1,{fileID: 0},0,{fileID: 0},0,0,"{x: 0, y: 0, z: 0, w: 0}",1,"{fileID: -1622332621, guid: 10137efb68a7305315c568ca07022f9c, type: 3}",-1622332621,10137efb68a7305315c568ca07022f9c,Assets/Plugins/LeTai.TranslucentImage.dll,"{fileID: 21300000, guid: 810bed6764b67404bbafb6a89de763f2, type: 2}",21300000,810bed6764b67404bbafb6a89de763f2,Assets/Sprite/Frame_Basic_Rectangle.asset,1,0,0.5,,,,{fileID: 0},0,,1
LevelManager,Assets/GameObject/LevelManager.prefab,LeTai.TranslucentImage,10137efb68a7305315c568ca07022f9c,-1622332621,,,,,,,,,,,,0,,0.299,,"{r: 0, g: 0, b: 0, a: 1}",{fileID: 0},0,0,1,1,1,1,4,0,{fileID: 1491777363805345},1491777363805345,1,"{fileID: 2100000, guid: e0f76648eecc24042b8673a84c58d122, type: 2}",2100000,e0f76648eecc24042b8673a84c58d122,Assets/Material/Default-Translucent.mat,,0,[],1,{fileID: 0},0,{fileID: 0},0,0,"{x: 0, y: 0, z: 0, w: 0}",1,"{fileID: -1622332621, guid: 10137efb68a7305315c568ca07022f9c, type: 3}",-1622332621,10137efb68a7305315c568ca07022f9c,Assets/Plugins/LeTai.TranslucentImage.dll,"{fileID: 21300000, guid: 810bed6764b67404bbafb6a89de763f2, type: 2}",21300000,810bed6764b67404bbafb6a89de763f2,Assets/Sprite/Frame_Basic_Rectangle.asset,1,0,0.5,,,,{fileID: 0},0,,1
LevelManager,Assets/GameObject/LevelManager.prefab,LeTai.TranslucentImage,10137efb68a7305315c568ca07022f9c,-1622332621,,,,,,,,,,,,0,,0.15,,"{r: 0.32805273, g: 0.56897014, b: 0.7169812, a: 1}",{fileID: 0},0,0,1,1,1,1,4,0,{fileID: 1972440815806124},1972440815806124,1,"{fileID: 2100000, guid: e0f76648eecc24042b8673a84c58d122, type: 2}",2100000,e0f76648eecc24042b8673a84c58d122,Assets/Material/Default-Translucent.mat,,0,[],1,{fileID: 0},0,{fileID: 0},0,0,"{x: 0, y: 0, z: 0, w: 0}",1,"{fileID: -1622332621, guid: 10137efb68a7305315c568ca07022f9c, type: 3}",-1622332621,10137efb68a7305315c568ca07022f9c,Assets/Plugins/LeTai.TranslucentImage.dll,"{fileID: 21300000, guid: 48c9cb8b6cd7bab4fbe7a8218c9e54d9, type: 2}",21300000,48c9cb8b6cd7bab4fbe7a8218c9e54d9,Assets/Sprite/Rect16.asset,1,0,0.2,,,,{fileID: 0},0,,1
LevelManager,Assets/GameObject/LevelManager.prefab,LeTai.TranslucentImage,10137efb68a7305315c568ca07022f9c,-1622332621,,,,,,,,,,,,0,,0.299,,"{r: 0.1980242, g: 0.34863502, b: 0.4716981, a: 1}",{fileID: 0},0,0,1,1,1,1,4,0,{fileID: 1709878408862717},1709878408862717,1,"{fileID: 2100000, guid: e0f76648eecc24042b8673a84c58d122, type: 2}",2100000,e0f76648eecc24042b8673a84c58d122,Assets/Material/Default-Translucent.mat,,0,[],1,{fileID: 0},0,{fileID: 0},0,0,"{x: 0, y: 0, z: 0, w: 0}",1,"{fileID: -1622332621, guid: 10137efb68a7305315c568ca07022f9c, type: 3}",-1622332621,10137efb68a7305315c568ca07022f9c,Assets/Plugins/LeTai.TranslucentImage.dll,"{fileID: 21300000, guid: 810bed6764b67404bbafb6a89de763f2, type: 2}",21300000,810bed6764b67404bbafb6a89de763f2,Assets/Sprite/Frame_Basic_Rectangle.asset,1,0,0.2,,,,{fileID: 0},0,,1
LevelManager,Assets/GameObject/LevelManager.prefab,LeTai.TranslucentImage,10137efb68a7305315c568ca07022f9c,-1622332621,,,,,,,,,,,,0,,0,,"{r: 0.33962262, g: 0.33962262, b: 0.33962262, a: 1}",{fileID: 0},0,0,1,1,1,1,4,0,{fileID: 1389758645717966},1389758645717966,1,"{fileID: 2100000, guid: e0f76648eecc24042b8673a84c58d122, type: 2}",2100000,e0f76648eecc24042b8673a84c58d122,Assets/Material/Default-Translucent.mat,,0,[],1,{fileID: 0},0,{fileID: 0},0,0,"{x: 0, y: 0, z: 0, w: 0}",1,"{fileID: -1622332621, guid: 10137efb68a7305315c568ca07022f9c, type: 3}",-1622332621,10137efb68a7305315c568ca07022f9c,Assets/Plugins/LeTai.TranslucentImage.dll,"{fileID: 21300000, guid: 48c9cb8b6cd7bab4fbe7a8218c9e54d9, type: 2}",21300000,48c9cb8b6cd7bab4fbe7a8218c9e54d9,Assets/Sprite/Rect16.asset,1,0,0.2,,,,{fileID: 0},0,,1
LevelManager,Assets/GameObject/LevelManager.prefab,LeTai.TranslucentImage,10137efb68a7305315c568ca07022f9c,-1622332621,,,,,,,,,,,,0,,0,,"{r: 0.33962262, g: 0.33962262, b: 0.33962262, a: 1}",{fileID: 0},0,0,1,1,1,1,4,0,{fileID: 1003954105121141},1003954105121141,1,"{fileID: 2100000, guid: e0f76648eecc24042b8673a84c58d122, type: 2}",2100000,e0f76648eecc24042b8673a84c58d122,Assets/Material/Default-Translucent.mat,,0,[],1,{fileID: 0},0,{fileID: 0},0,0,"{x: 0, y: 0, z: 0, w: 0}",1,"{fileID: -1622332621, guid: 10137efb68a7305315c568ca07022f9c, type: 3}",-1622332621,10137efb68a7305315c568ca07022f9c,Assets/Plugins/LeTai.TranslucentImage.dll,"{fileID: 21300000, guid: 707bc5af35c508b4e9120551855ec3f9, type: 2}",21300000,707bc5af35c508b4e9120551855ec3f9,Assets/Resources/procedural_ui_image_default_sprite.asset,0,0,0.2,,,,{fileID: 0},0,,1
LevelManager,Assets/GameObject/LevelManager.prefab,LeTai.TranslucentImage,10137efb68a7305315c568ca07022f9c,-1622332621,,,,,,,,,,,,0,,0.299,,"{r: 0.1980242, g: 0.34863502, b: 0.4716981, a: 1}",{fileID: 0},0,0,1,1,1,1,4,0,{fileID: 1408130210555522},1408130210555522,1,"{fileID: 2100000, guid: e0f76648eecc24042b8673a84c58d122, type: 2}",2100000,e0f76648eecc24042b8673a84c58d122,Assets/Material/Default-Translucent.mat,,0,[],1,{fileID: 0},0,{fileID: 0},0,0,"{x: 0, y: 0, z: 0, w: 0}",1,"{fileID: -1622332621, guid: 10137efb68a7305315c568ca07022f9c, type: 3}",-1622332621,10137efb68a7305315c568ca07022f9c,Assets/Plugins/LeTai.TranslucentImage.dll,"{fileID: 21300000, guid: 810bed6764b67404bbafb6a89de763f2, type: 2}",21300000,810bed6764b67404bbafb6a89de763f2,Assets/Sprite/Frame_Basic_Rectangle.asset,1,0,0.2,,,,{fileID: 0},0,,1
LevelManager,Assets/GameObject/LevelManager.prefab,LeTai.TranslucentImage,10137efb68a7305315c568ca07022f9c,-1622332621,,,,,,,,,,,,0,,0.15,,"{r: 0.32805273, g: 0.56897014, b: 0.7169812, a: 1}",{fileID: 0},0,0,1,1,1,1,4,0,{fileID: 1207157239186538},1207157239186538,1,"{fileID: 2100000, guid: e0f76648eecc24042b8673a84c58d122, type: 2}",2100000,e0f76648eecc24042b8673a84c58d122,Assets/Material/Default-Translucent.mat,,0,[],1,{fileID: 0},0,{fileID: 0},0,0,"{x: 0, y: 0, z: 0, w: 0}",1,"{fileID: -1622332621, guid: 10137efb68a7305315c568ca07022f9c, type: 3}",-1622332621,10137efb68a7305315c568ca07022f9c,Assets/Plugins/LeTai.TranslucentImage.dll,"{fileID: 21300000, guid: 48c9cb8b6cd7bab4fbe7a8218c9e54d9, type: 2}",21300000,48c9cb8b6cd7bab4fbe7a8218c9e54d9,Assets/Sprite/Rect16.asset,1,0,0.2,,,,{fileID: 0},0,,1
LevelManager,Assets/GameObject/LevelManager.prefab,LeTai.TranslucentImage,10137efb68a7305315c568ca07022f9c,-1622332621,,,,,,,,,,,,0,,0.15,,"{r: 0, g: 0, b: 0, a: 1}",{fileID: 0},0,0,1,1,1,1,4,0,{fileID: 1245088402676922},1245088402676922,0,"{fileID: 2100000, guid: e0f76648eecc24042b8673a84c58d122, type: 2}",2100000,e0f76648eecc24042b8673a84c58d122,Assets/Material/Default-Translucent.mat,,0,[],1,{fileID: 0},0,{fileID: 0},0,0,"{x: 0, y: 0, z: 0, w: 0}",1,"{fileID: -1622332621, guid: 10137efb68a7305315c568ca07022f9c, type: 3}",-1622332621,10137efb68a7305315c568ca07022f9c,Assets/Plugins/LeTai.TranslucentImage.dll,{fileID: 0},0,,,0,0,0.65,,,,{fileID: 0},0,,1
LevelManager,Assets/GameObject/LevelManager.prefab,LeTai.TranslucentImage,10137efb68a7305315c568ca07022f9c,-1622332621,,,,,,,,,,,,0,,0.299,,"{r: 0, g: 0, b: 0, a: 1}",{fileID: 0},0,0,1,1,1,1,4,0,{fileID: 1045531242797112},1045531242797112,1,"{fileID: 2100000, guid: e0f76648eecc24042b8673a84c58d122, type: 2}",2100000,e0f76648eecc24042b8673a84c58d122,Assets/Material/Default-Translucent.mat,,0,[],1,{fileID: 0},0,{fileID: 0},0,0,"{x: 0, y: 0, z: 0, w: 0}",1,"{fileID: -1622332621, guid: 10137efb68a7305315c568ca07022f9c, type: 3}",-1622332621,10137efb68a7305315c568ca07022f9c,Assets/Plugins/LeTai.TranslucentImage.dll,"{fileID: 21300000, guid: 810bed6764b67404bbafb6a89de763f2, type: 2}",21300000,810bed6764b67404bbafb6a89de763f2,Assets/Sprite/Frame_Basic_Rectangle.asset,1,0,0.5,,,,{fileID: 0},0,,1
LevelManager,Assets/GameObject/LevelManager.prefab,LeTai.TranslucentImage,10137efb68a7305315c568ca07022f9c,-1622332621,,,,,,,,,,,,0,,0.15,,"{r: 0.32805273, g: 0.56897014, b: 0.7169812, a: 1}",{fileID: 0},0,0,1,1,1,1,4,0,{fileID: 1492396196517661},1492396196517661,1,"{fileID: 2100000, guid: e0f76648eecc24042b8673a84c58d122, type: 2}",2100000,e0f76648eecc24042b8673a84c58d122,Assets/Material/Default-Translucent.mat,,0,[],1,{fileID: 0},0,{fileID: 0},0,0,"{x: 0, y: 0, z: 0, w: 0}",1,"{fileID: -1622332621, guid: 10137efb68a7305315c568ca07022f9c, type: 3}",-1622332621,10137efb68a7305315c568ca07022f9c,Assets/Plugins/LeTai.TranslucentImage.dll,"{fileID: 21300000, guid: 48c9cb8b6cd7bab4fbe7a8218c9e54d9, type: 2}",21300000,48c9cb8b6cd7bab4fbe7a8218c9e54d9,Assets/Sprite/Rect16.asset,1,0,0.2,,,,{fileID: 0},0,,1
LevelManager,Assets/GameObject/LevelManager.prefab,LeTai.TranslucentImage,10137efb68a7305315c568ca07022f9c,-1622332621,,,,,,,,,,,,0,,0.15,,"{r: 0.32805273, g: 0.56897014, b: 0.7169812, a: 1}",{fileID: 0},0,0,1,1,1,1,4,0,{fileID: 1053927620522647},1053927620522647,1,"{fileID: 2100000, guid: e0f76648eecc24042b8673a84c58d122, type: 2}",2100000,e0f76648eecc24042b8673a84c58d122,Assets/Material/Default-Translucent.mat,,0,[],1,{fileID: 0},0,{fileID: 0},0,0,"{x: 0, y: 0, z: 0, w: 0}",1,"{fileID: -1622332621, guid: 10137efb68a7305315c568ca07022f9c, type: 3}",-1622332621,10137efb68a7305315c568ca07022f9c,Assets/Plugins/LeTai.TranslucentImage.dll,"{fileID: 21300000, guid: 48c9cb8b6cd7bab4fbe7a8218c9e54d9, type: 2}",21300000,48c9cb8b6cd7bab4fbe7a8218c9e54d9,Assets/Sprite/Rect16.asset,1,0,0.2,,,,{fileID: 0},0,,1
LevelManager,Assets/GameObject/LevelManager.prefab,LeTai.TranslucentImage,10137efb68a7305315c568ca07022f9c,-1622332621,,,,,,,,,,,,0,,0.299,,"{r: 0, g: 0, b: 0, a: 1}",{fileID: 0},0,0,1,1,1,1,4,0,{fileID: 1117005007160029},1117005007160029,1,"{fileID: 2100000, guid: e0f76648eecc24042b8673a84c58d122, type: 2}",2100000,e0f76648eecc24042b8673a84c58d122,Assets/Material/Default-Translucent.mat,,0,[],1,{fileID: 0},0,{fileID: 0},0,0,"{x: 0, y: 0, z: 0, w: 0}",1,"{fileID: -1622332621, guid: 10137efb68a7305315c568ca07022f9c, type: 3}",-1622332621,10137efb68a7305315c568ca07022f9c,Assets/Plugins/LeTai.TranslucentImage.dll,"{fileID: 21300000, guid: 810bed6764b67404bbafb6a89de763f2, type: 2}",21300000,810bed6764b67404bbafb6a89de763f2,Assets/Sprite/Frame_Basic_Rectangle.asset,1,0,0.5,,,,{fileID: 0},0,,1
LevelManager,Assets/GameObject/LevelManager.prefab,LeTai.TranslucentImage,10137efb68a7305315c568ca07022f9c,-1622332621,,,,,,,,,,,,0,,0.15,,"{r: 0.32805273, g: 0.56897014, b: 0.7169812, a: 1}",{fileID: 0},0,0,1,1,1,1,4,0,{fileID: 1407194190760184},1407194190760184,1,"{fileID: 2100000, guid: e0f76648eecc24042b8673a84c58d122, type: 2}",2100000,e0f76648eecc24042b8673a84c58d122,Assets/Material/Default-Translucent.mat,,0,[],1,{fileID: 0},0,{fileID: 0},0,0,"{x: 0, y: 0, z: 0, w: 0}",1,"{fileID: -1622332621, guid: 10137efb68a7305315c568ca07022f9c, type: 3}",-1622332621,10137efb68a7305315c568ca07022f9c,Assets/Plugins/LeTai.TranslucentImage.dll,"{fileID: 21300000, guid: 48c9cb8b6cd7bab4fbe7a8218c9e54d9, type: 2}",21300000,48c9cb8b6cd7bab4fbe7a8218c9e54d9,Assets/Sprite/Rect16.asset,1,0,0.2,,,,{fileID: 0},0,,1
LevelManager,Assets/GameObject/LevelManager.prefab,LeTai.TranslucentImage,10137efb68a7305315c568ca07022f9c,-1622332621,,,,,,,,,,,,0,,0.299,,"{r: 0.1980242, g: 0.34863502, b: 0.4716981, a: 1}",{fileID: 0},0,0,1,1,1,1,4,0,{fileID: 1868807436804413},1868807436804413,1,"{fileID: 2100000, guid: e0f76648eecc24042b8673a84c58d122, type: 2}",2100000,e0f76648eecc24042b8673a84c58d122,Assets/Material/Default-Translucent.mat,,0,[],1,{fileID: 0},0,{fileID: 0},0,0,"{x: 0, y: 0, z: 0, w: 0}",1,"{fileID: -1622332621, guid: 10137efb68a7305315c568ca07022f9c, type: 3}",-1622332621,10137efb68a7305315c568ca07022f9c,Assets/Plugins/LeTai.TranslucentImage.dll,"{fileID: 21300000, guid: 48c9cb8b6cd7bab4fbe7a8218c9e54d9, type: 2}",21300000,48c9cb8b6cd7bab4fbe7a8218c9e54d9,Assets/Sprite/Rect16.asset,1,0,0.2,,,,{fileID: 0},0,,1
LevelManager,Assets/GameObject/LevelManager.prefab,LeTai.TranslucentImage,10137efb68a7305315c568ca07022f9c,-1622332621,,,,,,,,,,,,0,,0.299,,"{r: 0.1980242, g: 0.34863502, b: 0.4716981, a: 1}",{fileID: 0},0,0,1,1,1,1,4,0,{fileID: 1440727273045527},1440727273045527,1,"{fileID: 2100000, guid: e0f76648eecc24042b8673a84c58d122, type: 2}",2100000,e0f76648eecc24042b8673a84c58d122,Assets/Material/Default-Translucent.mat,,0,[],1,{fileID: 0},0,{fileID: 0},0,0,"{x: 0, y: 0, z: 0, w: 0}",1,"{fileID: -1622332621, guid: 10137efb68a7305315c568ca07022f9c, type: 3}",-1622332621,10137efb68a7305315c568ca07022f9c,Assets/Plugins/LeTai.TranslucentImage.dll,"{fileID: 21300000, guid: 810bed6764b67404bbafb6a89de763f2, type: 2}",21300000,810bed6764b67404bbafb6a89de763f2,Assets/Sprite/Frame_Basic_Rectangle.asset,1,0,0.2,,,,{fileID: 0},0,,1
LevelManager,Assets/GameObject/LevelManager.prefab,LeTai.TranslucentImage,10137efb68a7305315c568ca07022f9c,-1622332621,,,,,,,,,,,,0,,0.299,,"{r: 0, g: 0, b: 0, a: 1}",{fileID: 0},0,0,1,1,1,1,4,0,{fileID: 1183048399376708},1183048399376708,1,"{fileID: 2100000, guid: e0f76648eecc24042b8673a84c58d122, type: 2}",2100000,e0f76648eecc24042b8673a84c58d122,Assets/Material/Default-Translucent.mat,,0,[],1,{fileID: 0},0,{fileID: 0},0,0,"{x: 0, y: 0, z: 0, w: 0}",1,"{fileID: -1622332621, guid: 10137efb68a7305315c568ca07022f9c, type: 3}",-1622332621,10137efb68a7305315c568ca07022f9c,Assets/Plugins/LeTai.TranslucentImage.dll,"{fileID: 21300000, guid: 810bed6764b67404bbafb6a89de763f2, type: 2}",21300000,810bed6764b67404bbafb6a89de763f2,Assets/Sprite/Frame_Basic_Rectangle.asset,1,0,0.5,,,,{fileID: 0},0,,1
LevelManager,Assets/GameObject/LevelManager.prefab,LeTai.TranslucentImage,10137efb68a7305315c568ca07022f9c,-1622332621,,,,,,,,,,,,0,,0.299,,"{r: 0, g: 0, b: 0, a: 1}",{fileID: 0},0,0,1,1,1,1,4,0,{fileID: 1815519099463151},1815519099463151,1,"{fileID: 2100000, guid: e0f76648eecc24042b8673a84c58d122, type: 2}",2100000,e0f76648eecc24042b8673a84c58d122,Assets/Material/Default-Translucent.mat,,0,[],1,{fileID: 0},0,{fileID: 0},0,0,"{x: 0, y: 0, z: 0, w: 0}",1,"{fileID: -1622332621, guid: 10137efb68a7305315c568ca07022f9c, type: 3}",-1622332621,10137efb68a7305315c568ca07022f9c,Assets/Plugins/LeTai.TranslucentImage.dll,"{fileID: 21300000, guid: 810bed6764b67404bbafb6a89de763f2, type: 2}",21300000,810bed6764b67404bbafb6a89de763f2,Assets/Sprite/Frame_Basic_Rectangle.asset,1,0,0.5,,,,{fileID: 0},0,,1
LevelManager,Assets/GameObject/LevelManager.prefab,LeTai.TranslucentImage,10137efb68a7305315c568ca07022f9c,-1622332621,,,,,,,,,,,,0,,0.299,,"{r: 0, g: 0, b: 0, a: 1}",{fileID: 0},0,0,1,1,1,1,4,0,{fileID: 1298019493134882},1298019493134882,1,"{fileID: 2100000, guid: e0f76648eecc24042b8673a84c58d122, type: 2}",2100000,e0f76648eecc24042b8673a84c58d122,Assets/Material/Default-Translucent.mat,,0,[],1,{fileID: 0},0,{fileID: 0},0,0,"{x: 0, y: 0, z: 0, w: 0}",1,"{fileID: -1622332621, guid: 10137efb68a7305315c568ca07022f9c, type: 3}",-1622332621,10137efb68a7305315c568ca07022f9c,Assets/Plugins/LeTai.TranslucentImage.dll,"{fileID: 21300000, guid: 810bed6764b67404bbafb6a89de763f2, type: 2}",21300000,810bed6764b67404bbafb6a89de763f2,Assets/Sprite/Frame_Basic_Rectangle.asset,1,0,0.9,,,,{fileID: 0},0,,1
LevelManager,Assets/GameObject/LevelManager.prefab,LeTai.TranslucentImage,10137efb68a7305315c568ca07022f9c,-1622332621,,,,,,,,,,,,0,,0.299,,"{r: 0, g: 0, b: 0, a: 1}",{fileID: 0},0,0,1,1,1,1,4,0,{fileID: 1662859683857422},1662859683857422,1,"{fileID: 2100000, guid: e0f76648eecc24042b8673a84c58d122, type: 2}",2100000,e0f76648eecc24042b8673a84c58d122,Assets/Material/Default-Translucent.mat,,0,[],1,{fileID: 0},0,{fileID: 0},0,0,"{x: 0, y: 0, z: 0, w: 0}",0,"{fileID: -1622332621, guid: 10137efb68a7305315c568ca07022f9c, type: 3}",-1622332621,10137efb68a7305315c568ca07022f9c,Assets/Plugins/LeTai.TranslucentImage.dll,"{fileID: 21300000, guid: 48c9cb8b6cd7bab4fbe7a8218c9e54d9, type: 2}",21300000,48c9cb8b6cd7bab4fbe7a8218c9e54d9,Assets/Sprite/Rect16.asset,1,0,0.9,,,,{fileID: 0},0,,1
LevelManager,Assets/GameObject/LevelManager.prefab,LeTai.TranslucentImage,10137efb68a7305315c568ca07022f9c,-1622332621,,,,,,,,,,,,0,,0.299,,"{r: 0, g: 0, b: 0, a: 1}",{fileID: 0},0,0,1,1,1,1,4,0,{fileID: 1313742729978043},1313742729978043,1,"{fileID: 2100000, guid: e0f76648eecc24042b8673a84c58d122, type: 2}",2100000,e0f76648eecc24042b8673a84c58d122,Assets/Material/Default-Translucent.mat,,0,[],1,{fileID: 0},0,{fileID: 0},0,0,"{x: 0, y: 0, z: 0, w: 0}",0,"{fileID: -1622332621, guid: 10137efb68a7305315c568ca07022f9c, type: 3}",-1622332621,10137efb68a7305315c568ca07022f9c,Assets/Plugins/LeTai.TranslucentImage.dll,"{fileID: 21300000, guid: 48c9cb8b6cd7bab4fbe7a8218c9e54d9, type: 2}",21300000,48c9cb8b6cd7bab4fbe7a8218c9e54d9,Assets/Sprite/Rect16.asset,1,0,0.9,,,,{fileID: 0},0,,1
LevelManager,Assets/GameObject/LevelManager.prefab,LeTai.TranslucentImage,10137efb68a7305315c568ca07022f9c,-2127937342,"{r: 1, g: 1, b: 1, a: 1}",0,"{fileID: 11400000, guid: d603d64a3b9fd1f428d036b02329e985, type: 2}",11400000,d603d64a3b9fd1f428d036b02329e985,Assets/MonoBehaviour/GamePlayUI_LookDev Main Camera Blur Config.asset,1,2,1,0,0,,1,,,,{fileID: 0},0,0,1,,,,,,{fileID: 1109058003446766},1109058003446766,,,,,,,0,,,{fileID: 0},0,{fileID: 0},0,,,,"{fileID: -2127937342, guid: 10137efb68a7305315c568ca07022f9c, type: 3}",-2127937342,10137efb68a7305315c568ca07022f9c,Assets/Plugins/LeTai.TranslucentImage.dll,,,,,,,,60,0,,,,,
LevelManager,Assets/GameObject/LevelManager.prefab,LeTai.TranslucentImage,10137efb68a7305315c568ca07022f9c,-1622332621,,,,,,,,,,,,0,,0.299,,"{r: 0, g: 0, b: 0, a: 1}",{fileID: 0},0,0,1,1,1,1,4,0,{fileID: 1132378653005605},1132378653005605,1,"{fileID: 2100000, guid: e0f76648eecc24042b8673a84c58d122, type: 2}",2100000,e0f76648eecc24042b8673a84c58d122,Assets/Material/Default-Translucent.mat,,0,[],1,{fileID: 0},0,{fileID: 0},0,0,"{x: 0, y: 0, z: 0, w: 0}",1,"{fileID: -1622332621, guid: 10137efb68a7305315c568ca07022f9c, type: 3}",-1622332621,10137efb68a7305315c568ca07022f9c,Assets/Plugins/LeTai.TranslucentImage.dll,"{fileID: 21300000, guid: 48c9cb8b6cd7bab4fbe7a8218c9e54d9, type: 2}",21300000,48c9cb8b6cd7bab4fbe7a8218c9e54d9,Assets/Sprite/Rect16.asset,1,0,0.25,,,,{fileID: 0},0,,1
LevelManager,Assets/GameObject/LevelManager.prefab,LeTai.TranslucentImage,10137efb68a7305315c568ca07022f9c,-1622332621,,,,,,,,,,,,0,,0.299,,"{r: 0, g: 0, b: 0, a: 1}",{fileID: 0},0,0,1,1,1,1,4,0,{fileID: 1752094273035012},1752094273035012,1,"{fileID: 2100000, guid: e0f76648eecc24042b8673a84c58d122, type: 2}",2100000,e0f76648eecc24042b8673a84c58d122,Assets/Material/Default-Translucent.mat,,0,[],1,{fileID: 0},0,{fileID: 0},0,0,"{x: 0, y: 0, z: 0, w: 0}",1,"{fileID: -1622332621, guid: 10137efb68a7305315c568ca07022f9c, type: 3}",-1622332621,10137efb68a7305315c568ca07022f9c,Assets/Plugins/LeTai.TranslucentImage.dll,"{fileID: 21300000, guid: 48c9cb8b6cd7bab4fbe7a8218c9e54d9, type: 2}",21300000,48c9cb8b6cd7bab4fbe7a8218c9e54d9,Assets/Sprite/Rect16.asset,1,0,0.65,,,,{fileID: 0},0,,1
PerkEntry,Assets/GameObject/PerkEntry.prefab,LeTai.TranslucentImage,10137efb68a7305315c568ca07022f9c,-1622332621,,,,,,,,,,,,0,,0.299,,"{r: 0.2, g: 0.2, b: 0.2, a: 1}",{fileID: 0},0,0,1,1,1,1,4,0,{fileID: 1736321339073131},1736321339073131,1,"{fileID: 2100000, guid: e0f76648eecc24042b8673a84c58d122, type: 2}",2100000,e0f76648eecc24042b8673a84c58d122,Assets/Material/Default-Translucent.mat,,0,[],1,{fileID: 0},0,{fileID: 0},0,0,"{x: 0, y: 0, z: 0, w: 0}",1,"{fileID: -1622332621, guid: 10137efb68a7305315c568ca07022f9c, type: 3}",-1622332621,10137efb68a7305315c568ca07022f9c,Assets/Plugins/LeTai.TranslucentImage.dll,"{fileID: 21300000, guid: 48c9cb8b6cd7bab4fbe7a8218c9e54d9, type: 2}",21300000,48c9cb8b6cd7bab4fbe7a8218c9e54d9,Assets/Sprite/Rect16.asset,1,0,0.95,,,,{fileID: 0},0,,1
PerkEntry,Assets/GameObject/PerkEntry.prefab,LeTai.TranslucentImage,10137efb68a7305315c568ca07022f9c,-1622332621,,,,,,,,,,,,0,,0.299,,"{r: 1, g: 1, b: 1, a: 0.101960786}",{fileID: 0},0,0,1,1,1,1,4,0,{fileID: 1462730394837576},1462730394837576,1,"{fileID: 2100000, guid: e0f76648eecc24042b8673a84c58d122, type: 2}",2100000,e0f76648eecc24042b8673a84c58d122,Assets/Material/Default-Translucent.mat,,0,[],1,{fileID: 0},0,{fileID: 0},0,0,"{x: 0, y: 0, z: 0, w: 0}",0,"{fileID: -1622332621, guid: 10137efb68a7305315c568ca07022f9c, type: 3}",-1622332621,10137efb68a7305315c568ca07022f9c,Assets/Plugins/LeTai.TranslucentImage.dll,"{fileID: 21300000, guid: 48c9cb8b6cd7bab4fbe7a8218c9e54d9, type: 2}",21300000,48c9cb8b6cd7bab4fbe7a8218c9e54d9,Assets/Sprite/Rect16.asset,1,0,0.95,,,,{fileID: 0},0,,1
