_ObjectName,_SourceFile,_Script,_ScriptGUID,_ScriptFileID,MonoBehaviour.color,MonoBehaviour.m_CorrespondingSourceObject,MonoBehaviour.m_CorrespondingSourceObject_fileID,MonoBehaviour.m_EditorHideFlags,MonoBehaviour.m_Enabled,MonoBehaviour.m_GameObject,MonoBehaviour.m_GameObject_fileID,MonoBehaviour.m_Name,MonoBehaviour.m_ObjectHideFlags,MonoBehaviour.m_PrefabAsset,MonoBehaviour.m_PrefabAsset_fileID,MonoBehaviour.m_PrefabInstance,MonoBehaviour.m_PrefabInstance_fileID,MonoBehaviour.m_Script,MonoBehaviour.m_Script_fileID,MonoBehaviour.m_Script_guid,MonoBehaviour.m_Script_path,MonoBehaviour.priority,MonoBehaviour.show,MonoBehaviour.showDescription
DogTag,Assets/MonoBehaviour/DogTag.asset,TeamSoda.Duckov.Utilities,26649cd76f3316af2e6855cbbdd37c33,2074923487,"{r: 0, g: 0, b: 0, a: 1}",{fileID: 0},0,0,1,{fileID: 0},0,DogTag,0,{fileID: 0},0,{fileID: 0},0,"{fileID: 2074923487, guid: 26649cd76f3316af2e6855cbbdd37c33, type: 3}",2074923487,26649cd76f3316af2e6855cbbdd37c33,Assets/Plugins/TeamSoda.Duckov.Utilities.dll,0,1,0
GunType_PST,Assets/MonoBehaviour/GunType_PST.asset,TeamSoda.Duckov.Utilities,26649cd76f3316af2e6855cbbdd37c33,2074923487,"{r: 0, g: 0, b: 0, a: 1}",{fileID: 0},0,0,1,{fileID: 0},0,GunType_PST,0,{fileID: 0},0,{fileID: 0},0,"{fileID: 2074923487, guid: 26649cd76f3316af2e6855cbbdd37c33, type: 3}",2074923487,26649cd76f3316af2e6855cbbdd37c33,Assets/Plugins/TeamSoda.Duckov.Utilities.dll,0,1,0
Sticky,Assets/MonoBehaviour/Sticky.asset,TeamSoda.Duckov.Utilities,26649cd76f3316af2e6855cbbdd37c33,2074923487,"{r: 0.9725491, g: 0.33333334, b: 0.40000004, a: 1}",{fileID: 0},0,0,1,{fileID: 0},0,Sticky,0,{fileID: 0},0,{fileID: 0},0,"{fileID: 2074923487, guid: 26649cd76f3316af2e6855cbbdd37c33, type: 3}",2074923487,26649cd76f3316af2e6855cbbdd37c33,Assets/Plugins/TeamSoda.Duckov.Utilities.dll,0,1,1
Quest,Assets/MonoBehaviour/Quest.asset,TeamSoda.Duckov.Utilities,26649cd76f3316af2e6855cbbdd37c33,2074923487,"{r: 0, g: 0, b: 0, a: 1}",{fileID: 0},0,0,1,{fileID: 0},0,Quest,0,{fileID: 0},0,{fileID: 0},0,"{fileID: 2074923487, guid: 26649cd76f3316af2e6855cbbdd37c33, type: 3}",2074923487,26649cd76f3316af2e6855cbbdd37c33,Assets/Plugins/TeamSoda.Duckov.Utilities.dll,0,0,0
MiniGame,Assets/MonoBehaviour/MiniGame.asset,TeamSoda.Duckov.Utilities,26649cd76f3316af2e6855cbbdd37c33,2074923487,"{r: 0, g: 0, b: 0, a: 1}",{fileID: 0},0,0,1,{fileID: 0},0,MiniGame,0,{fileID: 0},0,{fileID: 0},0,"{fileID: 2074923487, guid: 26649cd76f3316af2e6855cbbdd37c33, type: 3}",2074923487,26649cd76f3316af2e6855cbbdd37c33,Assets/Plugins/TeamSoda.Duckov.Utilities.dll,0,0,0
Element,Assets/MonoBehaviour/Element.asset,TeamSoda.Duckov.Utilities,26649cd76f3316af2e6855cbbdd37c33,2074923487,"{r: 0, g: 0, b: 0, a: 1}",{fileID: 0},0,0,1,{fileID: 0},0,Element,0,{fileID: 0},0,{fileID: 0},0,"{fileID: 2074923487, guid: 26649cd76f3316af2e6855cbbdd37c33, type: 3}",2074923487,26649cd76f3316af2e6855cbbdd37c33,Assets/Plugins/TeamSoda.Duckov.Utilities.dll,0,0,0
FcController,Assets/MonoBehaviour/FcController.asset,TeamSoda.Duckov.Utilities,26649cd76f3316af2e6855cbbdd37c33,2074923487,"{r: 0, g: 0, b: 0, a: 1}",{fileID: 0},0,0,1,{fileID: 0},0,FcController,0,{fileID: 0},0,{fileID: 0},0,"{fileID: 2074923487, guid: 26649cd76f3316af2e6855cbbdd37c33, type: 3}",2074923487,26649cd76f3316af2e6855cbbdd37c33,Assets/Plugins/TeamSoda.Duckov.Utilities.dll,0,0,0
MeleeWeapon,Assets/MonoBehaviour/MeleeWeapon.asset,TeamSoda.Duckov.Utilities,26649cd76f3316af2e6855cbbdd37c33,2074923487,"{r: 0, g: 0, b: 0, a: 1}",{fileID: 0},0,0,1,{fileID: 0},0,MeleeWeapon,0,{fileID: 0},0,{fileID: 0},0,"{fileID: 2074923487, guid: 26649cd76f3316af2e6855cbbdd37c33, type: 3}",2074923487,26649cd76f3316af2e6855cbbdd37c33,Assets/Plugins/TeamSoda.Duckov.Utilities.dll,0,1,0
GunType_SMG,Assets/MonoBehaviour/GunType_SMG.asset,TeamSoda.Duckov.Utilities,26649cd76f3316af2e6855cbbdd37c33,2074923487,"{r: 0, g: 0, b: 0, a: 1}",{fileID: 0},0,0,1,{fileID: 0},0,GunType_SMG,0,{fileID: 0},0,{fileID: 0},0,"{fileID: 2074923487, guid: 26649cd76f3316af2e6855cbbdd37c33, type: 3}",2074923487,26649cd76f3316af2e6855cbbdd37c33,Assets/Plugins/TeamSoda.Duckov.Utilities.dll,0,1,0
Special,Assets/MonoBehaviour/Special.asset,TeamSoda.Duckov.Utilities,26649cd76f3316af2e6855cbbdd37c33,2074923487,"{r: 0, g: 0, b: 0, a: 1}",{fileID: 0},0,0,1,{fileID: 0},0,Special,0,{fileID: 0},0,{fileID: 0},0,"{fileID: 2074923487, guid: 26649cd76f3316af2e6855cbbdd37c33, type: 3}",2074923487,26649cd76f3316af2e6855cbbdd37c33,Assets/Plugins/TeamSoda.Duckov.Utilities.dll,0,1,0
DestroyOnLootBox,Assets/MonoBehaviour/DestroyOnLootBox.asset,TeamSoda.Duckov.Utilities,26649cd76f3316af2e6855cbbdd37c33,2074923487,"{r: 0, g: 0, b: 0, a: 1}",{fileID: 0},0,0,1,{fileID: 0},0,DestroyOnLootBox,0,{fileID: 0},0,{fileID: 0},0,"{fileID: 2074923487, guid: 26649cd76f3316af2e6855cbbdd37c33, type: 3}",2074923487,26649cd76f3316af2e6855cbbdd37c33,Assets/Plugins/TeamSoda.Duckov.Utilities.dll,0,0,0
Bait,Assets/MonoBehaviour/Bait.asset,TeamSoda.Duckov.Utilities,26649cd76f3316af2e6855cbbdd37c33,2074923487,"{r: 0, g: 0, b: 0, a: 1}",{fileID: 0},0,0,1,{fileID: 0},0,Bait,0,{fileID: 0},0,{fileID: 0},0,"{fileID: 2074923487, guid: 26649cd76f3316af2e6855cbbdd37c33, type: 3}",2074923487,26649cd76f3316af2e6855cbbdd37c33,Assets/Plugins/TeamSoda.Duckov.Utilities.dll,0,0,0
Computer,Assets/MonoBehaviour/Computer.asset,TeamSoda.Duckov.Utilities,26649cd76f3316af2e6855cbbdd37c33,2074923487,"{r: 0, g: 0, b: 0, a: 1}",{fileID: 0},0,0,1,{fileID: 0},0,Computer,0,{fileID: 0},0,{fileID: 0},0,"{fileID: 2074923487, guid: 26649cd76f3316af2e6855cbbdd37c33, type: 3}",2074923487,26649cd76f3316af2e6855cbbdd37c33,Assets/Plugins/TeamSoda.Duckov.Utilities.dll,0,0,0
GunType_ARR,Assets/MonoBehaviour/GunType_ARR.asset,TeamSoda.Duckov.Utilities,26649cd76f3316af2e6855cbbdd37c33,2074923487,"{r: 0, g: 0, b: 0, a: 1}",{fileID: 0},0,0,1,{fileID: 0},0,GunType_ARR,0,{fileID: 0},0,{fileID: 0},0,"{fileID: 2074923487, guid: 26649cd76f3316af2e6855cbbdd37c33, type: 3}",2074923487,26649cd76f3316af2e6855cbbdd37c33,Assets/Plugins/TeamSoda.Duckov.Utilities.dll,0,1,0
Luxury,Assets/MonoBehaviour/Luxury.asset,TeamSoda.Duckov.Utilities,26649cd76f3316af2e6855cbbdd37c33,2074923487,"{r: 0, g: 0, b: 0, a: 1}",{fileID: 0},0,0,1,{fileID: 0},0,Luxury,0,{fileID: 0},0,{fileID: 0},0,"{fileID: 2074923487, guid: 26649cd76f3316af2e6855cbbdd37c33, type: 3}",2074923487,26649cd76f3316af2e6855cbbdd37c33,Assets/Plugins/TeamSoda.Duckov.Utilities.dll,0,0,0
Character,Assets/MonoBehaviour/Character.asset,TeamSoda.Duckov.Utilities,26649cd76f3316af2e6855cbbdd37c33,2074923487,"{r: 0, g: 0, b: 0, a: 1}",{fileID: 0},0,0,1,{fileID: 0},0,Character,0,{fileID: 0},0,{fileID: 0},0,"{fileID: 2074923487, guid: 26649cd76f3316af2e6855cbbdd37c33, type: 3}",2074923487,26649cd76f3316af2e6855cbbdd37c33,Assets/Plugins/TeamSoda.Duckov.Utilities.dll,0,0,0
Explosive,Assets/MonoBehaviour/Explosive.asset,TeamSoda.Duckov.Utilities,26649cd76f3316af2e6855cbbdd37c33,2074923487,"{r: 0, g: 0, b: 0, a: 1}",{fileID: 0},0,0,1,{fileID: 0},0,Explosive,0,{fileID: 0},0,{fileID: 0},0,"{fileID: 2074923487, guid: 26649cd76f3316af2e6855cbbdd37c33, type: 3}",2074923487,26649cd76f3316af2e6855cbbdd37c33,Assets/Plugins/TeamSoda.Duckov.Utilities.dll,0,0,0
Material,Assets/MonoBehaviour/Material.asset,TeamSoda.Duckov.Utilities,26649cd76f3316af2e6855cbbdd37c33,2074923487,"{r: 0, g: 0, b: 0, a: 1}",{fileID: 0},0,0,1,{fileID: 0},0,Material,0,{fileID: 0},0,{fileID: 0},0,"{fileID: 2074923487, guid: 26649cd76f3316af2e6855cbbdd37c33, type: 3}",2074923487,26649cd76f3316af2e6855cbbdd37c33,Assets/Plugins/TeamSoda.Duckov.Utilities.dll,0,1,0
GunType_SHT,Assets/MonoBehaviour/GunType_SHT.asset,TeamSoda.Duckov.Utilities,26649cd76f3316af2e6855cbbdd37c33,2074923487,"{r: 0, g: 0, b: 0, a: 1}",{fileID: 0},0,0,1,{fileID: 0},0,GunType_SHT,0,{fileID: 0},0,{fileID: 0},0,"{fileID: 2074923487, guid: 26649cd76f3316af2e6855cbbdd37c33, type: 3}",2074923487,26649cd76f3316af2e6855cbbdd37c33,Assets/Plugins/TeamSoda.Duckov.Utilities.dll,0,1,0
Fish_Other,Assets/MonoBehaviour/Fish_Other.asset,TeamSoda.Duckov.Utilities,26649cd76f3316af2e6855cbbdd37c33,2074923487,"{r: 0, g: 0, b: 0, a: 1}",{fileID: 0},0,0,1,{fileID: 0},0,Fish_Other,0,{fileID: 0},0,{fileID: 0},0,"{fileID: 2074923487, guid: 26649cd76f3316af2e6855cbbdd37c33, type: 3}",2074923487,26649cd76f3316af2e6855cbbdd37c33,Assets/Plugins/TeamSoda.Duckov.Utilities.dll,0,0,0
Healing,Assets/MonoBehaviour/Healing.asset,TeamSoda.Duckov.Utilities,26649cd76f3316af2e6855cbbdd37c33,2074923487,"{r: 0, g: 0, b: 0, a: 1}",{fileID: 0},0,0,1,{fileID: 0},0,Healing,0,{fileID: 0},0,{fileID: 0},0,"{fileID: 2074923487, guid: 26649cd76f3316af2e6855cbbdd37c33, type: 3}",2074923487,26649cd76f3316af2e6855cbbdd37c33,Assets/Plugins/TeamSoda.Duckov.Utilities.dll,0,1,0
Magazine,Assets/MonoBehaviour/Magazine.asset,TeamSoda.Duckov.Utilities,26649cd76f3316af2e6855cbbdd37c33,2074923487,"{r: 0, g: 0, b: 0, a: 1}",{fileID: 0},0,0,1,{fileID: 0},0,Magazine,0,{fileID: 0},0,{fileID: 0},0,"{fileID: 2074923487, guid: 26649cd76f3316af2e6855cbbdd37c33, type: 3}",2074923487,26649cd76f3316af2e6855cbbdd37c33,Assets/Plugins/TeamSoda.Duckov.Utilities.dll,0,1,0
Western,Assets/MonoBehaviour/Western.asset,TeamSoda.Duckov.Utilities,26649cd76f3316af2e6855cbbdd37c33,2074923487,"{r: 0, g: 0, b: 0, a: 1}",{fileID: 0},0,0,1,{fileID: 0},0,Western,0,{fileID: 0},0,{fileID: 0},0,"{fileID: 2074923487, guid: 26649cd76f3316af2e6855cbbdd37c33, type: 3}",2074923487,26649cd76f3316af2e6855cbbdd37c33,Assets/Plugins/TeamSoda.Duckov.Utilities.dll,0,0,0
Stock,Assets/MonoBehaviour/Stock.asset,TeamSoda.Duckov.Utilities,26649cd76f3316af2e6855cbbdd37c33,2074923487,"{r: 0, g: 0, b: 0, a: 1}",{fileID: 0},0,0,1,{fileID: 0},0,Stock,0,{fileID: 0},0,{fileID: 0},0,"{fileID: 2074923487, guid: 26649cd76f3316af2e6855cbbdd37c33, type: 3}",2074923487,26649cd76f3316af2e6855cbbdd37c33,Assets/Plugins/TeamSoda.Duckov.Utilities.dll,0,1,0
Formula_Cook,Assets/MonoBehaviour/Formula_Cook.asset,TeamSoda.Duckov.Utilities,26649cd76f3316af2e6855cbbdd37c33,2074923487,"{r: 1, g: 0.79963285, b: 0.13679248, a: 1}",{fileID: 0},0,0,1,{fileID: 0},0,Formula_Cook,0,{fileID: 0},0,{fileID: 0},0,"{fileID: 2074923487, guid: 26649cd76f3316af2e6855cbbdd37c33, type: 3}",2074923487,26649cd76f3316af2e6855cbbdd37c33,Assets/Plugins/TeamSoda.Duckov.Utilities.dll,0,1,1
Repairable,Assets/MonoBehaviour/Repairable.asset,TeamSoda.Duckov.Utilities,26649cd76f3316af2e6855cbbdd37c33,2074923487,"{r: 0.2924528, g: 0.2924528, b: 0.2924528, a: 1}",{fileID: 0},0,0,1,{fileID: 0},0,Repairable,0,{fileID: 0},0,{fileID: 0},0,"{fileID: 2074923487, guid: 26649cd76f3316af2e6855cbbdd37c33, type: 3}",2074923487,26649cd76f3316af2e6855cbbdd37c33,Assets/Plugins/TeamSoda.Duckov.Utilities.dll,0,1,1
NotNested,Assets/MonoBehaviour/NotNested.asset,TeamSoda.Duckov.Utilities,26649cd76f3316af2e6855cbbdd37c33,2074923487,"{r: 0, g: 0, b: 0, a: 1}",{fileID: 0},0,0,1,{fileID: 0},0,NotNested,0,{fileID: 0},0,{fileID: 0},0,"{fileID: 2074923487, guid: 26649cd76f3316af2e6855cbbdd37c33, type: 3}",2074923487,26649cd76f3316af2e6855cbbdd37c33,Assets/Plugins/TeamSoda.Duckov.Utilities.dll,0,0,0
JLab,Assets/MonoBehaviour/JLab.asset,TeamSoda.Duckov.Utilities,26649cd76f3316af2e6855cbbdd37c33,2074923487,"{r: 0, g: 0, b: 0, a: 1}",{fileID: 0},0,0,1,{fileID: 0},0,JLab,0,{fileID: 0},0,{fileID: 0},0,"{fileID: 2074923487, guid: 26649cd76f3316af2e6855cbbdd37c33, type: 3}",2074923487,26649cd76f3316af2e6855cbbdd37c33,Assets/Plugins/TeamSoda.Duckov.Utilities.dll,0,0,0
Drink,Assets/MonoBehaviour/Drink.asset,TeamSoda.Duckov.Utilities,26649cd76f3316af2e6855cbbdd37c33,2074923487,"{r: 0, g: 0, b: 0, a: 1}",{fileID: 0},0,0,1,{fileID: 0},0,Drink,0,{fileID: 0},0,{fileID: 0},0,"{fileID: 2074923487, guid: 26649cd76f3316af2e6855cbbdd37c33, type: 3}",2074923487,26649cd76f3316af2e6855cbbdd37c33,Assets/Plugins/TeamSoda.Duckov.Utilities.dll,0,0,0
AdvancedDebuffMode,Assets/MonoBehaviour/AdvancedDebuffMode.asset,TeamSoda.Duckov.Utilities,26649cd76f3316af2e6855cbbdd37c33,2074923487,"{r: 0.33962262, g: 0, b: 0, a: 1}",{fileID: 0},0,0,1,{fileID: 0},0,AdvancedDebuffMode,0,{fileID: 0},0,{fileID: 0},0,"{fileID: 2074923487, guid: 26649cd76f3316af2e6855cbbdd37c33, type: 3}",2074923487,26649cd76f3316af2e6855cbbdd37c33,Assets/Plugins/TeamSoda.Duckov.Utilities.dll,0,0,0
SpecialKey,Assets/MonoBehaviour/SpecialKey.asset,TeamSoda.Duckov.Utilities,26649cd76f3316af2e6855cbbdd37c33,2074923487,"{r: 0, g: 0, b: 0, a: 1}",{fileID: 0},0,0,1,{fileID: 0},0,SpecialKey,0,{fileID: 0},0,{fileID: 0},0,"{fileID: 2074923487, guid: 26649cd76f3316af2e6855cbbdd37c33, type: 3}",2074923487,26649cd76f3316af2e6855cbbdd37c33,Assets/Plugins/TeamSoda.Duckov.Utilities.dll,0,1,0
Seed,Assets/MonoBehaviour/Seed.asset,TeamSoda.Duckov.Utilities,26649cd76f3316af2e6855cbbdd37c33,2074923487,"{r: 0, g: 0, b: 0, a: 1}",{fileID: 0},0,0,1,{fileID: 0},0,Seed,0,{fileID: 0},0,{fileID: 0},0,"{fileID: 2074923487, guid: 26649cd76f3316af2e6855cbbdd37c33, type: 3}",2074923487,26649cd76f3316af2e6855cbbdd37c33,Assets/Plugins/TeamSoda.Duckov.Utilities.dll,0,1,0
SoulCube,Assets/MonoBehaviour/SoulCube.asset,TeamSoda.Duckov.Utilities,26649cd76f3316af2e6855cbbdd37c33,2074923487,"{r: 0, g: 0, b: 0, a: 1}",{fileID: 0},0,0,1,{fileID: 0},0,SoulCube,0,{fileID: 0},0,{fileID: 0},0,"{fileID: 2074923487, guid: 26649cd76f3316af2e6855cbbdd37c33, type: 3}",2074923487,26649cd76f3316af2e6855cbbdd37c33,Assets/Plugins/TeamSoda.Duckov.Utilities.dll,0,1,0
Gem,Assets/MonoBehaviour/Gem.asset,TeamSoda.Duckov.Utilities,26649cd76f3316af2e6855cbbdd37c33,2074923487,"{r: 0.1273585, g: 0.52674675, b: 1, a: 1}",{fileID: 0},0,0,1,{fileID: 0},0,Gem,0,{fileID: 0},0,{fileID: 0},0,"{fileID: 2074923487, guid: 26649cd76f3316af2e6855cbbdd37c33, type: 3}",2074923487,26649cd76f3316af2e6855cbbdd37c33,Assets/Plugins/TeamSoda.Duckov.Utilities.dll,0,1,0
Information,Assets/MonoBehaviour/Information.asset,TeamSoda.Duckov.Utilities,26649cd76f3316af2e6855cbbdd37c33,2074923487,"{r: 0, g: 0, b: 0, a: 1}",{fileID: 0},0,0,1,{fileID: 0},0,Information,0,{fileID: 0},0,{fileID: 0},0,"{fileID: 2074923487, guid: 26649cd76f3316af2e6855cbbdd37c33, type: 3}",2074923487,26649cd76f3316af2e6855cbbdd37c33,Assets/Plugins/TeamSoda.Duckov.Utilities.dll,0,1,0
GunType_Shot,Assets/MonoBehaviour/GunType_Shot.asset,TeamSoda.Duckov.Utilities,26649cd76f3316af2e6855cbbdd37c33,2074923487,"{r: 0, g: 0, b: 0, a: 1}",{fileID: 0},0,0,1,{fileID: 0},0,GunType_Shot,0,{fileID: 0},0,{fileID: 0},0,"{fileID: 2074923487, guid: 26649cd76f3316af2e6855cbbdd37c33, type: 3}",2074923487,26649cd76f3316af2e6855cbbdd37c33,Assets/Plugins/TeamSoda.Duckov.Utilities.dll,0,1,0
Fish_OnlyStorm,Assets/MonoBehaviour/Fish_OnlyStorm.asset,TeamSoda.Duckov.Utilities,26649cd76f3316af2e6855cbbdd37c33,2074923487,"{r: 0, g: 0, b: 0, a: 1}",{fileID: 0},0,0,1,{fileID: 0},0,Fish_OnlyStorm,0,{fileID: 0},0,{fileID: 0},0,"{fileID: 2074923487, guid: 26649cd76f3316af2e6855cbbdd37c33, type: 3}",2074923487,26649cd76f3316af2e6855cbbdd37c33,Assets/Plugins/TeamSoda.Duckov.Utilities.dll,0,0,0
Monitor,Assets/MonoBehaviour/Monitor.asset,TeamSoda.Duckov.Utilities,26649cd76f3316af2e6855cbbdd37c33,2074923487,"{r: 0, g: 0, b: 0, a: 1}",{fileID: 0},0,0,1,{fileID: 0},0,Monitor,0,{fileID: 0},0,{fileID: 0},0,"{fileID: 2074923487, guid: 26649cd76f3316af2e6855cbbdd37c33, type: 3}",2074923487,26649cd76f3316af2e6855cbbdd37c33,Assets/Plugins/TeamSoda.Duckov.Utilities.dll,0,0,0
Formula_Normal,Assets/MonoBehaviour/Formula_Normal.asset,TeamSoda.Duckov.Utilities,26649cd76f3316af2e6855cbbdd37c33,2074923487,"{r: 0.15018693, g: 0.7075472, b: 0.54830134, a: 1}",{fileID: 0},0,0,1,{fileID: 0},0,Formula_Normal,0,{fileID: 0},0,{fileID: 0},0,"{fileID: 2074923487, guid: 26649cd76f3316af2e6855cbbdd37c33, type: 3}",2074923487,26649cd76f3316af2e6855cbbdd37c33,Assets/Plugins/TeamSoda.Duckov.Utilities.dll,0,1,1
GunType_Rocket,Assets/MonoBehaviour/GunType_Rocket.asset,TeamSoda.Duckov.Utilities,26649cd76f3316af2e6855cbbdd37c33,2074923487,"{r: 0, g: 0, b: 0, a: 1}",{fileID: 0},0,0,1,{fileID: 0},0,GunType_Rocket,0,{fileID: 0},0,{fileID: 0},0,"{fileID: 2074923487, guid: 26649cd76f3316af2e6855cbbdd37c33, type: 3}",2074923487,26649cd76f3316af2e6855cbbdd37c33,Assets/Plugins/TeamSoda.Duckov.Utilities.dll,0,1,0
Shit,Assets/MonoBehaviour/Shit.asset,TeamSoda.Duckov.Utilities,26649cd76f3316af2e6855cbbdd37c33,2074923487,"{r: 0.9725491, g: 0.33333334, b: 0.40000004, a: 1}",{fileID: 0},0,0,1,{fileID: 0},0,Shit,0,{fileID: 0},0,{fileID: 0},0,"{fileID: 2074923487, guid: 26649cd76f3316af2e6855cbbdd37c33, type: 3}",2074923487,26649cd76f3316af2e6855cbbdd37c33,Assets/Plugins/TeamSoda.Duckov.Utilities.dll,0,0,0
Formula_Blueprint,Assets/MonoBehaviour/Formula_Blueprint.asset,TeamSoda.Duckov.Utilities,26649cd76f3316af2e6855cbbdd37c33,2074923487,"{r: 0.23366857, g: 0.5046, b: 0.8396226, a: 1}",{fileID: 0},0,0,1,{fileID: 0},0,Formula_Blueprint,0,{fileID: 0},0,{fileID: 0},0,"{fileID: 2074923487, guid: 26649cd76f3316af2e6855cbbdd37c33, type: 3}",2074923487,26649cd76f3316af2e6855cbbdd37c33,Assets/Plugins/TeamSoda.Duckov.Utilities.dll,0,1,1
Accessory,Assets/MonoBehaviour/Accessory.asset,TeamSoda.Duckov.Utilities,26649cd76f3316af2e6855cbbdd37c33,2074923487,"{r: 0, g: 0, b: 0, a: 1}",{fileID: 0},0,0,1,{fileID: 0},0,Accessory,0,{fileID: 0},0,{fileID: 0},0,"{fileID: 2074923487, guid: 26649cd76f3316af2e6855cbbdd37c33, type: 3}",2074923487,26649cd76f3316af2e6855cbbdd37c33,Assets/Plugins/TeamSoda.Duckov.Utilities.dll,0,1,1
GunType_SNP,Assets/MonoBehaviour/GunType_SNP.asset,TeamSoda.Duckov.Utilities,26649cd76f3316af2e6855cbbdd37c33,2074923487,"{r: 0, g: 0, b: 0, a: 1}",{fileID: 0},0,0,1,{fileID: 0},0,GunType_SNP,0,{fileID: 0},0,{fileID: 0},0,"{fileID: 2074923487, guid: 26649cd76f3316af2e6855cbbdd37c33, type: 3}",2074923487,26649cd76f3316af2e6855cbbdd37c33,Assets/Plugins/TeamSoda.Duckov.Utilities.dll,0,1,0
GunType_AR,Assets/MonoBehaviour/GunType_AR.asset,TeamSoda.Duckov.Utilities,26649cd76f3316af2e6855cbbdd37c33,2074923487,"{r: 0, g: 0, b: 0, a: 1}",{fileID: 0},0,0,1,{fileID: 0},0,GunType_AR,0,{fileID: 0},0,{fileID: 0},0,"{fileID: 2074923487, guid: 26649cd76f3316af2e6855cbbdd37c33, type: 3}",2074923487,26649cd76f3316af2e6855cbbdd37c33,Assets/Plugins/TeamSoda.Duckov.Utilities.dll,0,1,0
Backpack,Assets/MonoBehaviour/Backpack.asset,TeamSoda.Duckov.Utilities,26649cd76f3316af2e6855cbbdd37c33,2074923487,"{r: 0, g: 0, b: 0, a: 1}",{fileID: 0},0,0,1,{fileID: 0},0,Backpack,0,{fileID: 0},0,{fileID: 0},0,"{fileID: 2074923487, guid: 26649cd76f3316af2e6855cbbdd37c33, type: 3}",2074923487,26649cd76f3316af2e6855cbbdd37c33,Assets/Plugins/TeamSoda.Duckov.Utilities.dll,0,1,0
Misc,Assets/MonoBehaviour/Misc.asset,TeamSoda.Duckov.Utilities,26649cd76f3316af2e6855cbbdd37c33,2074923487,"{r: 0, g: 0, b: 0, a: 1}",{fileID: 0},0,0,1,{fileID: 0},0,Misc,0,{fileID: 0},0,{fileID: 0},0,"{fileID: 2074923487, guid: 26649cd76f3316af2e6855cbbdd37c33, type: 3}",2074923487,26649cd76f3316af2e6855cbbdd37c33,Assets/Plugins/TeamSoda.Duckov.Utilities.dll,0,1,0
DontDropOnDeadInSlot,Assets/MonoBehaviour/DontDropOnDeadInSlot.asset,TeamSoda.Duckov.Utilities,26649cd76f3316af2e6855cbbdd37c33,2074923487,"{r: 0, g: 0, b: 0, a: 1}",{fileID: 0},0,0,1,{fileID: 0},0,DontDropOnDeadInSlot,0,{fileID: 0},0,{fileID: 0},0,"{fileID: 2074923487, guid: 26649cd76f3316af2e6855cbbdd37c33, type: 3}",2074923487,26649cd76f3316af2e6855cbbdd37c33,Assets/Plugins/TeamSoda.Duckov.Utilities.dll,0,1,1
Key,Assets/MonoBehaviour/Key.asset,TeamSoda.Duckov.Utilities,26649cd76f3316af2e6855cbbdd37c33,2074923487,"{r: 0, g: 0, b: 0, a: 1}",{fileID: 0},0,0,1,{fileID: 0},0,Key,0,{fileID: 0},0,{fileID: 0},0,"{fileID: 2074923487, guid: 26649cd76f3316af2e6855cbbdd37c33, type: 3}",2074923487,26649cd76f3316af2e6855cbbdd37c33,Assets/Plugins/TeamSoda.Duckov.Utilities.dll,0,1,0
Medic,Assets/MonoBehaviour/Medic.asset,TeamSoda.Duckov.Utilities,26649cd76f3316af2e6855cbbdd37c33,2074923487,"{r: 0, g: 0, b: 0, a: 1}",{fileID: 0},0,0,1,{fileID: 0},0,Medic,0,{fileID: 0},0,{fileID: 0},0,"{fileID: 2074923487, guid: 26649cd76f3316af2e6855cbbdd37c33, type: 3}",2074923487,26649cd76f3316af2e6855cbbdd37c33,Assets/Plugins/TeamSoda.Duckov.Utilities.dll,0,1,0
NotForSell,Assets/MonoBehaviour/NotForSell.asset,TeamSoda.Duckov.Utilities,26649cd76f3316af2e6855cbbdd37c33,2074923487,"{r: 0, g: 0, b: 0, a: 1}",{fileID: 0},0,0,1,{fileID: 0},0,NotForSell,0,{fileID: 0},0,{fileID: 0},0,"{fileID: 2074923487, guid: 26649cd76f3316af2e6855cbbdd37c33, type: 3}",2074923487,26649cd76f3316af2e6855cbbdd37c33,Assets/Plugins/TeamSoda.Duckov.Utilities.dll,0,0,0
Weapon,Assets/MonoBehaviour/Weapon.asset,TeamSoda.Duckov.Utilities,26649cd76f3316af2e6855cbbdd37c33,2074923487,"{r: 0, g: 0, b: 0, a: 1}",{fileID: 0},0,0,1,{fileID: 0},0,Weapon,0,{fileID: 0},0,{fileID: 0},0,"{fileID: 2074923487, guid: 26649cd76f3316af2e6855cbbdd37c33, type: 3}",2074923487,26649cd76f3316af2e6855cbbdd37c33,Assets/Plugins/TeamSoda.Duckov.Utilities.dll,0,0,0
Bullet,Assets/MonoBehaviour/Bullet.asset,TeamSoda.Duckov.Utilities,26649cd76f3316af2e6855cbbdd37c33,2074923487,"{r: 0, g: 0, b: 0, a: 1}",{fileID: 0},0,0,1,{fileID: 0},0,Bullet,0,{fileID: 0},0,{fileID: 0},0,"{fileID: 2074923487, guid: 26649cd76f3316af2e6855cbbdd37c33, type: 3}",2074923487,26649cd76f3316af2e6855cbbdd37c33,Assets/Plugins/TeamSoda.Duckov.Utilities.dll,0,1,0
GunType_BR,Assets/MonoBehaviour/GunType_BR.asset,TeamSoda.Duckov.Utilities,26649cd76f3316af2e6855cbbdd37c33,2074923487,"{r: 0, g: 0, b: 0, a: 1}",{fileID: 0},0,0,1,{fileID: 0},0,GunType_BR,0,{fileID: 0},0,{fileID: 0},0,"{fileID: 2074923487, guid: 26649cd76f3316af2e6855cbbdd37c33, type: 3}",2074923487,26649cd76f3316af2e6855cbbdd37c33,Assets/Plugins/TeamSoda.Duckov.Utilities.dll,0,1,0
Food,Assets/MonoBehaviour/Food.asset,TeamSoda.Duckov.Utilities,26649cd76f3316af2e6855cbbdd37c33,2074923487,"{r: 0, g: 0, b: 0, a: 1}",{fileID: 0},0,0,1,{fileID: 0},0,Food,0,{fileID: 0},0,{fileID: 0},0,"{fileID: 2074923487, guid: 26649cd76f3316af2e6855cbbdd37c33, type: 3}",2074923487,26649cd76f3316af2e6855cbbdd37c33,Assets/Plugins/TeamSoda.Duckov.Utilities.dll,0,1,0
GamingConsole,Assets/MonoBehaviour/GamingConsole.asset,TeamSoda.Duckov.Utilities,26649cd76f3316af2e6855cbbdd37c33,2074923487,"{r: 0, g: 0, b: 0, a: 1}",{fileID: 0},0,0,1,{fileID: 0},0,GamingConsole,0,{fileID: 0},0,{fileID: 0},0,"{fileID: 2074923487, guid: 26649cd76f3316af2e6855cbbdd37c33, type: 3}",2074923487,26649cd76f3316af2e6855cbbdd37c33,Assets/Plugins/TeamSoda.Duckov.Utilities.dll,0,0,0
Gun,Assets/MonoBehaviour/Gun.asset,TeamSoda.Duckov.Utilities,26649cd76f3316af2e6855cbbdd37c33,2074923487,"{r: 0, g: 0, b: 0, a: 1}",{fileID: 0},0,0,1,{fileID: 0},0,Gun,0,{fileID: 0},0,{fileID: 0},0,"{fileID: 2074923487, guid: 26649cd76f3316af2e6855cbbdd37c33, type: 3}",2074923487,26649cd76f3316af2e6855cbbdd37c33,Assets/Plugins/TeamSoda.Duckov.Utilities.dll,0,0,0
ComputerParts_GPU,Assets/MonoBehaviour/ComputerParts_GPU.asset,TeamSoda.Duckov.Utilities,26649cd76f3316af2e6855cbbdd37c33,2074923487,"{r: 1, g: 0.5972381, b: 0.4198113, a: 1}",{fileID: 0},0,0,1,{fileID: 0},0,ComputerParts_GPU,0,{fileID: 0},0,{fileID: 0},0,"{fileID: 2074923487, guid: 26649cd76f3316af2e6855cbbdd37c33, type: 3}",2074923487,26649cd76f3316af2e6855cbbdd37c33,Assets/Plugins/TeamSoda.Duckov.Utilities.dll,0,1,1
DestroyInBase,Assets/MonoBehaviour/DestroyInBase.asset,TeamSoda.Duckov.Utilities,26649cd76f3316af2e6855cbbdd37c33,2074923487,"{r: 0, g: 0, b: 0, a: 1}",{fileID: 0},0,0,1,{fileID: 0},0,DestroyInBase,0,{fileID: 0},0,{fileID: 0},0,"{fileID: 2074923487, guid: 26649cd76f3316af2e6855cbbdd37c33, type: 3}",2074923487,26649cd76f3316af2e6855cbbdd37c33,Assets/Plugins/TeamSoda.Duckov.Utilities.dll,0,1,1
Daily,Assets/MonoBehaviour/Daily.asset,TeamSoda.Duckov.Utilities,26649cd76f3316af2e6855cbbdd37c33,2074923487,"{r: 0, g: 0, b: 0, a: 1}",{fileID: 0},0,0,1,{fileID: 0},0,Daily,0,{fileID: 0},0,{fileID: 0},0,"{fileID: 2074923487, guid: 26649cd76f3316af2e6855cbbdd37c33, type: 3}",2074923487,26649cd76f3316af2e6855cbbdd37c33,Assets/Plugins/TeamSoda.Duckov.Utilities.dll,0,0,0
Formula,Assets/MonoBehaviour/Formula.asset,TeamSoda.Duckov.Utilities,26649cd76f3316af2e6855cbbdd37c33,2074923487,"{r: 0, g: 0, b: 0, a: 1}",{fileID: 0},0,0,1,{fileID: 0},0,Formula,0,{fileID: 0},0,{fileID: 0},0,"{fileID: 2074923487, guid: 26649cd76f3316af2e6855cbbdd37c33, type: 3}",2074923487,26649cd76f3316af2e6855cbbdd37c33,Assets/Plugins/TeamSoda.Duckov.Utilities.dll,0,0,0
Helmat,Assets/MonoBehaviour/Helmat.asset,TeamSoda.Duckov.Utilities,26649cd76f3316af2e6855cbbdd37c33,2074923487,"{r: 0, g: 0, b: 0, a: 1}",{fileID: 0},0,0,1,{fileID: 0},0,Helmat,0,{fileID: 0},0,{fileID: 0},0,"{fileID: 2074923487, guid: 26649cd76f3316af2e6855cbbdd37c33, type: 3}",2074923487,26649cd76f3316af2e6855cbbdd37c33,Assets/Plugins/TeamSoda.Duckov.Utilities.dll,0,1,0
FaceMask,Assets/MonoBehaviour/FaceMask.asset,TeamSoda.Duckov.Utilities,26649cd76f3316af2e6855cbbdd37c33,2074923487,"{r: 0, g: 0, b: 0, a: 1}",{fileID: 0},0,0,1,{fileID: 0},0,FaceMask,0,{fileID: 0},0,{fileID: 0},0,"{fileID: 2074923487, guid: 26649cd76f3316af2e6855cbbdd37c33, type: 3}",2074923487,26649cd76f3316af2e6855cbbdd37c33,Assets/Plugins/TeamSoda.Duckov.Utilities.dll,0,1,0
Fish_Special,Assets/MonoBehaviour/Fish_Special.asset,TeamSoda.Duckov.Utilities,26649cd76f3316af2e6855cbbdd37c33,2074923487,"{r: 0, g: 0, b: 0, a: 1}",{fileID: 0},0,0,1,{fileID: 0},0,Fish_Special,0,{fileID: 0},0,{fileID: 0},0,"{fileID: 2074923487, guid: 26649cd76f3316af2e6855cbbdd37c33, type: 3}",2074923487,26649cd76f3316af2e6855cbbdd37c33,Assets/Plugins/TeamSoda.Duckov.Utilities.dll,0,0,0
Tool,Assets/MonoBehaviour/Tool.asset,TeamSoda.Duckov.Utilities,26649cd76f3316af2e6855cbbdd37c33,2074923487,"{r: 0, g: 0, b: 0, a: 1}",{fileID: 0},0,0,1,{fileID: 0},0,Tool,0,{fileID: 0},0,{fileID: 0},0,"{fileID: 2074923487, guid: 26649cd76f3316af2e6855cbbdd37c33, type: 3}",2074923487,26649cd76f3316af2e6855cbbdd37c33,Assets/Plugins/TeamSoda.Duckov.Utilities.dll,0,1,0
Fish_OnlySunDay,Assets/MonoBehaviour/Fish_OnlySunDay.asset,TeamSoda.Duckov.Utilities,26649cd76f3316af2e6855cbbdd37c33,2074923487,"{r: 0, g: 0, b: 0, a: 1}",{fileID: 0},0,0,1,{fileID: 0},0,Fish_OnlySunDay,0,{fileID: 0},0,{fileID: 0},0,"{fileID: 2074923487, guid: 26649cd76f3316af2e6855cbbdd37c33, type: 3}",2074923487,26649cd76f3316af2e6855cbbdd37c33,Assets/Plugins/TeamSoda.Duckov.Utilities.dll,0,0,0
Muzzle,Assets/MonoBehaviour/Muzzle.asset,TeamSoda.Duckov.Utilities,26649cd76f3316af2e6855cbbdd37c33,2074923487,"{r: 0, g: 0, b: 0, a: 1}",{fileID: 0},0,0,1,{fileID: 0},0,Muzzle,0,{fileID: 0},0,{fileID: 0},0,"{fileID: 2074923487, guid: 26649cd76f3316af2e6855cbbdd37c33, type: 3}",2074923487,26649cd76f3316af2e6855cbbdd37c33,Assets/Plugins/TeamSoda.Duckov.Utilities.dll,0,1,0
LockInDemo,Assets/MonoBehaviour/LockInDemo.asset,TeamSoda.Duckov.Utilities,26649cd76f3316af2e6855cbbdd37c33,2074923487,"{r: 0, g: 0, b: 0, a: 1}",{fileID: 0},0,0,1,{fileID: 0},0,LockInDemo,0,{fileID: 0},0,{fileID: 0},0,"{fileID: 2074923487, guid: 26649cd76f3316af2e6855cbbdd37c33, type: 3}",2074923487,26649cd76f3316af2e6855cbbdd37c33,Assets/Plugins/TeamSoda.Duckov.Utilities.dll,0,0,0
Fish_OnlyNight,Assets/MonoBehaviour/Fish_OnlyNight.asset,TeamSoda.Duckov.Utilities,26649cd76f3316af2e6855cbbdd37c33,2074923487,"{r: 0, g: 0, b: 0, a: 1}",{fileID: 0},0,0,1,{fileID: 0},0,Fish_OnlyNight,0,{fileID: 0},0,{fileID: 0},0,"{fileID: 2074923487, guid: 26649cd76f3316af2e6855cbbdd37c33, type: 3}",2074923487,26649cd76f3316af2e6855cbbdd37c33,Assets/Plugins/TeamSoda.Duckov.Utilities.dll,0,0,0
Crop,Assets/MonoBehaviour/Crop.asset,TeamSoda.Duckov.Utilities,26649cd76f3316af2e6855cbbdd37c33,2074923487,"{r: 0, g: 0, b: 0, a: 1}",{fileID: 0},0,0,1,{fileID: 0},0,Crop,0,{fileID: 0},0,{fileID: 0},0,"{fileID: 2074923487, guid: 26649cd76f3316af2e6855cbbdd37c33, type: 3}",2074923487,26649cd76f3316af2e6855cbbdd37c33,Assets/Plugins/TeamSoda.Duckov.Utilities.dll,0,0,0
Armor,Assets/MonoBehaviour/Armor.asset,TeamSoda.Duckov.Utilities,26649cd76f3316af2e6855cbbdd37c33,2074923487,"{r: 0, g: 0, b: 0, a: 1}",{fileID: 0},0,0,1,{fileID: 0},0,Armor,0,{fileID: 0},0,{fileID: 0},0,"{fileID: 2074923487, guid: 26649cd76f3316af2e6855cbbdd37c33, type: 3}",2074923487,26649cd76f3316af2e6855cbbdd37c33,Assets/Plugins/TeamSoda.Duckov.Utilities.dll,0,0,0
Cash,Assets/MonoBehaviour/Cash.asset,TeamSoda.Duckov.Utilities,26649cd76f3316af2e6855cbbdd37c33,2074923487,"{r: 0, g: 0, b: 0, a: 1}",{fileID: 0},0,0,1,{fileID: 0},0,Cash,0,{fileID: 0},0,{fileID: 0},0,"{fileID: 2074923487, guid: 26649cd76f3316af2e6855cbbdd37c33, type: 3}",2074923487,26649cd76f3316af2e6855cbbdd37c33,Assets/Plugins/TeamSoda.Duckov.Utilities.dll,0,0,0
Fish_OnlyRainDay,Assets/MonoBehaviour/Fish_OnlyRainDay.asset,TeamSoda.Duckov.Utilities,26649cd76f3316af2e6855cbbdd37c33,2074923487,"{r: 0, g: 0, b: 0, a: 1}",{fileID: 0},0,0,1,{fileID: 0},0,Fish_OnlyRainDay,0,{fileID: 0},0,{fileID: 0},0,"{fileID: 2074923487, guid: 26649cd76f3316af2e6855cbbdd37c33, type: 3}",2074923487,26649cd76f3316af2e6855cbbdd37c33,Assets/Plugins/TeamSoda.Duckov.Utilities.dll,0,0,0
NotSellable,Assets/MonoBehaviour/NotSellable.asset,TeamSoda.Duckov.Utilities,26649cd76f3316af2e6855cbbdd37c33,2074923487,"{r: 0.9725491, g: 0.33333334, b: 0.40000004, a: 1}",{fileID: 0},0,0,1,{fileID: 0},0,NotSellable,0,{fileID: 0},0,{fileID: 0},0,"{fileID: 2074923487, guid: 26649cd76f3316af2e6855cbbdd37c33, type: 3}",2074923487,26649cd76f3316af2e6855cbbdd37c33,Assets/Plugins/TeamSoda.Duckov.Utilities.dll,0,1,0
Electric,Assets/MonoBehaviour/Electric.asset,TeamSoda.Duckov.Utilities,26649cd76f3316af2e6855cbbdd37c33,2074923487,"{r: 0, g: 0, b: 0, a: 1}",{fileID: 0},0,0,1,{fileID: 0},0,Electric,0,{fileID: 0},0,{fileID: 0},0,"{fileID: 2074923487, guid: 26649cd76f3316af2e6855cbbdd37c33, type: 3}",2074923487,26649cd76f3316af2e6855cbbdd37c33,Assets/Plugins/TeamSoda.Duckov.Utilities.dll,0,0,0
Cartridge,Assets/MonoBehaviour/Cartridge.asset,TeamSoda.Duckov.Utilities,26649cd76f3316af2e6855cbbdd37c33,2074923487,"{r: 0, g: 0, b: 0, a: 1}",{fileID: 0},0,0,1,{fileID: 0},0,Cartridge,0,{fileID: 0},0,{fileID: 0},0,"{fileID: 2074923487, guid: 26649cd76f3316af2e6855cbbdd37c33, type: 3}",2074923487,26649cd76f3316af2e6855cbbdd37c33,Assets/Plugins/TeamSoda.Duckov.Utilities.dll,0,0,0
Fish,Assets/MonoBehaviour/Fish.asset,TeamSoda.Duckov.Utilities,26649cd76f3316af2e6855cbbdd37c33,2074923487,"{r: 0, g: 0, b: 0, a: 1}",{fileID: 0},0,0,1,{fileID: 0},0,Fish,0,{fileID: 0},0,{fileID: 0},0,"{fileID: 2074923487, guid: 26649cd76f3316af2e6855cbbdd37c33, type: 3}",2074923487,26649cd76f3316af2e6855cbbdd37c33,Assets/Plugins/TeamSoda.Duckov.Utilities.dll,0,1,0
GunType_Sniper,Assets/MonoBehaviour/GunType_Sniper.asset,TeamSoda.Duckov.Utilities,26649cd76f3316af2e6855cbbdd37c33,2074923487,"{r: 0, g: 0, b: 0, a: 1}",{fileID: 0},0,0,1,{fileID: 0},0,GunType_Sniper,0,{fileID: 0},0,{fileID: 0},0,"{fileID: 2074923487, guid: 26649cd76f3316af2e6855cbbdd37c33, type: 3}",2074923487,26649cd76f3316af2e6855cbbdd37c33,Assets/Plugins/TeamSoda.Duckov.Utilities.dll,0,1,0
Fish_OnlyDay,Assets/MonoBehaviour/Fish_OnlyDay.asset,TeamSoda.Duckov.Utilities,26649cd76f3316af2e6855cbbdd37c33,2074923487,"{r: 0, g: 0, b: 0, a: 1}",{fileID: 0},0,0,1,{fileID: 0},0,Fish_OnlyDay,0,{fileID: 0},0,{fileID: 0},0,"{fileID: 2074923487, guid: 26649cd76f3316af2e6855cbbdd37c33, type: 3}",2074923487,26649cd76f3316af2e6855cbbdd37c33,Assets/Plugins/TeamSoda.Duckov.Utilities.dll,0,0,0
Weapon_LV1,Assets/MonoBehaviour/Weapon_LV1.asset,TeamSoda.Duckov.Utilities,26649cd76f3316af2e6855cbbdd37c33,2074923487,"{r: 0, g: 0, b: 0, a: 1}",{fileID: 0},0,0,1,{fileID: 0},0,Weapon_LV1,0,{fileID: 0},0,{fileID: 0},0,"{fileID: 2074923487, guid: 26649cd76f3316af2e6855cbbdd37c33, type: 3}",2074923487,26649cd76f3316af2e6855cbbdd37c33,Assets/Plugins/TeamSoda.Duckov.Utilities.dll,0,0,0
GunType_PWS,Assets/MonoBehaviour/GunType_PWS.asset,TeamSoda.Duckov.Utilities,26649cd76f3316af2e6855cbbdd37c33,2074923487,"{r: 0, g: 0, b: 0, a: 1}",{fileID: 0},0,0,1,{fileID: 0},0,GunType_PWS,0,{fileID: 0},0,{fileID: 0},0,"{fileID: 2074923487, guid: 26649cd76f3316af2e6855cbbdd37c33, type: 3}",2074923487,26649cd76f3316af2e6855cbbdd37c33,Assets/Plugins/TeamSoda.Duckov.Utilities.dll,0,1,0
Equipment,Assets/MonoBehaviour/Equipment.asset,TeamSoda.Duckov.Utilities,26649cd76f3316af2e6855cbbdd37c33,2074923487,"{r: 0, g: 0, b: 0, a: 1}",{fileID: 0},0,0,1,{fileID: 0},0,Equipment,0,{fileID: 0},0,{fileID: 0},0,"{fileID: 2074923487, guid: 26649cd76f3316af2e6855cbbdd37c33, type: 3}",2074923487,26649cd76f3316af2e6855cbbdd37c33,Assets/Plugins/TeamSoda.Duckov.Utilities.dll,0,0,0
TecEquip,Assets/MonoBehaviour/TecEquip.asset,TeamSoda.Duckov.Utilities,26649cd76f3316af2e6855cbbdd37c33,2074923487,"{r: 0, g: 0, b: 0, a: 1}",{fileID: 0},0,0,1,{fileID: 0},0,TecEquip,0,{fileID: 0},0,{fileID: 0},0,"{fileID: 2074923487, guid: 26649cd76f3316af2e6855cbbdd37c33, type: 3}",2074923487,26649cd76f3316af2e6855cbbdd37c33,Assets/Plugins/TeamSoda.Duckov.Utilities.dll,0,0,0
Scope,Assets/MonoBehaviour/Scope.asset,TeamSoda.Duckov.Utilities,26649cd76f3316af2e6855cbbdd37c33,2074923487,"{r: 0, g: 0, b: 0, a: 1}",{fileID: 0},0,0,1,{fileID: 0},0,Scope,0,{fileID: 0},0,{fileID: 0},0,"{fileID: 2074923487, guid: 26649cd76f3316af2e6855cbbdd37c33, type: 3}",2074923487,26649cd76f3316af2e6855cbbdd37c33,Assets/Plugins/TeamSoda.Duckov.Utilities.dll,0,1,0
GunType_Rifle,Assets/MonoBehaviour/GunType_Rifle.asset,TeamSoda.Duckov.Utilities,26649cd76f3316af2e6855cbbdd37c33,2074923487,"{r: 0, g: 0, b: 0, a: 1}",{fileID: 0},0,0,1,{fileID: 0},0,GunType_Rifle,0,{fileID: 0},0,{fileID: 0},0,"{fileID: 2074923487, guid: 26649cd76f3316af2e6855cbbdd37c33, type: 3}",2074923487,26649cd76f3316af2e6855cbbdd37c33,Assets/Plugins/TeamSoda.Duckov.Utilities.dll,0,1,0
GunType_MAG,Assets/MonoBehaviour/GunType_MAG.asset,TeamSoda.Duckov.Utilities,26649cd76f3316af2e6855cbbdd37c33,2074923487,"{r: 0, g: 0, b: 0, a: 1}",{fileID: 0},0,0,1,{fileID: 0},0,GunType_MAG,0,{fileID: 0},0,{fileID: 0},0,"{fileID: 2074923487, guid: 26649cd76f3316af2e6855cbbdd37c33, type: 3}",2074923487,26649cd76f3316af2e6855cbbdd37c33,Assets/Plugins/TeamSoda.Duckov.Utilities.dll,0,1,0
DecorateEquipment,Assets/MonoBehaviour/DecorateEquipment.asset,TeamSoda.Duckov.Utilities,26649cd76f3316af2e6855cbbdd37c33,2074923487,"{r: 0, g: 0, b: 0, a: 1}",{fileID: 0},0,0,1,{fileID: 0},0,DecorateEquipment,0,{fileID: 0},0,{fileID: 0},0,"{fileID: 2074923487, guid: 26649cd76f3316af2e6855cbbdd37c33, type: 3}",2074923487,26649cd76f3316af2e6855cbbdd37c33,Assets/Plugins/TeamSoda.Duckov.Utilities.dll,0,0,0
Headset,Assets/MonoBehaviour/Headset.asset,TeamSoda.Duckov.Utilities,26649cd76f3316af2e6855cbbdd37c33,2074923487,"{r: 0, g: 0, b: 0, a: 1}",{fileID: 0},0,0,1,{fileID: 0},0,Headset,0,{fileID: 0},0,{fileID: 0},0,"{fileID: 2074923487, guid: 26649cd76f3316af2e6855cbbdd37c33, type: 3}",2074923487,26649cd76f3316af2e6855cbbdd37c33,Assets/Plugins/TeamSoda.Duckov.Utilities.dll,0,1,0
Formula_Medic,Assets/MonoBehaviour/Formula_Medic.asset,TeamSoda.Duckov.Utilities,26649cd76f3316af2e6855cbbdd37c33,2074923487,"{r: 0.7058824, g: 0.21284378, b: 0.14901958, a: 1}",{fileID: 0},0,0,1,{fileID: 0},0,Formula_Medic,0,{fileID: 0},0,{fileID: 0},0,"{fileID: 2074923487, guid: 26649cd76f3316af2e6855cbbdd37c33, type: 3}",2074923487,26649cd76f3316af2e6855cbbdd37c33,Assets/Plugins/TeamSoda.Duckov.Utilities.dll,0,1,1
ColorCard,Assets/MonoBehaviour/ColorCard.asset,TeamSoda.Duckov.Utilities,26649cd76f3316af2e6855cbbdd37c33,2074923487,"{r: 0, g: 0, b: 0, a: 1}",{fileID: 0},0,0,1,{fileID: 0},0,ColorCard,0,{fileID: 0},0,{fileID: 0},0,"{fileID: 2074923487, guid: 26649cd76f3316af2e6855cbbdd37c33, type: 3}",2074923487,26649cd76f3316af2e6855cbbdd37c33,Assets/Plugins/TeamSoda.Duckov.Utilities.dll,0,0,0
Continer,Assets/MonoBehaviour/Continer.asset,TeamSoda.Duckov.Utilities,26649cd76f3316af2e6855cbbdd37c33,2074923487,"{r: 0, g: 0, b: 0, a: 1}",{fileID: 0},0,0,1,{fileID: 0},0,Continer,0,{fileID: 0},0,{fileID: 0},0,"{fileID: 2074923487, guid: 26649cd76f3316af2e6855cbbdd37c33, type: 3}",2074923487,26649cd76f3316af2e6855cbbdd37c33,Assets/Plugins/TeamSoda.Duckov.Utilities.dll,0,0,0
Grip,Assets/MonoBehaviour/Grip.asset,TeamSoda.Duckov.Utilities,26649cd76f3316af2e6855cbbdd37c33,2074923487,"{r: 0, g: 0, b: 0, a: 1}",{fileID: 0},0,0,1,{fileID: 0},0,Grip,0,{fileID: 0},0,{fileID: 0},0,"{fileID: 2074923487, guid: 26649cd76f3316af2e6855cbbdd37c33, type: 3}",2074923487,26649cd76f3316af2e6855cbbdd37c33,Assets/Plugins/TeamSoda.Duckov.Utilities.dll,0,1,0
Totem,Assets/MonoBehaviour/Totem.asset,TeamSoda.Duckov.Utilities,26649cd76f3316af2e6855cbbdd37c33,2074923487,"{r: 0, g: 0, b: 0, a: 1}",{fileID: 0},0,0,1,{fileID: 0},0,Totem,0,{fileID: 0},0,{fileID: 0},0,"{fileID: 2074923487, guid: 26649cd76f3316af2e6855cbbdd37c33, type: 3}",2074923487,26649cd76f3316af2e6855cbbdd37c33,Assets/Plugins/TeamSoda.Duckov.Utilities.dll,0,0,0
Earthworm,Assets/MonoBehaviour/Earthworm.asset,TeamSoda.Duckov.Utilities,26649cd76f3316af2e6855cbbdd37c33,2074923487,"{r: 0, g: 0, b: 0, a: 1}",{fileID: 0},0,0,1,{fileID: 0},0,Earthworm,0,{fileID: 0},0,{fileID: 0},0,"{fileID: 2074923487, guid: 26649cd76f3316af2e6855cbbdd37c33, type: 3}",2074923487,26649cd76f3316af2e6855cbbdd37c33,Assets/Plugins/TeamSoda.Duckov.Utilities.dll,0,0,0
Injector,Assets/MonoBehaviour/Injector.asset,TeamSoda.Duckov.Utilities,26649cd76f3316af2e6855cbbdd37c33,2074923487,"{r: 0.3726415, g: 0.570319, b: 1, a: 1}",{fileID: 0},0,0,1,{fileID: 0},0,Injector,0,{fileID: 0},0,{fileID: 0},0,"{fileID: 2074923487, guid: 26649cd76f3316af2e6855cbbdd37c33, type: 3}",2074923487,26649cd76f3316af2e6855cbbdd37c33,Assets/Plugins/TeamSoda.Duckov.Utilities.dll,0,1,0
