goName,kind,itemTypeID,itemKeyOrName,displayNameEN,displayNameZH,scenePath,sceneDir,worldX,worldY,worldZ,sceneIds
LootBox_Formula_Formula_FirstAidKit_M,formula,738,Item_Formula_FirstAidKit_M,Recipe: First Aid Kit,配方：急救箱,Assets/Scenes/Level_DemoChallenge/Level_DemoChallenge_1.unity,Assets/Scenes/Level_DemoChallenge,451.39,0.0,285.09,Level_DemoChallenge_1
LootBox_Formula_BP_PM,formula,,Item_BP_PM,Blueprint: PM,蓝图：PM,Assets/Scenes/Level_DemoChallenge/Level_DemoChallenge_1.unity,Assets/Scenes/Level_DemoChallenge,351.99,-0.0054807663,122.41,Level_DemoChallenge_1
LootBox_Formula_BP_GPU_Potato,formula,,Item_BP_GPU_Potato,Blueprint: Potato Graphics Card,蓝图：土豆显卡,Assets/Scenes/Level_DemoChallenge/Level_DemoChallenge_1.unity,Assets/Scenes/Level_DemoChallenge,504.17,-0.044,164.27,Level_DemoChallenge_1
LootBox_Formula_BP_TOZ106,formula,,Item_BP_TOZ106,Blueprint: TOZ-106,蓝图：TOZ-106,Assets/Scenes/Level_DemoChallenge/Level_DemoChallenge_1.unity,Assets/Scenes/Level_DemoChallenge,210.41,24.79,288.94,Level_DemoChallenge_1
LootBox_Formula_Formula_WD40,formula,378,Item_Formula_WD40,Recipe: MD40,配方：MD40,Assets/Scenes/Level_DemoChallenge/Level_DemoChallenge_1.unity,Assets/Scenes/Level_DemoChallenge,203.51,-0.039,150.92,Level_DemoChallenge_1
LootBox_Formula_Formula_Cable,formula,383,Item_Formula_Cable,Recipe: Power Cord,配方：电源线,Assets/Scenes/Level_DemoChallenge/Level_DemoChallenge_1.unity,Assets/Scenes/Level_DemoChallenge,475.307,0.003,244.639,Level_DemoChallenge_1
LootBox_Formula_BP_HAND,formula,,Item_BP_HAND,Blueprint: Homemade Shotgun,蓝图：土制猎枪,Assets/Scenes/Level_DemoChallenge/Level_DemoChallenge_1.unity,Assets/Scenes/Level_DemoChallenge,281.72,-0.015,254.35,Level_DemoChallenge_1
LootBox_Formula_BP_ArrowExplosion,formula,,Item_BP_ArrowExplosion,Blueprint: Explosive Arrow,蓝图：爆炸箭,Assets/Scenes/Level_DemoChallenge/Level_DemoChallenge_1.unity,Assets/Scenes/Level_DemoChallenge,437.283,3.884,201.184,Level_DemoChallenge_1
LootBox_Formula_Formula_Wrench03,formula,382,Item_Formula_Wrench03,Recipe: Crowbar,配方：撬棍,Assets/Scenes/Level_DemoChallenge/Level_DemoChallenge_1.unity,Assets/Scenes/Level_DemoChallenge,332.67,14.98,227.65,Level_DemoChallenge_1
LootBox_Formula_BP_TOZ66,formula,,Item_BP_TOZ66,Blueprint: TOZ-66,蓝图：TOZ-66,Assets/Scenes/Level_DemoChallenge/Level_DemoChallenge_1.unity,Assets/Scenes/Level_DemoChallenge,300.03,-7.999,159.7,Level_DemoChallenge_1
LootBox_Formula_Formula_Trap,formula,377,Item_Formula_Trap,Recipe:\ Animal\ Trap,配方：捕兽夹,Assets/Scenes/Level_DemoChallenge/Level_DemoChallenge_1.unity,Assets/Scenes/Level_DemoChallenge,505.615,-0.018,224.909,Level_DemoChallenge_1
LootBox_Formula_Formula_CircuitBoard,formula,387,Item_Formula_CircuitBoard,Recipe: Circuit Board,配方：电路板,Assets/Scenes/Level_DemoChallenge/Level_DemoChallenge_1.unity,Assets/Scenes/Level_DemoChallenge,334.619,0.36,280.056,Level_DemoChallenge_1
LootBox_Formula_BP_TOZ106,formula,,Item_BP_TOZ106,Blueprint: TOZ-106,蓝图：TOZ-106,Assets/Scenes/Level_GroundZero/Level_GroundZero_1.unity,Assets/Scenes/Level_GroundZero,210.41,24.79,288.94,Level_GroundZero_1;Level_GroundZero_Cave
LootBox_Formula_Formula_Cable,formula,383,Item_Formula_Cable,Recipe: Power Cord,配方：电源线,Assets/Scenes/Level_GroundZero/Level_GroundZero_1.unity,Assets/Scenes/Level_GroundZero,475.307,0.003,244.639,Level_GroundZero_1;Level_GroundZero_Cave
LootBox_Formula_BP_ArrowExplosion,formula,,Item_BP_ArrowExplosion,Blueprint: Explosive Arrow,蓝图：爆炸箭,Assets/Scenes/Level_GroundZero/Level_GroundZero_1.unity,Assets/Scenes/Level_GroundZero,437.283,3.884,201.184,Level_GroundZero_1;Level_GroundZero_Cave
LootBox_Formula_BP_HAND,formula,,Item_BP_HAND,Blueprint: Homemade Shotgun,蓝图：土制猎枪,Assets/Scenes/Level_GroundZero/Level_GroundZero_1.unity,Assets/Scenes/Level_GroundZero,281.72,-0.015,254.35,Level_GroundZero_1;Level_GroundZero_Cave
LootBox_Formula_Formula_WD40,formula,378,Item_Formula_WD40,Recipe: MD40,配方：MD40,Assets/Scenes/Level_GroundZero/Level_GroundZero_1.unity,Assets/Scenes/Level_GroundZero,203.51,-0.039,150.92,Level_GroundZero_1;Level_GroundZero_Cave
LootBox_Formula_Formula_Wrench03,formula,382,Item_Formula_Wrench03,Recipe: Crowbar,配方：撬棍,Assets/Scenes/Level_GroundZero/Level_GroundZero_1.unity,Assets/Scenes/Level_GroundZero,332.67,14.98,227.65,Level_GroundZero_1;Level_GroundZero_Cave
LootBox_Formula_Formula_Jinitaimei,formula,396,Item_Formula_Jinitaimei,Recipe: Black Potion,配方：黑色药剂,Assets/Scenes/Level_GroundZero/Level_GroundZero_1.unity,Assets/Scenes/Level_GroundZero,476.6065372482314,-0.010046129999990328,197.93463288412713,Level_GroundZero_1;Level_GroundZero_Cave
LootBox_Formula_BP_GPU_Potato,formula,,Item_BP_GPU_Potato,Blueprint: Potato Graphics Card,蓝图：土豆显卡,Assets/Scenes/Level_GroundZero/Level_GroundZero_1.unity,Assets/Scenes/Level_GroundZero,504.17,-0.044,164.27,Level_GroundZero_1;Level_GroundZero_Cave
LootBox_Formula_Formula_FirstAidKit_M,formula,738,Item_Formula_FirstAidKit_M,Recipe: First Aid Kit,配方：急救箱,Assets/Scenes/Level_GroundZero/Level_GroundZero_1.unity,Assets/Scenes/Level_GroundZero,451.39,0.0,285.09,Level_GroundZero_1;Level_GroundZero_Cave
LootBox_Formula_BP_TOZ66,formula,,Item_BP_TOZ66,Blueprint: TOZ-66,蓝图：TOZ-66,Assets/Scenes/Level_GroundZero/Level_GroundZero_1.unity,Assets/Scenes/Level_GroundZero,300.03,-7.999,159.7,Level_GroundZero_1;Level_GroundZero_Cave
LootBox_Formula_BP_PM,formula,,Item_BP_PM,Blueprint: PM,蓝图：PM,Assets/Scenes/Level_GroundZero/Level_GroundZero_1.unity,Assets/Scenes/Level_GroundZero,328.59,-0.0054807663,78.07,Level_GroundZero_1;Level_GroundZero_Cave
LootBox_Formula_Formula_Trap,formula,377,Item_Formula_Trap,Recipe:\ Animal\ Trap,配方：捕兽夹,Assets/Scenes/Level_GroundZero/Level_GroundZero_1.unity,Assets/Scenes/Level_GroundZero,505.615,-0.018,224.909,Level_GroundZero_1;Level_GroundZero_Cave
LootBox_Formula_Formula_CircuitBoard,formula,387,Item_Formula_CircuitBoard,Recipe: Circuit Board,配方：电路板,Assets/Scenes/Level_GroundZero/Level_GroundZero_1.unity,Assets/Scenes/Level_GroundZero,334.619,0.36,280.056,Level_GroundZero_1;Level_GroundZero_Cave
LootBox_Formula_BP_Bullet_Energy_S,formula,,Item_BP_Bullet_Energy_S,Blueprint: Small Energy Ammo,蓝图：小型能量弹药,Assets/Scenes/Level_GroundZero/Level_GroundZero_Cave.unity,Assets/Scenes/Level_GroundZero,582.83,-0.0018312931,561.6972,Level_GroundZero_1;Level_GroundZero_Cave
LootBox_Formula_BP_CubeGun,formula,,Item_BP_CubeGun,Blueprint: Cube Gun,蓝图：方块枪,Assets/Scenes/Level_GroundZero/Level_GroundZero_Cave.unity,Assets/Scenes/Level_GroundZero,581.43,-0.0018312931,561.6972,Level_GroundZero_1;Level_GroundZero_Cave
LootBox_Formula_BP_AR_AK47_Fire,formula,,BP_AR_AK47_Fire,Blueprint: Flaming AK-47,蓝图：带火AK47,Assets/Scenes/Level_GroundZero/Level_GroundZero_Cave.unity,Assets/Scenes/Level_GroundZero,582.139995,-0.00183099999999925,562.82002,Level_GroundZero_1;Level_GroundZero_Cave
LootBox_Formula_Formula_Trap,formula,377,Item_Formula_Trap,Recipe:\ Animal\ Trap,配方：捕兽夹,Assets/Scenes/Level_Guide/Level_Guide_1.unity,Assets/Scenes/Level_Guide,505.615,-0.018,224.909,Level_Guide_1;Level_Guide_2
LootBox_Formula_Formula_WD40,formula,378,Item_Formula_WD40,Recipe: MD40,配方：MD40,Assets/Scenes/Level_Guide/Level_Guide_1.unity,Assets/Scenes/Level_Guide,203.51,-0.039,150.92,Level_Guide_1;Level_Guide_2
LootBox_Formula_Formula_Wrench03,formula,382,Item_Formula_Wrench03,Recipe: Crowbar,配方：撬棍,Assets/Scenes/Level_Guide/Level_Guide_1.unity,Assets/Scenes/Level_Guide,332.67,14.98,227.65,Level_Guide_1;Level_Guide_2
LootBox_Formula_BP_AK74U,formula,,Item_BP_AK74U,Blueprint: AK-74U,蓝图：AK-74U,Assets/Scenes/Level_Guide/Level_Guide_1.unity,Assets/Scenes/Level_Guide,300.03,-7.999,159.7,Level_Guide_1;Level_Guide_2
LootBox_Formula_BP_HAND,formula,,Item_BP_HAND,Blueprint: Homemade Shotgun,蓝图：土制猎枪,Assets/Scenes/Level_Guide/Level_Guide_1.unity,Assets/Scenes/Level_Guide,281.72,-0.015,254.35,Level_Guide_1;Level_Guide_2
LootBox_Formula_Formula_Cable,formula,383,Item_Formula_Cable,Recipe: Power Cord,配方：电源线,Assets/Scenes/Level_Guide/Level_Guide_1.unity,Assets/Scenes/Level_Guide,475.307,0.003,244.639,Level_Guide_1;Level_Guide_2
LootBox_Formula_BP_MP155,formula,,Item_BP_MP155,Blueprint: MP-155,蓝图：MP-155,Assets/Scenes/Level_Guide/Level_Guide_1.unity,Assets/Scenes/Level_Guide,219.62,24.79,291.58,Level_Guide_1;Level_Guide_2
LootBox_Formula_BP_Bullet_ARR_Explosion,formula,,Item_Bullet_ARR_Explosion,Explosive Arrow,爆炸矢,Assets/Scenes/Level_Guide/Level_Guide_1.unity,Assets/Scenes/Level_Guide,437.283,3.884,201.184,Level_Guide_1;Level_Guide_2
LootBox_Formula_Formula_CircuitBoard,formula,387,Item_Formula_CircuitBoard,Recipe: Circuit Board,配方：电路板,Assets/Scenes/Level_Guide/Level_Guide_1.unity,Assets/Scenes/Level_Guide,334.619,0.36,280.056,Level_Guide_1;Level_Guide_2
LootBox_Formula_BP_GPU_Potato,formula,,Item_BP_GPU_Potato,Blueprint: Potato Graphics Card,蓝图：土豆显卡,Assets/Scenes/Level_Guide/Level_Guide_1.unity,Assets/Scenes/Level_Guide,504.17,-0.044,164.27,Level_Guide_1;Level_Guide_2
LootBox_Formula_BP_GLick,formula,,Item_BP_Glick,Blueprint: Glick,蓝图：Glick,Assets/Scenes/Level_Guide/Level_Guide_1.unity,Assets/Scenes/Level_Guide,352.51,-0.015,122.33,Level_Guide_1;Level_Guide_2
LootBox_Formula_Formula_Trap,formula,377,Item_Formula_Trap,Recipe:\ Animal\ Trap,配方：捕兽夹,Assets/Scenes/Level_Guide/Level_Guide_2.unity,Assets/Scenes/Level_Guide,745.0417600000001,-0.018,211.339496,Level_Guide_1;Level_Guide_2
LootBox_Formula_Formula_WD40,formula,378,Item_Formula_WD40,Recipe: MD40,配方：MD40,Assets/Scenes/Level_Guide/Level_Guide_2.unity,Assets/Scenes/Level_Guide,442.93676,-0.039,137.350496,Level_Guide_1;Level_Guide_2
LootBox_Formula_Formula_Wrench03,formula,382,Item_Formula_Wrench03,Recipe: Crowbar,配方：撬棍,Assets/Scenes/Level_Guide/Level_Guide_2.unity,Assets/Scenes/Level_Guide,572.09676,14.98,214.080496,Level_Guide_1;Level_Guide_2
LootBox_Formula_BP_AK74U,formula,,Item_BP_AK74U,Blueprint: AK-74U,蓝图：AK-74U,Assets/Scenes/Level_Guide/Level_Guide_2.unity,Assets/Scenes/Level_Guide,539.45676,-7.999,146.130496,Level_Guide_1;Level_Guide_2
LootBox_Formula_BP_HAND,formula,,Item_BP_HAND,Blueprint: Homemade Shotgun,蓝图：土制猎枪,Assets/Scenes/Level_Guide/Level_Guide_2.unity,Assets/Scenes/Level_Guide,521.1467600000001,-0.015,240.780496,Level_Guide_1;Level_Guide_2
LootBox_Formula_Formula_Cable,formula,383,Item_Formula_Cable,Recipe: Power Cord,配方：电源线,Assets/Scenes/Level_Guide/Level_Guide_2.unity,Assets/Scenes/Level_Guide,714.7337600000001,0.003,231.06949600000002,Level_Guide_1;Level_Guide_2
LootBox_Formula_BP_MP155,formula,,Item_BP_MP155,Blueprint: MP-155,蓝图：MP-155,Assets/Scenes/Level_Guide/Level_Guide_2.unity,Assets/Scenes/Level_Guide,459.04676,24.79,278.010496,Level_Guide_1;Level_Guide_2
LootBox_Formula_BP_Bullet_ARR_Explosion,formula,,Item_Bullet_ARR_Explosion,Explosive Arrow,爆炸矢,Assets/Scenes/Level_Guide/Level_Guide_2.unity,Assets/Scenes/Level_Guide,676.70976,3.884,187.614496,Level_Guide_1;Level_Guide_2
LootBox_Formula_Formula_CircuitBoard,formula,387,Item_Formula_CircuitBoard,Recipe: Circuit Board,配方：电路板,Assets/Scenes/Level_Guide/Level_Guide_2.unity,Assets/Scenes/Level_Guide,574.04576,0.36,266.486496,Level_Guide_1;Level_Guide_2
LootBox_Formula_BP_GPU_Potato,formula,,Item_BP_GPU_Potato,Blueprint: Potato Graphics Card,蓝图：土豆显卡,Assets/Scenes/Level_Guide/Level_Guide_2.unity,Assets/Scenes/Level_Guide,743.59676,-0.044,150.70049600000002,Level_Guide_1;Level_Guide_2
LootBox_Formula_BP_GLick,formula,,Item_BP_Glick,Blueprint: Glick,蓝图：Glick,Assets/Scenes/Level_Guide/Level_Guide_2.unity,Assets/Scenes/Level_Guide,591.93676,-0.015,108.760496,Level_Guide_1;Level_Guide_2
LootBox_Formula_Formula_Injection_ElecResist,formula,410,Item_Formula_Injection_ElecResist,Recipe: Electric RES Injector,配方：抗电性针,Assets/Scenes/Level_HiddenWarehouse/Level_HiddenWarehouse.unity,Assets/Scenes/Level_HiddenWarehouse,294.438,0.909,206.382,Level_HiddenWarehouse;Level_HiddenWarehouse_CellarUnderGround
LootBox_Formula_BP_MMG,formula,,Item_BP_MMG,Blueprint: MMG,蓝图：MMG,Assets/Scenes/Level_HiddenWarehouse/Level_HiddenWarehouse.unity,Assets/Scenes/Level_HiddenWarehouse,58.375,0.643,225.297,Level_HiddenWarehouse;Level_HiddenWarehouse_CellarUnderGround
LootBox_Formula_BP_ADAR,formula,,Item_BP_ADAR,Blueprint: ADAR 2-15,蓝图：ADAR 2-15,Assets/Scenes/Level_HiddenWarehouse/Level_HiddenWarehouse.unity,Assets/Scenes/Level_HiddenWarehouse,324.467,1.188,240.894,Level_HiddenWarehouse;Level_HiddenWarehouse_CellarUnderGround
LootBox_Formula_BP_GasMask,formula,,Item_BP_GasMask,Blueprint: Gas Mask,蓝图：防毒面具,Assets/Scenes/Level_HiddenWarehouse/Level_HiddenWarehouse.unity,Assets/Scenes/Level_HiddenWarehouse,369.477,0.003,308.961,Level_HiddenWarehouse;Level_HiddenWarehouse_CellarUnderGround
LootBox_Formula_Formula_Injection_PainResist,formula,411,Item_Formula_Injection_PainResist,Recipe: Painkiller,配方：镇痛剂,Assets/Scenes/Level_HiddenWarehouse/Level_HiddenWarehouse.unity,Assets/Scenes/Level_HiddenWarehouse,403.699,0.917,175.058,Level_HiddenWarehouse;Level_HiddenWarehouse_CellarUnderGround
LootBox_Formula_BP_UAK45,formula,,Item_BP_UAK45,Blueprint: UAK-45,蓝图：UAK-45,Assets/Scenes/Level_HiddenWarehouse/Level_HiddenWarehouse.unity,Assets/Scenes/Level_HiddenWarehouse,294.39,0.294,213.53,Level_HiddenWarehouse;Level_HiddenWarehouse_CellarUnderGround
LootBox_Formula_BP_ADAR,formula,,Item_BP_ADAR,Blueprint: ADAR 2-15,蓝图：ADAR 2-15,Assets/Scenes/Level_HiddenWarehouse/Level_HiddenWarehouse.unity,Assets/Scenes/Level_HiddenWarehouse,324.467,1.188,240.894,Level_HiddenWarehouse;Level_HiddenWarehouse_CellarUnderGround
LootBox_Formula_BP_GasMask,formula,,Item_BP_GasMask,Blueprint: Gas Mask,蓝图：防毒面具,Assets/Scenes/Level_HiddenWarehouse/Level_HiddenWarehouse.unity,Assets/Scenes/Level_HiddenWarehouse,369.477,0.003,308.961,Level_HiddenWarehouse;Level_HiddenWarehouse_CellarUnderGround
LootBox_Formula_Formula_Injection_PainResist,formula,411,Item_Formula_Injection_PainResist,Recipe: Painkiller,配方：镇痛剂,Assets/Scenes/Level_HiddenWarehouse/Level_HiddenWarehouse.unity,Assets/Scenes/Level_HiddenWarehouse,403.699,0.917,175.058,Level_HiddenWarehouse;Level_HiddenWarehouse_CellarUnderGround
LootBox_Formula_BP_MMG,formula,,Item_BP_MMG,Blueprint: MMG,蓝图：MMG,Assets/Scenes/Level_HiddenWarehouse/Level_HiddenWarehouse.unity,Assets/Scenes/Level_HiddenWarehouse,58.375,0.643,225.297,Level_HiddenWarehouse;Level_HiddenWarehouse_CellarUnderGround
LootBox_Formula_Formula_Injection_ElecResist,formula,410,Item_Formula_Injection_ElecResist,Recipe: Electric RES Injector,配方：抗电性针,Assets/Scenes/Level_HiddenWarehouse/Level_HiddenWarehouse.unity,Assets/Scenes/Level_HiddenWarehouse,294.438,0.909,206.382,Level_HiddenWarehouse;Level_HiddenWarehouse_CellarUnderGround
LootBox_Formula_BP_UAK45,formula,,Item_BP_UAK45,Blueprint: UAK-45,蓝图：UAK-45,Assets/Scenes/Level_HiddenWarehouse/Level_HiddenWarehouse.unity,Assets/Scenes/Level_HiddenWarehouse,294.39,0.294,213.53,Level_HiddenWarehouse;Level_HiddenWarehouse_CellarUnderGround
LootBox_Formula_Formula_UVBulb2,formula,842,Item_Formula_UVBulb2,Recipe: UV Light,配方：紫外灯,Assets/Scenes/Level_HiddenWarehouse/Level_HiddenWarehouse.unity,Assets/Scenes/Level_HiddenWarehouse,140.61,-0.026,318.67,Level_HiddenWarehouse;Level_HiddenWarehouse_CellarUnderGround
LootBox_Formula_Formula_Drum4,formula,846,Item_Formula_Drum4,Recipe: Metal Fuel Drum,配方：金属油桶,Assets/Scenes/Level_HiddenWarehouse/Level_HiddenWarehouse.unity,Assets/Scenes/Level_HiddenWarehouse,57.076,-0.06,71.561,Level_HiddenWarehouse;Level_HiddenWarehouse_CellarUnderGround
LootBox_Formula_Formula_UVBulb2,formula,842,Item_Formula_UVBulb2,Recipe: UV Light,配方：紫外灯,Assets/Scenes/Level_HiddenWarehouse/Level_HiddenWarehouse.unity,Assets/Scenes/Level_HiddenWarehouse,140.61,-0.026,318.67,Level_HiddenWarehouse;Level_HiddenWarehouse_CellarUnderGround
LootBox_Formula_Formula_Drum4,formula,846,Item_Formula_Drum4,Recipe: Metal Fuel Drum,配方：金属油桶,Assets/Scenes/Level_HiddenWarehouse/Level_HiddenWarehouse.unity,Assets/Scenes/Level_HiddenWarehouse,57.076,-0.06,71.561,Level_HiddenWarehouse;Level_HiddenWarehouse_CellarUnderGround
LootBox_Formula_Formula_Injection_HotBlood,formula,439,Item_Formula_Injection_HotBlood,Recipe: Hot-Blood Injector,配方：热血针剂,Assets/Scenes/Level_HiddenWarehouse/Level_HiddenWarehouse_CellarUnderGround.unity,Assets/Scenes/Level_HiddenWarehouse,636.08708,0.0,92.658705,Level_HiddenWarehouse;Level_HiddenWarehouse_CellarUnderGround
LootBox_Formula_BP_PP19Bizon,formula,,Item_BP_PP19Bizon,Blueprint: Bizon-2,蓝图：Bizon-2,Assets/Scenes/Level_HiddenWarehouse/Level_HiddenWarehouse_CellarUnderGround.unity,Assets/Scenes/Level_HiddenWarehouse,740.38508,0.0,66.43170500000001,Level_HiddenWarehouse;Level_HiddenWarehouse_CellarUnderGround
LootBox_Formula_BP_GLick,formula,,Item_BP_Glick,Blueprint: Glick,蓝图：Glick,Assets/Scenes/Level_HiddenWarehouse/Level_HiddenWarehouse_CellarUnderGround.unity,Assets/Scenes/Level_HiddenWarehouse,654.54505,0.0,105.65170499999999,Level_HiddenWarehouse;Level_HiddenWarehouse_CellarUnderGround
LootBox_Formula_BP_ArmorLV5_2,formula,824,Item_Quest_BlueprintPieces_MF_2,MF Blueprint Fragment 2,MF蓝图碎片2,Assets/Scenes/Level_JLab/Level_JLab_1.unity,Assets/Scenes/Level_JLab,24.154,0.0,33.471,Level_JLab_1;Level_JLab_2
LootBox_Formula_BP_ColorMonitor,formula,,Item_BP_ColorMonitor,Blueprint: Color Monitor,蓝图：彩色显示器,Assets/Scenes/Level_JLab/Level_JLab_1.unity,Assets/Scenes/Level_JLab,-78.099976,0.0,-91.70001,Level_JLab_1;Level_JLab_2
LootBox_Formula_BP_Bullet_SNP_Piercing4,formula,,Item_BP_Bullet_SNP_Piercing4,Blueprint:\ Advanced\ AP\ Sniper\ Bullet,蓝图：高级穿甲狙击弹,Assets/Scenes/Level_JLab/Level_JLab_1.unity,Assets/Scenes/Level_JLab,-97.11,0.0,10.21,Level_JLab_1;Level_JLab_2
LootBox_Formula_BP_VSS,formula,,Item_BP_VSS,Blueprint: VSS,蓝图：VSS,Assets/Scenes/Level_JLab/Level_JLab_1.unity,Assets/Scenes/Level_JLab,-11.930969,0.0,-106.21002,Level_JLab_1;Level_JLab_2
LootBox_Formula_BP_ThermalVisionGoggles,formula,,Item_BP_ThermalVisionGoggles,Blueprint: T-7 Thermal Goggles,蓝图：T-7热成像目镜,Assets/Scenes/Level_JLab/Level_JLab_1.unity,Assets/Scenes/Level_JLab,130.1,0.0,-119.48,Level_JLab_1;Level_JLab_2
LootBox_Formula_BP_Bullet_BR_Piercing5,formula,,Item_BP_Bullet_BR_Piercing5,Blueprint:\ Advanced\ AP\ Bullet\ \(L\),蓝图：L-高级穿甲弹,Assets/Scenes/Level_JLab/Level_JLab_1.unity,Assets/Scenes/Level_JLab,144.452,0.0,-67.977,Level_JLab_1;Level_JLab_2
LootBox_Formula_BP_M1A,formula,,Item_BP_M1A,Blueprint: M1A,蓝图：M1A,Assets/Scenes/Level_JLab/Level_JLab_2.unity,Assets/Scenes/Level_JLab,396.123194,0.0,-73.21,Level_JLab_1;Level_JLab_2
LootBox_Formula_BP_GPUSLI,formula,,Item_BP_GPUSLI,Graphics Card SLI,显示卡SLI,Assets/Scenes/Level_JLab/Level_JLab_2.unity,Assets/Scenes/Level_JLab,332.57320000000004,0.0,5.31,Level_JLab_1;Level_JLab_2
LootBox_Formula_BP_DTMDR762,formula,,Item_BP_DTMDR762,Blueprint: DT MDR-762,蓝图：DT MDR-762,Assets/Scenes/Level_JLab/Level_JLab_2.unity,Assets/Scenes/Level_JLab,483.613215,0.0,-25.61,Level_JLab_1;Level_JLab_2
LootBox_Formula_BP_Bullet_MAG_Piercing4,formula,,Item_BP_Bullet_MAG_Piercing4,Blueprint:\ Advanced\ AP\ Bullet\ \(MAG\),蓝图：MAG-高级穿甲弹,Assets/Scenes/Level_JLab/Level_JLab_2.unity,Assets/Scenes/Level_JLab,467.9732,-3.99,-86.29,Level_JLab_1;Level_JLab_2
LootBox_Formula_BP_Bullet_SMG_Piercing5,formula,,Item_BP_Bullet_SMG_Piercing5,Blueprint:\ Advanced\ AP\ Bullet\ \(S\),蓝图：S-高级穿甲弹,Assets/Scenes/Level_OpenWorldTest/Level_Farm_01.unity,Assets/Scenes/Level_OpenWorldTest,188.96,0.999,353.33,Level_Farm_01;Level_Farm_JLab_Facility
LootBox_Formula_BP_NightVisionGoggles,formula,,Item_BP_NightVisionGoggles,Blueprint: Night Vision Goggles,蓝图：夜视仪,Assets/Scenes/Level_OpenWorldTest/Level_Farm_01.unity,Assets/Scenes/Level_OpenWorldTest,670.58,0.0,96.65,Level_Farm_01;Level_Farm_JLab_Facility
LootBox_Formula_BP_Mosin,formula,,Item_BP_Mosin,Blueprint: Mosin-Nagant,蓝图：Mosin-Nagant,Assets/Scenes/Level_OpenWorldTest/Level_Farm_01.unity,Assets/Scenes/Level_OpenWorldTest,794.53,1.557,560.1,Level_Farm_01;Level_Farm_JLab_Facility
LootBox_Formula_BP_Desert,formula,,Item_BP_Desert,Blueprint: Desert Eagle,蓝图：沙漠之鹰,Assets/Scenes/Level_OpenWorldTest/Level_Farm_01.unity,Assets/Scenes/Level_OpenWorldTest,558.49,-8.016,707.9,Level_Farm_01;Level_Farm_JLab_Facility
LootBox_Formula_BP_Bullet_AR_Piercing5,formula,,Item_BP_Bullet_AR_Piercing5,Blueprint:\ Advanced\ AP\ Bullet\ \(AR\),蓝图：AR-高级穿甲弹,Assets/Scenes/Level_OpenWorldTest/Level_Farm_01.unity,Assets/Scenes/Level_OpenWorldTest,306.57,0.308,771.74,Level_Farm_01;Level_Farm_JLab_Facility
LootBox_Formula_BP_Bullet_SHT_Piercing5,formula,,Item_BP_Bullet_SHT_Piercing5,Blueprint:\ Advanced\ AP\ Shotgun\ Shell,蓝图：高级穿甲霰弹,Assets/Scenes/Level_OpenWorldTest/Level_Farm_01.unity,Assets/Scenes/Level_OpenWorldTest,543.36,0.029,223.32,Level_Farm_01;Level_Farm_JLab_Facility
LootBox_Formula_BP_Bullet_Poop_Normal,formula,,Item_BP_Bullet_Poop_Normal,Blueprint: Poop Bullet,蓝图：屎弹,Assets/Scenes/Level_OpenWorldTest/Level_Farm_01.unity,Assets/Scenes/Level_OpenWorldTest,623.006,0.855,584.322,Level_Farm_01;Level_Farm_JLab_Facility
LootBox_Formula_BP_AUGA3,formula,,Item_BP_AUGA3,Blueprint: StG 77A3,蓝图：StG 77A3,Assets/Scenes/Level_OpenWorldTest/Level_Farm_01.unity,Assets/Scenes/Level_OpenWorldTest,410.69,0.026,563.21,Level_Farm_01;Level_Farm_JLab_Facility
LootBox_Formula_BP_ToxGrenade,formula,,Item_BP_ToxGrenade,Blueprint:\ Poison\ Gas\ Grenade,蓝图：毒雾弹,Assets/Scenes/Level_OpenWorldTest/Level_Farm_01.unity,Assets/Scenes/Level_OpenWorldTest,420.724,0.026,729.203,Level_Farm_01;Level_Farm_JLab_Facility
LootBox_Formula_BP_ArmorLV5,formula,,Item_BP_ArmorLV5,Blueprint:\ Lv\.5\ Body\ Armor,蓝图：五级防弹衣,Assets/Scenes/Level_OpenWorldTest/Level_Farm_01.unity,Assets/Scenes/Level_OpenWorldTest,767.32,0.601,181.281,Level_Farm_01;Level_Farm_JLab_Facility
LootBox_Formula_BP_MP5,formula,,Item_BP_MP5,Blueprint: MP5,蓝图：MP5,Assets/Scenes/Level_OpenWorldTest/Level_Farm_01.unity,Assets/Scenes/Level_OpenWorldTest,400.086,0.04,285.117,Level_Farm_01;Level_Farm_JLab_Facility
LootBox_Formula_BP_ElecGrenade,formula,,Item_BP_ElecGrenade,Blueprint:\ Electric\ Grenade,蓝图：电击手雷,Assets/Scenes/Level_OpenWorldTest/Level_Farm_01.unity,Assets/Scenes/Level_OpenWorldTest,627.678,0.0,523.93,Level_Farm_01;Level_Farm_JLab_Facility
LootBox_Formula_BP_SHT_Candy_Ghost,formula,,Item_BP_SHT_Candy_Ghost,Blueprint:\ Candy\ Gun,蓝图：糖果枪,Assets/Scenes/Level_OpenWorldTest/Level_Farm_01.unity,Assets/Scenes/Level_OpenWorldTest,538.24,-0.00182724,314.10999999999996,Level_Farm_01;Level_Farm_JLab_Facility
LootBox_Formula_BP_Bullet_Candy_Ghost,formula,,Item_BP_Bullet_Candy_Ghost,Blueprint:\ Candy\ Bullet,蓝图：糖豆子弹,Assets/Scenes/Level_OpenWorldTest/Level_Farm_01.unity,Assets/Scenes/Level_OpenWorldTest,390.067,-0.00182724,670.2610000000001,Level_Farm_01;Level_Farm_JLab_Facility
LootBox_Formula_BP_DTMDR556,formula,,Item_BP_DTMDR556,Blueprint: DT MDR-556,蓝图：DT MDR-556,Assets/Scenes/Level_OpenWorldTest/Level_Farm_01.unity,Assets/Scenes/Level_OpenWorldTest,172.608,2.87,462.616,Level_Farm_01;Level_Farm_JLab_Facility
LootBox_Formula_BP_NightVisionGoggles,formula,,Item_BP_NightVisionGoggles,Blueprint: Night Vision Goggles,蓝图：夜视仪,Assets/Scenes/Level_OpenWorldTest/Level_Farm_JLab_Facility.unity,Assets/Scenes/Level_OpenWorldTest,670.58,0.0,96.65,Level_Farm_01;Level_Farm_JLab_Facility
LootBox_Formula_Formula_Cable,formula,383,Item_Formula_Cable,Recipe: Power Cord,配方：电源线,Assets/Scenes/Level_OpenWorldTest/Level_Farm_JLab_Facility.unity,Assets/Scenes/Level_OpenWorldTest,816.91247,0.003,443.09554,Level_Farm_01;Level_Farm_JLab_Facility
LootBox_Formula_BP_HAND,formula,,Item_BP_HAND,Blueprint: Homemade Shotgun,蓝图：土制猎枪,Assets/Scenes/Level_OpenWorldTest/Level_Farm_JLab_Facility.unity,Assets/Scenes/Level_OpenWorldTest,623.3254400000001,-0.015,452.80654,Level_Farm_01;Level_Farm_JLab_Facility
LootBox_Formula_BP_AK74U,formula,,Item_BP_AK74U,Blueprint: AK-74U,蓝图：AK-74U,Assets/Scenes/Level_OpenWorldTest/Level_Farm_JLab_Facility.unity,Assets/Scenes/Level_OpenWorldTest,641.6355000000001,-7.999,358.15655,Level_Farm_01;Level_Farm_JLab_Facility
LootBox_Formula_BP_GPU_Potato,formula,,Item_BP_GPU_Potato,Blueprint: Potato Graphics Card,蓝图：土豆显卡,Assets/Scenes/Level_OpenWorldTest/Level_Farm_JLab_Facility.unity,Assets/Scenes/Level_OpenWorldTest,845.7755099999999,-0.044,362.72655999999995,Level_Farm_01;Level_Farm_JLab_Facility
LootBox_Formula_Formula_WD40,formula,378,Item_Formula_WD40,Recipe: MD40,配方：MD40,Assets/Scenes/Level_OpenWorldTest/Level_Farm_JLab_Facility.unity,Assets/Scenes/Level_OpenWorldTest,545.11548,-0.039,349.37652,Level_Farm_01;Level_Farm_JLab_Facility
LootBox_Formula_BP_MP155,formula,,Item_BP_MP155,Blueprint: MP-155,蓝图：MP-155,Assets/Scenes/Level_OpenWorldTest/Level_Farm_JLab_Facility.unity,Assets/Scenes/Level_OpenWorldTest,561.2254700000001,24.79,490.03653999999995,Level_Farm_01;Level_Farm_JLab_Facility
LootBox_Formula_BP_Bullet_ARR_Explosion,formula,,Item_Bullet_ARR_Explosion,Explosive Arrow,爆炸矢,Assets/Scenes/Level_OpenWorldTest/Level_Farm_JLab_Facility.unity,Assets/Scenes/Level_OpenWorldTest,778.88843,3.884,399.64056,Level_Farm_01;Level_Farm_JLab_Facility
LootBox_Formula_Formula_Wrench03,formula,382,Item_Formula_Wrench03,Recipe: Crowbar,配方：撬棍,Assets/Scenes/Level_OpenWorldTest/Level_Farm_JLab_Facility.unity,Assets/Scenes/Level_OpenWorldTest,674.2755099999999,14.98,426.10654,Level_Farm_01;Level_Farm_JLab_Facility
LootBox_Formula_Formula_CircuitBoard,formula,387,Item_Formula_CircuitBoard,Recipe: Circuit Board,配方：电路板,Assets/Scenes/Level_OpenWorldTest/Level_Farm_JLab_Facility.unity,Assets/Scenes/Level_OpenWorldTest,676.2244900000001,0.36,478.51253999999994,Level_Farm_01;Level_Farm_JLab_Facility
LootBox_Formula_Formula_Trap,formula,377,Item_Formula_Trap,Recipe:\ Animal\ Trap,配方：捕兽夹,Assets/Scenes/Level_OpenWorldTest/Level_Farm_JLab_Facility.unity,Assets/Scenes/Level_OpenWorldTest,847.22047,-0.018,423.36554,Level_Farm_01;Level_Farm_JLab_Facility
LootBox_Formula_BP_GLick,formula,,Item_BP_Glick,Blueprint: Glick,蓝图：Glick,Assets/Scenes/Level_OpenWorldTest/Level_Farm_JLab_Facility.unity,Assets/Scenes/Level_OpenWorldTest,694.11547,-0.015,320.78656,Level_Farm_01;Level_Farm_JLab_Facility
LootBox_Formula_BP_Desert,formula,,Item_BP_Desert,Blueprint: Desert Eagle,蓝图：沙漠之鹰,Assets/Scenes/Level_OpenWorldTest/Level_Farm_JLab_Facility.unity,Assets/Scenes/Level_OpenWorldTest,558.23,-8.016,705.8,Level_Farm_01;Level_Farm_JLab_Facility
LootBox_Formula_BP_Mosin,formula,,Item_BP_Mosin,Blueprint: Mosin-Nagant,蓝图：Mosin-Nagant,Assets/Scenes/Level_OpenWorldTest/Level_Farm_JLab_Facility.unity,Assets/Scenes/Level_OpenWorldTest,794.53,1.557,560.1,Level_Farm_01;Level_Farm_JLab_Facility
LootBox_Formula_BP_AUGA3,formula,,Item_BP_AUGA3,Blueprint: StG 77A3,蓝图：StG 77A3,Assets/Scenes/Level_OpenWorldTest/Level_Farm_JLab_Facility.unity,Assets/Scenes/Level_OpenWorldTest,410.69,0.026,563.21,Level_Farm_01;Level_Farm_JLab_Facility
LootBox_Formula_BP_DTMDR556,formula,,Item_BP_DTMDR556,Blueprint: DT MDR-556,蓝图：DT MDR-556,Assets/Scenes/Level_OpenWorldTest/Level_Farm_JLab_Facility.unity,Assets/Scenes/Level_OpenWorldTest,172.58,2.7856545,462.52002,Level_Farm_01;Level_Farm_JLab_Facility
LootBox_Formula_BP_MP5,formula,,Item_BP_MP5,Blueprint: MP5,蓝图：MP5,Assets/Scenes/Level_OpenWorldTest/Level_Farm_JLab_Facility.unity,Assets/Scenes/Level_OpenWorldTest,400.086,0.04,285.117,Level_Farm_01;Level_Farm_JLab_Facility
LootBox_Formula_BP_Bullet_Poop_Normal,formula,,Item_BP_Bullet_Poop_Normal,Blueprint: Poop Bullet,蓝图：屎弹,Assets/Scenes/Level_OpenWorldTest/Level_Farm_JLab_Facility.unity,Assets/Scenes/Level_OpenWorldTest,631.446,0.0,583.675,Level_Farm_01;Level_Farm_JLab_Facility
LootBox_Formula_BP_BackpackLV5,formula,,Item_BP_BackpackLV5,Blueprint:\ Military\ Backpack\ MAX,蓝图：行军背包MAX,Assets/Scenes/Level_StormZone/Level_StormZone_1.unity,Assets/Scenes/Level_StormZone,757.313,0.005,502.119,Level_stormZone_1;Level_stormZone_B0;Level_stormZone_B1;Level_stormZone_B2;Level_stormZone_B3;Level_stormZone_B4
LootBox_Formula_BP_BR_Storm_Space,formula,,Item_BP_BR_Storm_Space,Blueprint:\ Storm\ Gun,蓝图：风暴枪,Assets/Scenes/Level_StormZone/Level_StormZone_1.unity,Assets/Scenes/Level_StormZone,388.27,0.023159027,580.36,Level_stormZone_1;Level_stormZone_B0;Level_stormZone_B1;Level_stormZone_B2;Level_stormZone_B3;Level_stormZone_B4
LootBox_Formula_BP_Vector9,formula,,Item_BP_Vector9,Blueprint: Vector,蓝图：Vector,Assets/Scenes/Level_StormZone/Level_StormZone_1.unity,Assets/Scenes/Level_StormZone,409.083,0.005,411.403,Level_stormZone_1;Level_stormZone_B0;Level_stormZone_B1;Level_stormZone_B2;Level_stormZone_B3;Level_stormZone_B4
LootBox_Formula_BP_M14,formula,,Item_BP_M14,Blueprint: M14,蓝图：M14,Assets/Scenes/Level_StormZone/Level_StormZone_1.unity,Assets/Scenes/Level_StormZone,586.41,0.253,351.5,Level_stormZone_1;Level_stormZone_B0;Level_stormZone_B1;Level_stormZone_B2;Level_stormZone_B3;Level_stormZone_B4
LootBox_Formula_BP_Bullet_PWL_L,formula,,Item_BP_Bullet_PWL_L,Blueprint:\ Large\ Energy\ Bullet,蓝图：大型能量弹,Assets/Scenes/Level_StormZone/Level_StormZone_B2.unity,Assets/Scenes/Level_StormZone,774.4187999999999,0.0,270.42960000000005,Level_stormZone_1;Level_stormZone_B0;Level_stormZone_B1;Level_stormZone_B2;Level_stormZone_B3;Level_stormZone_B4
LootBox_Formula_BP_ASVAL,formula,,Item_BP_ASVAL,Blueprint: AS Val,蓝图：AS Val,Assets/Scenes/Level_StormZone/Level_StormZone_B3.unity,Assets/Scenes/Level_StormZone,314.14,0.0,150.20999999999998,Level_stormZone_1;Level_stormZone_B0;Level_stormZone_B1;Level_stormZone_B2;Level_stormZone_B3;Level_stormZone_B4
